policy,trial_id,checkpoint,seed,profile,direction,beta,hold_duration,pulse_duration,ramp_up_s,ramp_down_s,box_mass,peak_force_N,impulse_Ns,physical_failure,termination_reason,contact_loss,max_hand_box_relative_speed,box_displacement_along_force,robot_displacement_along_force,final_confirmed_carry,task_success,object2goal_distance_final,initial_state_signature_sha1,initial_state_signature_json,policy_label,scheduled_force,condition_id,trace_rows,force_trace_present,trace_start_policy_step,force_on_policy_step,force_onset_steps_from_trace_start,force_rows,response_rows,final_trace_impulse_Ns,peak_external_force_N,both_contact_response_rate,any_contact_loss_response,peak_response_rel_speed_mps,mean_response_rel_speed_mps,peak_box_lin_speed_mps,peak_box_ang_speed_radps,mean_resistive_hand_force_N,peak_resistive_hand_force_N,mean_force_closure_residual,peak_force_closure_residual,mean_combined_hand_proxy_N,mean_hand_load_asymmetry
official,T0001,legged_gym/resources/ckpt/carrybox.pt,1,smooth_hold,+box_x,0.1,0.5,0.1,0.15,0.15,1.125,1.1036250591278076,0.7173563032277261,0,,0,0.3915848135948181,-0.4339590072631836,-0.3137996792793274,1,0,0.5906431674957275,a53cc3ce3a4f72545746a960d85a88a4cb7c55c7,"{""box_angular_velocity"":[0.052813604,-0.61719048,0.097776957],""box_linear_velocity"":[0.099004641,0.001751654,-0.153116629],""box_mass"":1.125,""box_pose"":[0.551801264,2.9168e-05,0.133338079,-0.004432986,-0.004249552,0.764709413,0.64434588],""dof_position"":[-0.115173042,-0.065072939,-0.012358592,0.300250411,-0.195336118,-0.019023187,-0.082784377,0.029120825,0.001185866,0.296218812,-0.224485651,0.03952783,0.047393166,0.019156693,-0.040112525,-0.043044019,0.18166624,0.01203537,1.148338437,0.008116277,-0.077845,0.0535734,-0.03779199,-0.151439264,0.00798588,1.154733062,-0.111371197,0.014442713,-0.007521295],""dof_velocity"":[1.482986331,0.704375029,2.087523699,-2.442823648,1.301242709,0.711632967,1.513364434,-0.998464108,-1.990905046,-1.051187038,1.436469555,-2.257259369,-2.372486591,-0.354049146,0.600243926,2.464918852,-1.173290014,0.213889375,-1.471857548,-0.605653286,-0.288859844,1.063052773,-0.156218186,1.539268374,-0.361406863,1.440126061,-0.98511523,-1.490122795,-0.812418997],""goal"":[-3.450000048,0.0,0.144999996],""robot_root_angular_velocity"":[-0.641173482,0.957943201,1.16646862],""robot_root_linear_velocity"":[0.107856616,-0.061188579,0.207180321],""robot_root_pose"":[2.304545164,-0.000312981,0.805772603,0.016877364,0.006440008,0.99978596,-0.010084323]}",official carrybox.pt,True,1|smooth_hold|+box_x|0.1|0.5,1420,1,2,217.0,215.0,160,560,0.7173563032277261,1.1036250591278076,1.0,0.0,0.3915848135948181,0.20933085095270404,1.4301252365112305,2.4737894535064697,-1.330968145733433,17.593347549438477,0.1851756128985601,0.6086974143981934,3.6706310869992844,0.06082712590336991
official,T0002,legged_gym/resources/ckpt/carrybox.pt,1,smooth_hold,+box_x,0.1,1.0,0.1,0.15,0.15,1.125,1.103625,0.0,1,head_low,0,,,,0,0,4.00565767288208,8eaa02ad691fa7ba1759d8aad0dfec957888b0d7,"{""box_angular_velocity"":[-0.514533103,-0.088214532,0.006336175],""box_linear_velocity"":[0.082205363,-0.001952719,-0.16165711],""box_mass"":1.125,""box_pose"":[0.551490426,-3.0408e-05,0.133174583,-0.003792783,0.002809953,0.764303505,0.644839346],""dof_position"":[-0.115365975,-0.064493693,-0.012244629,0.300236672,-0.195333749,-0.019013571,-0.08334291,0.029650969,0.001274435,0.296205223,-0.224146992,0.039545443,0.047855414,0.019537466,-0.039965797,-0.042917531,0.181761712,0.012079612,1.148068905,0.007941407,-0.078025892,0.053601548,-0.037899453,-0.151337236,0.008065083,1.154471993,-0.111481667,0.014387042,-0.00755382],""dof_velocity"":[1.477406979,0.715834677,2.065957069,-2.441786766,1.304210067,0.716672838,1.498597622,-0.988804519,-2.012279987,-1.059867382,1.439237952,-2.252563477,-2.370433331,-0.344819427,0.619349778,2.460747004,-1.161747932,0.219978079,-1.464318633,-0.615747988,-0.310397536,1.063899279,-0.167820901,1.551432252,-0.360543162,1.435151935,-0.996951878,-1.500466704,-0.812795937],""goal"":[-3.450000048,0.0,0.144999996],""robot_root_angular_velocity"":[-0.625979483,0.956251979,1.147158504],""robot_root_linear_velocity"":[0.112184241,-0.060363512,0.208654389],""robot_root_pose"":[2.304617882,-0.00033184,0.805800736,0.016793169,0.006230244,0.999792099,-0.009736599]}",official carrybox.pt,False,1|smooth_hold|+box_x|0.1|1.0,816,0,358,,,0,0,0.0,,,,,,,,,,,,,
official,T0003,legged_gym/resources/ckpt/carrybox.pt,1,smooth_hold,+box_x,0.1,2.0,0.1,0.15,0.15,1.125,1.103625,0.0,1,box_tilt|timeout,0,,,,0,0,4.000012397766113,8686b8759e303de1b9dcd8c4226ee5761c093f21,"{""box_angular_velocity"":[0.052818909,-0.617193997,0.097779892],""box_linear_velocity"":[0.099004783,0.001751711,-0.153116554],""box_mass"":1.125,""box_pose"":[0.551801264,2.9169e-05,0.133338079,-0.004432955,-0.004249581,0.764709473,0.64434588],""dof_position"":[-0.115173273,-0.065072939,-0.012358559,0.300250351,-0.195336089,-0.019023187,-0.082784683,0.029120829,0.001185883,0.296218961,-0.224485591,0.03952783,0.047393195,0.019156681,-0.040112667,-0.043043997,0.18166624,0.012035387,1.148338437,0.008116276,-0.077845,0.0535734,-0.037792016,-0.151439279,0.007985869,1.154733062,-0.111371219,0.014442697,-0.007521289],""dof_velocity"":[1.482971191,0.704375625,2.087524414,-2.442824841,1.301244497,0.711632669,1.513340116,-0.998463988,-1.990904808,-1.051182866,1.436479807,-2.257259607,-2.372484446,-0.354048729,0.600233555,2.464917421,-1.173290372,0.213890702,-1.471856356,-0.605654061,-0.288861006,1.063053846,-0.156221375,1.539267898,-0.361408114,1.440126777,-0.985117376,-1.490123034,-0.812418342],""goal"":[-3.450000048,0.0,0.144999996],""robot_root_angular_velocity"":[-0.641172588,0.957930326,1.166464686],""robot_root_linear_velocity"":[0.107858129,-0.061188579,0.207180291],""robot_root_pose"":[2.304544687,-0.00031296,0.805772424,0.016877344,0.006440034,0.99978596,-0.010084333]}",official carrybox.pt,False,1|smooth_hold|+box_x|0.1|2.0,6004,0,563,,,0,0,0.0,,,,,,,,,,,,,
official,T0004,legged_gym/resources/ckpt/carrybox.pt,1,smooth_hold,+box_x,0.3,0.5,0.1,0.15,0.15,1.125,3.310875,0.0,1,timeout,0,,,,0,0,4.000012397766113,8686b8759e303de1b9dcd8c4226ee5761c093f21,"{""box_angular_velocity"":[0.052818909,-0.617193997,0.097779892],""box_linear_velocity"":[0.099004783,0.001751711,-0.153116554],""box_mass"":1.125,""box_pose"":[0.551801264,2.9169e-05,0.133338079,-0.004432955,-0.004249581,0.764709473,0.64434588],""dof_position"":[-0.115173273,-0.065072939,-0.012358559,0.300250351,-0.195336089,-0.019023187,-0.082784683,0.029120829,0.001185883,0.296218961,-0.224485591,0.03952783,0.047393195,0.019156681,-0.040112667,-0.043043997,0.18166624,0.012035387,1.148338437,0.008116276,-0.077845,0.0535734,-0.037792016,-0.151439279,0.007985869,1.154733062,-0.111371219,0.014442697,-0.007521289],""dof_velocity"":[1.482971191,0.704375625,2.087524414,-2.442824841,1.301244497,0.711632669,1.513340116,-0.998463988,-1.990904808,-1.051182866,1.436479807,-2.257259607,-2.372484446,-0.354048729,0.600233555,2.464917421,-1.173290372,0.213890702,-1.471856356,-0.605654061,-0.288861006,1.063053846,-0.156221375,1.539267898,-0.361408114,1.440126777,-0.985117376,-1.490123034,-0.812418342],""goal"":[-3.450000048,0.0,0.144999996],""robot_root_angular_velocity"":[-0.641172588,0.957930326,1.166464686],""robot_root_linear_velocity"":[0.107858129,-0.061188579,0.207180291],""robot_root_pose"":[2.304544687,-0.00031296,0.805772424,0.016877344,0.006440034,0.99978596,-0.010084333]}",official carrybox.pt,False,1|smooth_hold|+box_x|0.3|0.5,6004,0,2065,,,0,0,0.0,,,,,,,,,,,,,
official,T0005,legged_gym/resources/ckpt/carrybox.pt,1,smooth_hold,+box_x,0.3,1.0,0.1,0.15,0.15,1.125,3.310875,0.0,1,head_low,0,,,,0,0,4.000020503997803,8686b8759e303de1b9dcd8c4226ee5761c093f21,"{""box_angular_velocity"":[0.052818909,-0.617193997,0.097779892],""box_linear_velocity"":[0.099004783,0.001751711,-0.153116554],""box_mass"":1.125,""box_pose"":[0.551801264,2.9169e-05,0.133338079,-0.004432955,-0.004249581,0.764709473,0.64434588],""dof_position"":[-0.115173273,-0.065072939,-0.012358559,0.300250351,-0.195336089,-0.019023187,-0.082784683,0.029120829,0.001185883,0.296218961,-0.224485591,0.03952783,0.047393195,0.019156681,-0.040112667,-0.043043997,0.18166624,0.012035387,1.148338437,0.008116276,-0.077845,0.0535734,-0.037792016,-0.151439279,0.007985869,1.154733062,-0.111371219,0.014442697,-0.007521289],""dof_velocity"":[1.482971191,0.704375625,2.087524414,-2.442824841,1.301244497,0.711632669,1.513340116,-0.998463988,-1.990904808,-1.051182866,1.436479807,-2.257259607,-2.372484446,-0.354048729,0.600233555,2.464917421,-1.173290372,0.213890702,-1.471856356,-0.605654061,-0.288861006,1.063053846,-0.156221375,1.539267898,-0.361408114,1.440126777,-0.985117376,-1.490123034,-0.812418342],""goal"":[-3.450000048,0.0,0.144999996],""robot_root_angular_velocity"":[-0.641172588,0.957930326,1.166464686],""robot_root_linear_velocity"":[0.107858129,-0.061188579,0.207180291],""robot_root_pose"":[2.304544687,-0.00031296,0.805772424,0.016877344,0.006440034,0.99978596,-0.010084333]}",official carrybox.pt,False,1|smooth_hold|+box_x|0.3|1.0,940,0,3567,,,0,0,0.0,,,,,,,,,,,,,
official,T0006,legged_gym/resources/ckpt/carrybox.pt,1,smooth_hold,+box_x,0.3,2.0,0.1,0.15,0.15,1.125,3.310875,0.0,1,box_tilt|head_low,0,,,,0,0,4.000012397766113,8686b8759e303de1b9dcd8c4226ee5761c093f21,"{""box_angular_velocity"":[0.052818909,-0.617193997,0.097779892],""box_linear_velocity"":[0.099004783,0.001751711,-0.153116554],""box_mass"":1.125,""box_pose"":[0.551801264,2.9169e-05,0.133338079,-0.004432955,-0.004249581,0.764709473,0.64434588],""dof_position"":[-0.115173273,-0.065072939,-0.012358559,0.300250351,-0.195336089,-0.019023187,-0.082784683,0.029120829,0.001185883,0.296218961,-0.224485591,0.03952783,0.047393195,0.019156681,-0.040112667,-0.043043997,0.18166624,0.012035387,1.148338437,0.008116276,-0.077845,0.0535734,-0.037792016,-0.151439279,0.007985869,1.154733062,-0.111371219,0.014442697,-0.007521289],""dof_velocity"":[1.482971191,0.704375625,2.087524414,-2.442824841,1.301244497,0.711632669,1.513340116,-0.998463988,-1.990904808,-1.051182866,1.436479807,-2.257259607,-2.372484446,-0.354048729,0.600233555,2.464917421,-1.173290372,0.213890702,-1.471856356,-0.605654061,-0.288861006,1.063053846,-0.156221375,1.539267898,-0.361408114,1.440126777,-0.985117376,-1.490123034,-0.812418342],""goal"":[-3.450000048,0.0,0.144999996],""robot_root_angular_velocity"":[-0.641172588,0.957930326,1.166464686],""robot_root_linear_velocity"":[0.107858129,-0.061188579,0.207180291],""robot_root_pose"":[2.304544687,-0.00031296,0.805772424,0.016877344,0.006440034,0.99978596,-0.010084333]}",official carrybox.pt,False,1|smooth_hold|+box_x|0.3|2.0,2428,0,3803,,,0,0,0.0,,,,,,,,,,,,,
official,T0007,legged_gym/resources/ckpt/carrybox.pt,1,smooth_hold,+box_x,0.5,0.5,0.1,0.15,0.15,1.125,5.518125,0.0,1,head_low,0,,,,0,0,4.001140594482422,8686b8759e303de1b9dcd8c4226ee5761c093f21,"{""box_angular_velocity"":[0.052818909,-0.617193997,0.097779892],""box_linear_velocity"":[0.099004783,0.001751711,-0.153116554],""box_mass"":1.125,""box_pose"":[0.551801264,2.9169e-05,0.133338079,-0.004432955,-0.004249581,0.764709473,0.64434588],""dof_position"":[-0.115173273,-0.065072939,-0.012358559,0.300250351,-0.195336089,-0.019023187,-0.082784683,0.029120829,0.001185883,0.296218961,-0.224485591,0.03952783,0.047393195,0.019156681,-0.040112667,-0.043043997,0.18166624,0.012035387,1.148338437,0.008116276,-0.077845,0.0535734,-0.037792016,-0.151439279,0.007985869,1.154733062,-0.111371219,0.014442697,-0.007521289],""dof_velocity"":[1.482971191,0.704375625,2.087524414,-2.442824841,1.301244497,0.711632669,1.513340116,-0.998463988,-1.990904808,-1.051182866,1.436479807,-2.257259607,-2.372484446,-0.354048729,0.600233555,2.464917421,-1.173290372,0.213890702,-1.471856356,-0.605654061,-0.288861006,1.063053846,-0.156221375,1.539267898,-0.361408114,1.440126777,-0.985117376,-1.490123034,-0.812418342],""goal"":[-3.450000048,0.0,0.144999996],""robot_root_angular_velocity"":[-0.641172588,0.957930326,1.166464686],""robot_root_linear_velocity"":[0.107858129,-0.061188579,0.207180291],""robot_root_pose"":[2.304544687,-0.00031296,0.805772424,0.016877344,0.006440034,0.99978596,-0.010084333]}",official carrybox.pt,False,1|smooth_hold|+box_x|0.5|0.5,1560,0,4411,,,0,0,0.0,,,,,,,,,,,,,
official,T0008,legged_gym/resources/ckpt/carrybox.pt,1,smooth_hold,+box_x,0.5,1.0,0.1,0.15,0.15,1.125,5.518125057220459,6.345844344587279,0,,1,0.6527596712112427,1.595563888549805,1.587183117866516,0,0,0.1385978907346725,b37d1a34b504a21fd416095ed82af6e900cfd110,"{""box_angular_velocity"":[0.0,0.0,0.0],""box_linear_velocity"":[0.0,0.0,-0.196175486],""box_mass"":1.125,""box_pose"":[0.549999952,0.0,0.132547736,0.0,0.0,0.764192939,0.644987702],""dof_position"":[-0.115593508,-0.064746052,-0.012320553,0.300360948,-0.195070326,-0.019001871,-0.083475702,0.029394845,0.001167293,0.296318293,-0.223998114,0.039558936,0.048016004,0.019729495,-0.039579578,-0.042687569,0.180484638,0.011865744,1.147352099,0.008331287,-0.078113355,0.05443877,-0.03782244,-0.151108593,0.008053473,1.154164195,-0.111383066,0.014411789,-0.00821572],""dof_velocity"":[1.460155487,0.702920616,2.068506956,-2.447604179,1.321188092,0.714539647,1.485135555,-1.002265334,-2.011068106,-1.06355381,1.450716734,-2.256109238,-2.361958027,-0.34181416,0.623745561,2.463394165,-1.212964773,0.20323807,-1.455058575,-0.60581696,-0.349257767,1.082467079,-0.168251291,1.565045118,-0.356730878,1.445312738,-0.988606036,-1.515213132,-0.839687943],""goal"":[-3.450000048,0.0,0.144999996],""robot_root_angular_velocity"":[-0.634959042,0.955117822,1.158339977],""robot_root_linear_velocity"":[0.119195879,-0.061470948,0.209652379],""robot_root_pose"":[2.304764509,-0.000354351,0.805820525,0.016868409,0.006288042,0.999789476,-0.009845998]}",official carrybox.pt,True,1|smooth_hold|+box_x|0.5|1.0,1596,1,4802,5036.0,234.0,260,660,6.345844344587279,5.518125534057617,0.9924242424242424,1.0,0.6817084550857544,0.3096772522863114,2.18438720703125,4.01707935333252,10.035424106376189,97.92388916015624,0.24884884261744888,0.9994664788246156,11.8869240663607,0.1580615899166415
official,T0009,legged_gym/resources/ckpt/carrybox.pt,1,smooth_hold,+box_x,0.5,2.0,0.1,0.15,0.15,1.125,5.518125,0.0,1,head_low,0,,,,0,0,4.000012397766113,b37d1a34b504a21fd416095ed82af6e900cfd110,"{""box_angular_velocity"":[0.0,0.0,0.0],""box_linear_velocity"":[0.0,0.0,-0.196175486],""box_mass"":1.125,""box_pose"":[0.549999952,0.0,0.132547736,0.0,0.0,0.764192939,0.644987702],""dof_position"":[-0.115593508,-0.064746052,-0.012320553,0.300360948,-0.195070326,-0.019001871,-0.083475702,0.029394845,0.001167293,0.296318293,-0.223998114,0.039558936,0.048016004,0.019729495,-0.039579578,-0.042687569,0.180484638,0.011865744,1.147352099,0.008331287,-0.078113355,0.05443877,-0.03782244,-0.151108593,0.008053473,1.154164195,-0.111383066,0.014411789,-0.00821572],""dof_velocity"":[1.460155487,0.702920616,2.068506956,-2.447604179,1.321188092,0.714539647,1.485135555,-1.002265334,-2.011068106,-1.06355381,1.450716734,-2.256109238,-2.361958027,-0.34181416,0.623745561,2.463394165,-1.212964773,0.20323807,-1.455058575,-0.60581696,-0.349257767,1.082467079,-0.168251291,1.565045118,-0.356730878,1.445312738,-0.988606036,-1.515213132,-0.839687943],""goal"":[-3.450000048,0.0,0.144999996],""robot_root_angular_velocity"":[-0.634959042,0.955117822,1.158339977],""robot_root_linear_velocity"":[0.119195879,-0.061470948,0.209652379],""robot_root_pose"":[2.304764509,-0.000354351,0.805820525,0.016868409,0.006288042,0.999789476,-0.009845998]}",official carrybox.pt,False,1|smooth_hold|+box_x|0.5|2.0,1936,0,5202,,,0,0,0.0,,,,,,,,,,,,,
official,T0010,legged_gym/resources/ckpt/carrybox.pt,1,smooth_hold,+box_x,0.7,0.5,0.1,0.15,0.15,1.125,7.725375,0.0,1,timeout,0,,,,0,0,4.000012397766113,8686b8759e303de1b9dcd8c4226ee5761c093f21,"{""box_angular_velocity"":[0.052818909,-0.617193997,0.097779892],""box_linear_velocity"":[0.099004783,0.001751711,-0.153116554],""box_mass"":1.125,""box_pose"":[0.551801264,2.9169e-05,0.133338079,-0.004432955,-0.004249581,0.764709473,0.64434588],""dof_position"":[-0.115173273,-0.065072939,-0.012358559,0.300250351,-0.195336089,-0.019023187,-0.082784683,0.029120829,0.001185883,0.296218961,-0.224485591,0.03952783,0.047393195,0.019156681,-0.040112667,-0.043043997,0.18166624,0.012035387,1.148338437,0.008116276,-0.077845,0.0535734,-0.037792016,-0.151439279,0.007985869,1.154733062,-0.111371219,0.014442697,-0.007521289],""dof_velocity"":[1.482971191,0.704375625,2.087524414,-2.442824841,1.301244497,0.711632669,1.513340116,-0.998463988,-1.990904808,-1.051182866,1.436479807,-2.257259607,-2.372484446,-0.354048729,0.600233555,2.464917421,-1.173290372,0.213890702,-1.471856356,-0.605654061,-0.288861006,1.063053846,-0.156221375,1.539267898,-0.361408114,1.440126777,-0.985117376,-1.490123034,-0.812418342],""goal"":[-3.450000048,0.0,0.144999996],""robot_root_angular_velocity"":[-0.641172588,0.957930326,1.166464686],""robot_root_linear_velocity"":[0.107858129,-0.061188579,0.207180291],""robot_root_pose"":[2.304544687,-0.00031296,0.805772424,0.016877344,0.006440034,0.99978596,-0.010084333]}",official carrybox.pt,False,1|smooth_hold|+box_x|0.7|0.5,6004,0,5687,,,0,0,0.0,,,,,,,,,,,,,
official,T0011,legged_gym/resources/ckpt/carrybox.pt,1,smooth_hold,+box_x,0.7,1.0,0.1,0.15,0.15,1.125,7.725375175476074,8.884181478051138,0,,1,1.1215503215789795,0.3767192661762237,0.5108926296234131,0,1,0.0411772057414054,8686b8759e303de1b9dcd8c4226ee5761c093f21,"{""box_angular_velocity"":[0.052818909,-0.617193997,0.097779892],""box_linear_velocity"":[0.099004783,0.001751711,-0.153116554],""box_mass"":1.125,""box_pose"":[0.551801264,2.9169e-05,0.133338079,-0.004432955,-0.004249581,0.764709473,0.64434588],""dof_position"":[-0.115173273,-0.065072939,-0.012358559,0.300250351,-0.195336089,-0.019023187,-0.082784683,0.029120829,0.001185883,0.296218961,-0.224485591,0.03952783,0.047393195,0.019156681,-0.040112667,-0.043043997,0.18166624,0.012035387,1.148338437,0.008116276,-0.077845,0.0535734,-0.037792016,-0.151439279,0.007985869,1.154733062,-0.111371219,0.014442697,-0.007521289],""dof_velocity"":[1.482971191,0.704375625,2.087524414,-2.442824841,1.301244497,0.711632669,1.513340116,-0.998463988,-1.990904808,-1.051182866,1.436479807,-2.257259607,-2.372484446,-0.354048729,0.600233555,2.464917421,-1.173290372,0.213890702,-1.471856356,-0.605654061,-0.288861006,1.063053846,-0.156221375,1.539267898,-0.361408114,1.440126777,-0.985117376,-1.490123034,-0.812418342],""goal"":[-3.450000048,0.0,0.144999996],""robot_root_angular_velocity"":[-0.641172588,0.957930326,1.166464686],""robot_root_linear_velocity"":[0.107858129,-0.061188579,0.207180291],""robot_root_pose"":[2.304544687,-0.00031296,0.805772424,0.016877344,0.006440034,0.99978596,-0.010084333]}",official carrybox.pt,True,1|smooth_hold|+box_x|0.7|1.0,2452,1,7189,7637.0,448.0,260,660,8.884181478051138,7.725375175476074,0.32727272727272727,1.0,1.1280913352966309,0.47487941911500514,2.0733208656311035,3.494393825531006,0.7297051902408853,9.533051490783691,0.7498171471405041,1.0,2.8271602976954346,0.07657373701680847
official,T0012,legged_gym/resources/ckpt/carrybox.pt,1,smooth_hold,+box_x,0.7,2.0,0.1,0.15,0.15,1.125,7.725375175476074,16.609556668820634,0,,1,1.3781479597091677,0.1614288389682769,0.5728837847709656,0,1,0.0903591588139534,1f37aa2ebcc16aeccce496c410ceda0e73f15fad,"{""box_angular_velocity"":[0.0533337,-0.61865896,0.094964825],""box_linear_velocity"":[0.098936163,0.001720272,-0.15313369],""box_mass"":1.125,""box_pose"":[0.551800132,2.8634e-05,0.133337811,-0.004440452,-0.004262004,0.764693916,0.644364119],""dof_position"":[-0.114998676,-0.065068163,-0.012369528,0.300308168,-0.195378631,-0.01902307,-0.08242815,0.029134104,0.001183534,0.296182275,-0.22469525,0.039529666,0.047347523,0.019161418,-0.040058419,-0.042976297,0.1816677,0.012009942,1.148323894,0.008147563,-0.077822477,0.053558718,-0.037694935,-0.1514332,0.008003175,1.154729724,-0.11135532,0.01444318,-0.007529633],""dof_velocity"":[1.477495193,0.705388844,2.091466427,-2.442106485,1.304297328,0.711514354,1.512720704,-0.997133911,-1.987248302,-1.043186069,1.428748369,-2.256948709,-2.371391058,-0.356217355,0.584472954,2.471057892,-1.173334002,0.215422019,-1.467746377,-0.600179553,-0.290585548,1.061271429,-0.149317622,1.540774941,-0.363270551,1.44598639,-0.988289237,-1.493106723,-0.811956644],""goal"":[-3.450000048,0.0,0.144999996],""robot_root_angular_velocity"":[-0.64147085,0.952291131,1.16731286],""robot_root_linear_velocity"":[0.106662288,-0.061106309,0.207148015],""robot_root_pose"":[2.304525137,-0.000311721,0.805773854,0.016953958,0.006435945,0.999784291,-0.010121444]}",official carrybox.pt,True,1|smooth_hold|+box_x|0.7|2.0,1664,1,7803,8004.0,201.0,460,860,16.609556668820634,7.725375175476074,0.7453488372093023,1.0,1.5775871276855469,0.4359705955006702,2.3487818241119385,4.434142112731934,-10.476966749439233,84.41871643066406,0.4361362481803828,1.0,14.088576580445434,0.1970527291426511
official,T0013,legged_gym/resources/ckpt/carrybox.pt,1,smooth_hold,+box_x,0.9,0.5,0.1,0.15,0.15,1.125,9.932624816894531,6.456206247195179,0,,0,0.4406973123550415,-0.4202391803264618,-0.2767073512077331,1,0,0.7035897970199585,8a9a954a38c7456fe0150b58e28cda3c431ee0b6,"{""box_angular_velocity"":[0.052818883,-0.617193818,0.097780108],""box_linear_velocity"":[0.099004798,0.001751715,-0.153116554],""box_mass"":1.125,""box_pose"":[0.551801264,2.9169e-05,0.133338079,-0.004432955,-0.004249581,0.764709473,0.64434588],""dof_position"":[-0.115173303,-0.065072939,-0.012358552,0.300250351,-0.195336074,-0.019023187,-0.082784802,0.029120822,0.001185881,0.296218991,-0.224485591,0.03952783,0.047393195,0.019156676,-0.040112726,-0.043044012,0.181666225,0.01203539,1.148338437,0.008116272,-0.077845015,0.0535734,-0.037792031,-0.151439279,0.007985864,1.154733062,-0.111371227,0.014442693,-0.007521289],""dof_velocity"":[1.482967496,0.704375625,2.087524414,-2.442824125,1.301245213,0.711632669,1.513332486,-0.998464525,-1.990905046,-1.051181793,1.436483502,-2.257259607,-2.372484446,-0.354048699,0.60023129,2.464916468,-1.173290253,0.213890716,-1.471856236,-0.605654895,-0.288861722,1.06305325,-0.156222641,1.539268136,-0.361408114,1.440127373,-0.985117316,-1.49012351,-0.812418461],""goal"":[-3.450000048,0.0,0.144999996],""robot_root_angular_velocity"":[-0.641172886,0.957927167,1.166464806],""robot_root_linear_velocity"":[0.107858784,-0.061188452,0.207180202],""robot_root_pose"":[2.30454421,-0.000312979,0.805772662,0.016877206,0.006439971,0.999786019,-0.010084227]}",official carrybox.pt,True,1|smooth_hold|+box_x|0.9|0.5,1404,1,8220,8431.0,211.0,160,560,6.456206247195179,9.932624816894531,0.9982142857142857,1.0,0.4406973123550415,0.21481139750020312,1.440356731414795,2.345881700515747,-6.538893202931753,5.045129776000977,0.1738656264966786,0.9836744666099548,8.159964663162828,0.11104059282058315
official,T0014,legged_gym/resources/ckpt/carrybox.pt,1,smooth_hold,+box_x,0.9,1.0,0.1,0.15,0.15,1.125,9.932625,0.0,1,box_tilt,0,,,,0,0,4.000012397766113,eb741b7935da941264c36a7863a2080d69b374c1,"{""box_angular_velocity"":[-0.48365429,-0.106911637,0.032406874],""box_linear_velocity"":[0.086527027,-0.001451376,-0.159709081],""box_mass"":1.125,""box_pose"":[0.55156064,-2.172e-05,0.133206263,-0.003698752,0.002465644,0.76445061,0.64466697],""dof_position"":[-0.114914998,-0.064532995,-0.012285367,0.300152838,-0.195571333,-0.019014878,-0.083050385,0.029625032,0.001269288,0.296255916,-0.224237353,0.039551225,0.047824074,0.019534616,-0.039925862,-0.042773295,0.181752101,0.012066349,1.148066878,0.00795377,-0.078019872,0.053604901,-0.037733983,-0.151277289,0.008119575,1.154438615,-0.111524209,0.014388974,-0.007605683],""dof_velocity"":[1.476732612,0.716065586,2.06378293,-2.429722071,1.288685322,0.715429842,1.494481444,-0.987991095,-2.013991356,-1.057228565,1.442410707,-2.252842665,-2.372800827,-0.343914777,0.599918902,2.468708277,-1.162659526,0.220913306,-1.455571532,-0.612902939,-0.314374268,1.062916875,-0.161499158,1.553710818,-0.364976287,1.447389603,-1.006275177,-1.50710988,-0.811101854],""goal"":[-3.450000048,0.0,0.144999996],""robot_root_angular_velocity"":[-0.624555528,0.95062995,1.14830327],""robot_root_linear_velocity"":[0.110240519,-0.060743392,0.208129242],""robot_root_pose"":[2.304583073,-0.000339023,0.805794299,0.016894171,0.006236927,0.99979043,-0.009738005]}",official carrybox.pt,False,1|smooth_hold|+box_x|0.9|1.0,1192,0,8572,,,0,0,0.0,,,,,,,,,,,,,
official,T0015,legged_gym/resources/ckpt/carrybox.pt,1,smooth_hold,+box_x,0.9,2.0,0.1,0.15,0.15,1.125,9.932624816894531,21.355143431265883,0,,1,1.2226179838180542,0.3399985432624817,0.7065730094909668,0,1,0.0617268681526184,b37d1a34b504a21fd416095ed82af6e900cfd110,"{""box_angular_velocity"":[0.0,0.0,0.0],""box_linear_velocity"":[0.0,0.0,-0.196175486],""box_mass"":1.125,""box_pose"":[0.549999952,0.0,0.132547736,0.0,0.0,0.764192939,0.644987702],""dof_position"":[-0.115593508,-0.064746052,-0.012320553,0.300360948,-0.195070326,-0.019001871,-0.083475702,0.029394845,0.001167293,0.296318293,-0.223998114,0.039558936,0.048016004,0.019729495,-0.039579578,-0.042687569,0.180484638,0.011865744,1.147352099,0.008331287,-0.078113355,0.05443877,-0.03782244,-0.151108593,0.008053473,1.154164195,-0.111383066,0.014411789,-0.00821572],""dof_velocity"":[1.460155487,0.702920616,2.068506956,-2.447604179,1.321188092,0.714539647,1.485135555,-1.002265334,-2.011068106,-1.06355381,1.450716734,-2.256109238,-2.361958027,-0.34181416,0.623745561,2.463394165,-1.212964773,0.20323807,-1.455058575,-0.60581696,-0.349257767,1.082467079,-0.168251291,1.565045118,-0.356730878,1.445312738,-0.988606036,-1.515213132,-0.839687943],""goal"":[-3.450000048,0.0,0.144999996],""robot_root_angular_velocity"":[-0.634959042,0.955117822,1.158339977],""robot_root_linear_velocity"":[0.119195879,-0.061470948,0.209652379],""robot_root_pose"":[2.304764509,-0.000354351,0.805820525,0.016868409,0.006288042,0.999789476,-0.009845998]}",official carrybox.pt,True,1|smooth_hold|+box_x|0.9|2.0,1740,1,8871,9091.0,220.0,460,860,21.355143431265883,9.932624816894531,0.8732558139534884,1.0,1.296871781349182,0.33666212787461836,2.1013259887695312,4.528354167938232,-4.958268384953831,22.54604148864746,0.25300599906808796,1.0,7.196360485231894,0.10801672731451065
official,T0016,legged_gym/resources/ckpt/carrybox.pt,1,smooth_hold,+box_x,1.1,0.5,0.1,0.15,0.15,1.125,12.13987636566162,7.890919763136582,0,,1,0.4089810848236084,0.1423263996839523,0.2843526899814605,1,0,0.629010021686554,8686b8759e303de1b9dcd8c4226ee5761c093f21,"{""box_angular_velocity"":[0.052818909,-0.617193997,0.097779892],""box_linear_velocity"":[0.099004783,0.001751711,-0.153116554],""box_mass"":1.125,""box_pose"":[0.551801264,2.9169e-05,0.133338079,-0.004432955,-0.004249581,0.764709473,0.64434588],""dof_position"":[-0.115173273,-0.065072939,-0.012358559,0.300250351,-0.195336089,-0.019023187,-0.082784683,0.029120829,0.001185883,0.296218961,-0.224485591,0.03952783,0.047393195,0.019156681,-0.040112667,-0.043043997,0.18166624,0.012035387,1.148338437,0.008116276,-0.077845,0.0535734,-0.037792016,-0.151439279,0.007985869,1.154733062,-0.111371219,0.014442697,-0.007521289],""dof_velocity"":[1.482971191,0.704375625,2.087524414,-2.442824841,1.301244497,0.711632669,1.513340116,-0.998463988,-1.990904808,-1.051182866,1.436479807,-2.257259607,-2.372484446,-0.354048729,0.600233555,2.464917421,-1.173290372,0.213890702,-1.471856356,-0.605654061,-0.288861006,1.063053846,-0.156221375,1.539267898,-0.361408114,1.440126777,-0.985117376,-1.490123034,-0.812418342],""goal"":[-3.450000048,0.0,0.144999996],""robot_root_angular_velocity"":[-0.641172588,0.957930326,1.166464686],""robot_root_linear_velocity"":[0.107858129,-0.061188579,0.207180291],""robot_root_pose"":[2.304544687,-0.00031296,0.805772424,0.016877344,0.006440034,0.99978596,-0.010084333]}",official carrybox.pt,True,1|smooth_hold|+box_x|1.1|0.5,1424,1,9307,9523.0,216.0,160,560,7.890919763136582,12.13987636566162,0.9946428571428572,1.0,0.4105775654315948,0.22324039030021856,1.53453266620636,2.464850902557373,-1.47007687105132,36.19747543334961,0.10917303478095808,0.9860393404960632,4.324955276852208,0.0763848783489655
official,T0017,legged_gym/resources/ckpt/carrybox.pt,1,smooth_hold,+box_x,1.1,1.0,0.1,0.15,0.15,1.125,12.139875000000002,0.0,1,box_tilt|timeout,0,,,,0,0,4.000012397766113,2f81d447e840a766cdf9871db412be4ec27fc59a,"{""box_angular_velocity"":[-0.100662462,-0.719427586,-0.090912804],""box_linear_velocity"":[0.112757824,-0.002119841,-0.147709027],""box_mass"":1.125,""box_pose"":[0.552034497,-3.9811e-05,0.13343133,-0.005972874,-0.003962313,0.763565302,0.645690799],""dof_position"":[-0.11496903,-0.064794652,-0.012270285,0.300262719,-0.19545047,-0.019031519,-0.082832336,0.029337415,0.001219025,0.296243638,-0.224366114,0.039538156,0.047885016,0.019424774,-0.039991271,-0.042462882,0.180949345,0.01193364,1.147792816,0.008325097,-0.078113787,0.05416704,-0.037644744,-0.151369601,0.008016249,1.15459013,-0.111404769,0.014375322,-0.007676116],""dof_velocity"":[1.484128118,0.705025434,2.070382357,-2.433054686,1.298712492,0.712854266,1.511195898,-1.000032783,-2.0092659,-1.052534461,1.436600804,-2.255979776,-2.3656919,-0.351363331,0.606207967,2.471038342,-1.196697474,0.209049001,-1.443168998,-0.602342069,-0.336420447,1.077752709,-0.158009991,1.549850345,-0.361157745,1.450174093,-0.990015626,-1.503082037,-0.819111407],""goal"":[-3.450000048,0.0,0.144999996],""robot_root_angular_velocity"":[-0.637498379,0.962097585,1.15838778],""robot_root_linear_velocity"":[0.109350033,-0.060326517,0.207612559],""robot_root_pose"":[2.304569244,-0.000322475,0.805784166,0.016936203,0.006350342,0.999787748,-0.009856328]}",official carrybox.pt,False,1|smooth_hold|+box_x|1.1|1.0,6004,0,9664,,,0,0,0.0,,,,,,,,,,,,,
official,T0018,legged_gym/resources/ckpt/carrybox.pt,1,smooth_hold,+box_x,1.1,2.0,0.1,0.15,0.15,1.125,12.13987636566162,26.100734239432622,0,,1,1.1486302614212036,0.4379911720752716,0.6485869288444519,0,0,0.1067880764603614,8686b8759e303de1b9dcd8c4226ee5761c093f21,"{""box_angular_velocity"":[0.052818909,-0.617193997,0.097779892],""box_linear_velocity"":[0.099004783,0.001751711,-0.153116554],""box_mass"":1.125,""box_pose"":[0.551801264,2.9169e-05,0.133338079,-0.004432955,-0.004249581,0.764709473,0.64434588],""dof_position"":[-0.115173273,-0.065072939,-0.012358559,0.300250351,-0.195336089,-0.019023187,-0.082784683,0.029120829,0.001185883,0.296218961,-0.224485591,0.03952783,0.047393195,0.019156681,-0.040112667,-0.043043997,0.18166624,0.012035387,1.148338437,0.008116276,-0.077845,0.0535734,-0.037792016,-0.151439279,0.007985869,1.154733062,-0.111371219,0.014442697,-0.007521289],""dof_velocity"":[1.482971191,0.704375625,2.087524414,-2.442824841,1.301244497,0.711632669,1.513340116,-0.998463988,-1.990904808,-1.051182866,1.436479807,-2.257259607,-2.372484446,-0.354048729,0.600233555,2.464917421,-1.173290372,0.213890702,-1.471856356,-0.605654061,-0.288861006,1.063053846,-0.156221375,1.539267898,-0.361408114,1.440126777,-0.985117376,-1.490123034,-0.812418342],""goal"":[-3.450000048,0.0,0.144999996],""robot_root_angular_velocity"":[-0.641172588,0.957930326,1.166464686],""robot_root_linear_velocity"":[0.107858129,-0.061188579,0.207180291],""robot_root_pose"":[2.304544687,-0.00031296,0.805772424,0.016877344,0.006440034,0.99978596,-0.010084333]}",official carrybox.pt,True,1|smooth_hold|+box_x|1.1|2.0,3104,1,11166,11727.0,561.0,460,860,26.100734239432622,12.13987636566162,0.4744186046511628,1.0,1.418062448501587,0.3814695006712925,1.5736783742904663,10.096293449401855,1.5684816903283083,173.9187774658203,0.6172621239686038,1.0,5.219144195214261,0.18422804529667658
official,T0019,legged_gym/resources/ckpt/carrybox.pt,1,smooth_hold,-box_x,0.1,0.5,0.1,0.15,0.15,1.125,1.1036250591278076,0.7173562988880542,0,,1,0.9986523389816284,-0.4100495874881744,-0.6515415906906128,1,0,0.341450959444046,8686b8759e303de1b9dcd8c4226ee5761c093f21,"{""box_angular_velocity"":[0.052818909,-0.617193997,0.097779892],""box_linear_velocity"":[0.099004783,0.001751711,-0.153116554],""box_mass"":1.125,""box_pose"":[0.551801264,2.9169e-05,0.133338079,-0.004432955,-0.004249581,0.764709473,0.64434588],""dof_position"":[-0.115173273,-0.065072939,-0.012358559,0.300250351,-0.195336089,-0.019023187,-0.082784683,0.029120829,0.001185883,0.296218961,-0.224485591,0.03952783,0.047393195,0.019156681,-0.040112667,-0.043043997,0.18166624,0.012035387,1.148338437,0.008116276,-0.077845,0.0535734,-0.037792016,-0.151439279,0.007985869,1.154733062,-0.111371219,0.014442697,-0.007521289],""dof_velocity"":[1.482971191,0.704375625,2.087524414,-2.442824841,1.301244497,0.711632669,1.513340116,-0.998463988,-1.990904808,-1.051182866,1.436479807,-2.257259607,-2.372484446,-0.354048729,0.600233555,2.464917421,-1.173290372,0.213890702,-1.471856356,-0.605654061,-0.288861006,1.063053846,-0.156221375,1.539267898,-0.361408114,1.440126777,-0.985117376,-1.490123034,-0.812418342],""goal"":[-3.450000048,0.0,0.144999996],""robot_root_angular_velocity"":[-0.641172588,0.957930326,1.166464686],""robot_root_linear_velocity"":[0.107858129,-0.061188579,0.207180291],""robot_root_pose"":[2.304544687,-0.00031296,0.805772424,0.016877344,0.006440034,0.99978596,-0.010084333]}",official carrybox.pt,True,1|smooth_hold|-box_x|0.1|0.5,1552,1,11943,12191.0,248.0,160,560,0.7173562988880542,1.1036250591278076,0.9910714285714286,1.0,1.010084629058838,0.27166164634483203,1.7065694332122805,4.541496753692627,3.866293841485666,19.842397689819336,0.16051275115439367,0.9981715083122252,6.026555706188082,0.1244139534099044
official,T0020,legged_gym/resources/ckpt/carrybox.pt,1,smooth_hold,-box_x,0.1,1.0,0.1,0.15,0.15,1.125,1.1036250591278076,1.2691688266052608,0,,1,0.4877757132053375,0.3755453824996948,0.4616162478923797,0,0,0.0574564673006534,fb636b35ab9dfd0508fc23dd56ecfb94e888b44e,"{""box_angular_velocity"":[0.052819397,-0.617194176,0.097779989],""box_linear_velocity"":[0.099004962,0.001751716,-0.15311648],""box_mass"":1.125,""box_pose"":[0.551801264,2.9169e-05,0.133338094,-0.004432955,-0.00424958,0.764709473,0.64434588],""dof_position"":[-0.115173273,-0.065072939,-0.012358569,0.300250351,-0.195336089,-0.019023187,-0.08278469,0.029120825,0.001185885,0.296218961,-0.224485606,0.039527833,0.047393195,0.01915668,-0.040112663,-0.043044005,0.18166624,0.012035388,1.148338437,0.008116272,-0.077845007,0.0535734,-0.037792008,-0.151439279,0.007985869,1.154733062,-0.111371219,0.014442697,-0.007521288],""dof_velocity"":[1.482971549,0.704375625,2.087524414,-2.442825556,1.301244736,0.711632669,1.513340473,-0.998464048,-1.99090445,-1.051182866,1.436480165,-2.257259369,-2.372484922,-0.354048789,0.600234687,2.464916468,-1.173290253,0.213891104,-1.471856117,-0.60565412,-0.288861662,1.063053489,-0.156221852,1.539268017,-0.361408174,1.440127373,-0.985117197,-1.49012351,-0.812418342],""goal"":[-3.450000048,0.0,0.144999996],""robot_root_angular_velocity"":[-0.641172767,0.957931042,1.166464686],""robot_root_linear_velocity"":[0.107858256,-0.061188627,0.207180291],""robot_root_pose"":[2.304544687,-0.000312973,0.805772424,0.016877342,0.006440036,0.99978596,-0.010084335]}",official carrybox.pt,True,1|smooth_hold|-box_x|0.1|1.0,1504,1,12332,12543.0,211.0,260,660,1.2691688266052608,1.1036250591278076,0.9893939393939394,1.0,0.5836775302886963,0.23360412612444523,1.8609365224838257,3.251749038696289,9.87926167553065,127.66574096679688,0.10309870900273106,0.9997215270996094,11.686525908609232,0.1500839183188597
official,T0021,legged_gym/resources/ckpt/carrybox.pt,1,smooth_hold,-box_x,0.1,2.0,0.1,0.15,0.15,1.125,1.103625,0.0,1,box_tilt|timeout,0,,,,0,0,4.000012397766113,8686b8759e303de1b9dcd8c4226ee5761c093f21,"{""box_angular_velocity"":[0.052818909,-0.617193997,0.097779892],""box_linear_velocity"":[0.099004783,0.001751711,-0.153116554],""box_mass"":1.125,""box_pose"":[0.551801264,2.9169e-05,0.133338079,-0.004432955,-0.004249581,0.764709473,0.64434588],""dof_position"":[-0.115173273,-0.065072939,-0.012358559,0.300250351,-0.195336089,-0.019023187,-0.082784683,0.029120829,0.001185883,0.296218961,-0.224485591,0.03952783,0.047393195,0.019156681,-0.040112667,-0.043043997,0.18166624,0.012035387,1.148338437,0.008116276,-0.077845,0.0535734,-0.037792016,-0.151439279,0.007985869,1.154733062,-0.111371219,0.014442697,-0.007521289],""dof_velocity"":[1.482971191,0.704375625,2.087524414,-2.442824841,1.301244497,0.711632669,1.513340116,-0.998463988,-1.990904808,-1.051182866,1.436479807,-2.257259607,-2.372484446,-0.354048729,0.600233555,2.464917421,-1.173290372,0.213890702,-1.471856356,-0.605654061,-0.288861006,1.063053846,-0.156221375,1.539267898,-0.361408114,1.440126777,-0.985117376,-1.490123034,-0.812418342],""goal"":[-3.450000048,0.0,0.144999996],""robot_root_angular_velocity"":[-0.641172588,0.957930326,1.166464686],""robot_root_linear_velocity"":[0.107858129,-0.061188579,0.207180291],""robot_root_pose"":[2.304544687,-0.00031296,0.805772424,0.016877344,0.006440034,0.99978596,-0.010084333]}",official carrybox.pt,False,1|smooth_hold|-box_x|0.1|2.0,6004,0,12709,,,0,0,0.0,,,,,,,,,,,,,
official,T0022,legged_gym/resources/ckpt/carrybox.pt,1,smooth_hold,-box_x,0.3,0.5,0.1,0.15,0.15,1.125,3.310875,0.0,1,timeout,0,,,,0,0,4.000012397766113,5c003909fb2d88b2c5c00e23618702c5058bcc65,"{""box_angular_velocity"":[0.052873779,-0.618659258,0.09671323],""box_linear_velocity"":[0.098976366,0.001740224,-0.153116167],""box_mass"":1.125,""box_pose"":[0.551800847,2.8975e-05,0.133338109,-0.004441722,-0.004257535,0.764703453,0.644352853],""dof_position"":[-0.114778496,-0.065067254,-0.012380826,0.300164133,-0.195564568,-0.019029178,-0.082596451,0.029128628,0.001190268,0.296267629,-0.22451891,0.03953027,0.047446173,0.019169979,-0.040060468,-0.042929225,0.181663573,0.012028192,1.148317814,0.008116981,-0.077840693,0.053572401,-0.03771643,-0.151437595,0.008025303,1.154737353,-0.111387946,0.014454889,-0.007514089],""dof_velocity"":[1.481076956,0.704225481,2.081931114,-2.431295156,1.286408424,0.71091783,1.507421494,-0.998571217,-1.996255159,-1.051070571,1.440402269,-2.257136583,-2.374398708,-0.353465945,0.583081841,2.472893,-1.17366302,0.21492897,-1.465881824,-0.603843391,-0.292706192,1.062565207,-0.150377333,1.540605068,-0.364451438,1.445592284,-0.992938161,-1.492092609,-0.810261607],""goal"":[-3.450000048,0.0,0.144999996],""robot_root_angular_velocity"":[-0.639777899,0.951694787,1.166468024],""robot_root_linear_velocity"":[0.106561787,-0.061222512,0.207163483],""robot_root_pose"":[2.304522514,-0.000314931,0.805774629,0.016958158,0.006438796,0.999785006,-0.01004359]}",official carrybox.pt,False,1|smooth_hold|-box_x|0.3|0.5,6004,0,14211,,,0,0,0.0,,,,,,,,,,,,,
official,T0023,legged_gym/resources/ckpt/carrybox.pt,1,smooth_hold,-box_x,0.3,1.0,0.1,0.15,0.15,1.125,3.310875177383423,3.807506746060529,0,,1,2.1410646438598637,0.0799531042575836,0.1060175597667694,0,0,2.600222110748291,8686b8759e303de1b9dcd8c4226ee5761c093f21,"{""box_angular_velocity"":[0.052818909,-0.617193997,0.097779892],""box_linear_velocity"":[0.099004783,0.001751711,-0.153116554],""box_mass"":1.125,""box_pose"":[0.551801264,2.9169e-05,0.133338079,-0.004432955,-0.004249581,0.764709473,0.64434588],""dof_position"":[-0.115173273,-0.065072939,-0.012358559,0.300250351,-0.195336089,-0.019023187,-0.082784683,0.029120829,0.001185883,0.296218961,-0.224485591,0.03952783,0.047393195,0.019156681,-0.040112667,-0.043043997,0.18166624,0.012035387,1.148338437,0.008116276,-0.077845,0.0535734,-0.037792016,-0.151439279,0.007985869,1.154733062,-0.111371219,0.014442697,-0.007521289],""dof_velocity"":[1.482971191,0.704375625,2.087524414,-2.442824841,1.301244497,0.711632669,1.513340116,-0.998463988,-1.990904808,-1.051182866,1.436479807,-2.257259607,-2.372484446,-0.354048729,0.600233555,2.464917421,-1.173290372,0.213890702,-1.471856356,-0.605654061,-0.288861006,1.063053846,-0.156221375,1.539267898,-0.361408114,1.440126777,-0.985117376,-1.490123034,-0.812418342],""goal"":[-3.450000048,0.0,0.144999996],""robot_root_angular_velocity"":[-0.641172588,0.957930326,1.166464686],""robot_root_linear_velocity"":[0.107858129,-0.061188579,0.207180291],""robot_root_pose"":[2.304544687,-0.00031296,0.805772424,0.016877344,0.006440034,0.99978596,-0.010084333]}",official carrybox.pt,True,1|smooth_hold|-box_x|0.3|1.0,1432,1,15713,15906.0,193.0,260,660,3.807506746060529,3.310875415802002,0.08181818181818182,1.0,2.286121368408203,0.9550270242672978,2.3577537536621094,16.50631332397461,4.068891436787266,176.4419403076172,0.837892817084988,1.0,7.370886588457859,0.17296078344172036
official,T0024,legged_gym/resources/ckpt/carrybox.pt,1,smooth_hold,-box_x,0.3,2.0,0.1,0.15,0.15,1.125,3.310875177383423,7.118381674508578,0,,1,1.5017316341400146,0.3751597702503204,0.0629319250583648,0,1,0.0850893706083297,890ac7cfd81a0529cc5bb2b2b5379e1e8b86bd51,"{""box_angular_velocity"":[0.052889582,-0.61865139,0.096734181],""box_linear_velocity"":[0.098980367,0.001740646,-0.153114259],""box_mass"":1.125,""box_pose"":[0.551800847,2.8983e-05,0.133338124,-0.004441583,-0.004257631,0.764703572,0.644352674],""dof_position"":[-0.114780493,-0.065065734,-0.012381375,0.300164253,-0.195563287,-0.019029111,-0.082597293,0.029130163,0.001189528,0.29626748,-0.224519119,0.039530288,0.047445215,0.019171696,-0.040060934,-0.042929903,0.181663275,0.012028037,1.148317933,0.008116961,-0.077840671,0.053572346,-0.037716813,-0.151437983,0.00802487,1.154737353,-0.111387864,0.014454748,-0.007514075],""dof_velocity"":[1.481097341,0.704275906,2.08197403,-2.431375265,1.286488175,0.710931122,1.507451534,-0.99852258,-1.996221066,-1.051046491,1.440371871,-2.257125854,-2.374395847,-0.353436619,0.583172083,2.472838163,-1.173651218,0.214918688,-1.465911984,-0.603842497,-0.2926763,1.062553287,-0.150405914,1.540602088,-0.364442676,1.445573688,-0.99288553,-1.492086768,-0.810283542],""goal"":[-3.450000048,0.0,0.144999996],""robot_root_angular_velocity"":[-0.639743328,0.951727331,1.166491032],""robot_root_linear_velocity"":[0.106568001,-0.061219454,0.207163021],""robot_root_pose"":[2.304522753,-0.000314968,0.80577457,0.01695779,0.006438038,0.999785006,-0.010044244]}",official carrybox.pt,True,1|smooth_hold|-box_x|0.3|2.0,1844,1,16072,16318.0,246.0,460,860,7.118381674508578,3.310875177383423,0.708139534883721,1.0,1.509531021118164,0.4410090981354547,2.004960536956787,7.755475044250488,7.002517134964813,69.45210266113281,0.4091838747782763,1.0,8.042974258889986,0.11650718040736413
official,T0025,legged_gym/resources/ckpt/carrybox.pt,1,smooth_hold,-box_x,0.5,0.5,0.1,0.15,0.15,1.125,5.518125057220459,3.586781315685712,0,,0,0.4511843919754028,-0.0555462837219238,-0.0706615447998046,1,1,0.0871773734688758,8686b8759e303de1b9dcd8c4226ee5761c093f21,"{""box_angular_velocity"":[0.052818909,-0.617193997,0.097779892],""box_linear_velocity"":[0.099004783,0.001751711,-0.153116554],""box_mass"":1.125,""box_pose"":[0.551801264,2.9169e-05,0.133338079,-0.004432955,-0.004249581,0.764709473,0.64434588],""dof_position"":[-0.115173273,-0.065072939,-0.012358559,0.300250351,-0.195336089,-0.019023187,-0.082784683,0.029120829,0.001185883,0.296218961,-0.224485591,0.03952783,0.047393195,0.019156681,-0.040112667,-0.043043997,0.18166624,0.012035387,1.148338437,0.008116276,-0.077845,0.0535734,-0.037792016,-0.151439279,0.007985869,1.154733062,-0.111371219,0.014442697,-0.007521289],""dof_velocity"":[1.482971191,0.704375625,2.087524414,-2.442824841,1.301244497,0.711632669,1.513340116,-0.998463988,-1.990904808,-1.051182866,1.436479807,-2.257259607,-2.372484446,-0.354048729,0.600233555,2.464917421,-1.173290372,0.213890702,-1.471856356,-0.605654061,-0.288861006,1.063053846,-0.156221375,1.539267898,-0.361408114,1.440126777,-0.985117376,-1.490123034,-0.812418342],""goal"":[-3.450000048,0.0,0.144999996],""robot_root_angular_velocity"":[-0.641172588,0.957930326,1.166464686],""robot_root_linear_velocity"":[0.107858129,-0.061188579,0.207180291],""robot_root_pose"":[2.304544687,-0.00031296,0.805772424,0.016877344,0.006440034,0.99978596,-0.010084333]}",official carrybox.pt,True,1|smooth_hold|-box_x|0.5|0.5,1480,1,16534,16764.0,230.0,160,560,3.586781315685712,5.518125057220459,0.9910714285714286,1.0,0.5598307251930237,0.2144081023189106,1.8234729766845703,4.1786723136901855,12.135058603861502,148.2036895751953,0.13435062188696714,0.9999675750732422,13.673627719655633,0.17709685608685635
official,T0026,legged_gym/resources/ckpt/carrybox.pt,1,smooth_hold,-box_x,0.5,1.0,0.1,0.15,0.15,1.125,5.518125057220459,6.345843855942159,0,,1,1.1165432929992676,0.1123648136854171,0.3082277774810791,0,1,0.0097367959097027,b37d1a34b504a21fd416095ed82af6e900cfd110,"{""box_angular_velocity"":[0.0,0.0,0.0],""box_linear_velocity"":[0.0,0.0,-0.196175486],""box_mass"":1.125,""box_pose"":[0.549999952,0.0,0.132547736,0.0,0.0,0.764192939,0.644987702],""dof_position"":[-0.115593508,-0.064746052,-0.012320553,0.300360948,-0.195070326,-0.019001871,-0.083475702,0.029394845,0.001167293,0.296318293,-0.223998114,0.039558936,0.048016004,0.019729495,-0.039579578,-0.042687569,0.180484638,0.011865744,1.147352099,0.008331287,-0.078113355,0.05443877,-0.03782244,-0.151108593,0.008053473,1.154164195,-0.111383066,0.014411789,-0.00821572],""dof_velocity"":[1.460155487,0.702920616,2.068506956,-2.447604179,1.321188092,0.714539647,1.485135555,-1.002265334,-2.011068106,-1.06355381,1.450716734,-2.256109238,-2.361958027,-0.34181416,0.623745561,2.463394165,-1.212964773,0.20323807,-1.455058575,-0.60581696,-0.349257767,1.082467079,-0.168251291,1.565045118,-0.356730878,1.445312738,-0.988606036,-1.515213132,-0.839687943],""goal"":[-3.450000048,0.0,0.144999996],""robot_root_angular_velocity"":[-0.634959042,0.955117822,1.158339977],""robot_root_linear_velocity"":[0.119195879,-0.061470948,0.209652379],""robot_root_pose"":[2.304764509,-0.000354351,0.805820525,0.016868409,0.006288042,0.999789476,-0.009845998]}",official carrybox.pt,True,1|smooth_hold|-box_x|0.5|1.0,1536,1,16905,17124.0,219.0,260,660,6.345843855942159,5.518125057220459,0.9257575757575758,1.0,1.3216651678085327,0.2685784855575273,1.8735333681106567,4.757460117340088,3.990746946435309,129.14219665527344,0.19011471279716882,1.0,6.426082655426228,0.10370759451426702
official,T0027,legged_gym/resources/ckpt/carrybox.pt,1,smooth_hold,-box_x,0.5,2.0,0.1,0.15,0.15,1.125,5.518125,0.0,1,box_tilt|base_tilt,0,,,,0,0,4.000271320343018,8686b8759e303de1b9dcd8c4226ee5761c093f21,"{""box_angular_velocity"":[0.052818909,-0.617193997,0.097779892],""box_linear_velocity"":[0.099004783,0.001751711,-0.153116554],""box_mass"":1.125,""box_pose"":[0.551801264,2.9169e-05,0.133338079,-0.004432955,-0.004249581,0.764709473,0.64434588],""dof_position"":[-0.115173273,-0.065072939,-0.012358559,0.300250351,-0.195336089,-0.019023187,-0.082784683,0.029120829,0.001185883,0.296218961,-0.224485591,0.03952783,0.047393195,0.019156681,-0.040112667,-0.043043997,0.18166624,0.012035387,1.148338437,0.008116276,-0.077845,0.0535734,-0.037792016,-0.151439279,0.007985869,1.154733062,-0.111371219,0.014442697,-0.007521289],""dof_velocity"":[1.482971191,0.704375625,2.087524414,-2.442824841,1.301244497,0.711632669,1.513340116,-0.998463988,-1.990904808,-1.051182866,1.436479807,-2.257259607,-2.372484446,-0.354048729,0.600233555,2.464917421,-1.173290372,0.213890702,-1.471856356,-0.605654061,-0.288861006,1.063053846,-0.156221375,1.539267898,-0.361408114,1.440126777,-0.985117376,-1.490123034,-0.812418342],""goal"":[-3.450000048,0.0,0.144999996],""robot_root_angular_velocity"":[-0.641172588,0.957930326,1.166464686],""robot_root_linear_velocity"":[0.107858129,-0.061188579,0.207180291],""robot_root_pose"":[2.304544687,-0.00031296,0.805772424,0.016877344,0.006440034,0.99978596,-0.010084333]}",official carrybox.pt,False,1|smooth_hold|-box_x|0.5|2.0,3060,0,17290,,,0,0,0.0,,,,,,,,,,,,,
official,T0028,legged_gym/resources/ckpt/carrybox.pt,1,smooth_hold,-box_x,0.7,0.5,0.1,0.15,0.15,1.125,7.725375,0.0,1,timeout,0,,,,0,0,4.000012397766113,b37d1a34b504a21fd416095ed82af6e900cfd110,"{""box_angular_velocity"":[0.0,0.0,0.0],""box_linear_velocity"":[0.0,0.0,-0.196175486],""box_mass"":1.125,""box_pose"":[0.549999952,0.0,0.132547736,0.0,0.0,0.764192939,0.644987702],""dof_position"":[-0.115593508,-0.064746052,-0.012320553,0.300360948,-0.195070326,-0.019001871,-0.083475702,0.029394845,0.001167293,0.296318293,-0.223998114,0.039558936,0.048016004,0.019729495,-0.039579578,-0.042687569,0.180484638,0.011865744,1.147352099,0.008331287,-0.078113355,0.05443877,-0.03782244,-0.151108593,0.008053473,1.154164195,-0.111383066,0.014411789,-0.00821572],""dof_velocity"":[1.460155487,0.702920616,2.068506956,-2.447604179,1.321188092,0.714539647,1.485135555,-1.002265334,-2.011068106,-1.06355381,1.450716734,-2.256109238,-2.361958027,-0.34181416,0.623745561,2.463394165,-1.212964773,0.20323807,-1.455058575,-0.60581696,-0.349257767,1.082467079,-0.168251291,1.565045118,-0.356730878,1.445312738,-0.988606036,-1.515213132,-0.839687943],""goal"":[-3.450000048,0.0,0.144999996],""robot_root_angular_velocity"":[-0.634959042,0.955117822,1.158339977],""robot_root_linear_velocity"":[0.119195879,-0.061470948,0.209652379],""robot_root_pose"":[2.304764509,-0.000354351,0.805820525,0.016868409,0.006288042,0.999789476,-0.009845998]}",official carrybox.pt,False,1|smooth_hold|-box_x|0.7|0.5,6004,0,18056,,,0,0,0.0,,,,,,,,,,,,,
official,T0029,legged_gym/resources/ckpt/carrybox.pt,1,smooth_hold,-box_x,0.7,1.0,0.1,0.15,0.15,1.125,7.725375,0.0,1,head_low,0,,,,0,0,4.000012397766113,b37d1a34b504a21fd416095ed82af6e900cfd110,"{""box_angular_velocity"":[0.0,0.0,0.0],""box_linear_velocity"":[0.0,0.0,-0.196175486],""box_mass"":1.125,""box_pose"":[0.549999952,0.0,0.132547736,0.0,0.0,0.764192939,0.644987702],""dof_position"":[-0.115593508,-0.064746052,-0.012320553,0.300360948,-0.195070326,-0.019001871,-0.083475702,0.029394845,0.001167293,0.296318293,-0.223998114,0.039558936,0.048016004,0.019729495,-0.039579578,-0.042687569,0.180484638,0.011865744,1.147352099,0.008331287,-0.078113355,0.05443877,-0.03782244,-0.151108593,0.008053473,1.154164195,-0.111383066,0.014411789,-0.00821572],""dof_velocity"":[1.460155487,0.702920616,2.068506956,-2.447604179,1.321188092,0.714539647,1.485135555,-1.002265334,-2.011068106,-1.06355381,1.450716734,-2.256109238,-2.361958027,-0.34181416,0.623745561,2.463394165,-1.212964773,0.20323807,-1.455058575,-0.60581696,-0.349257767,1.082467079,-0.168251291,1.565045118,-0.356730878,1.445312738,-0.988606036,-1.515213132,-0.839687943],""goal"":[-3.450000048,0.0,0.144999996],""robot_root_angular_velocity"":[-0.634959042,0.955117822,1.158339977],""robot_root_linear_velocity"":[0.119195879,-0.061470948,0.209652379],""robot_root_pose"":[2.304764509,-0.000354351,0.805820525,0.016868409,0.006288042,0.999789476,-0.009845998]}",official carrybox.pt,False,1|smooth_hold|-box_x|0.7|1.0,964,0,19558,,,0,0,0.0,,,,,,,,,,,,,
official,T0030,legged_gym/resources/ckpt/carrybox.pt,1,smooth_hold,-box_x,0.7,2.0,0.1,0.15,0.15,1.125,7.725375,0.0,1,box_tilt|head_low|base_tilt,0,,,,0,0,4.006732940673828,b37d1a34b504a21fd416095ed82af6e900cfd110,"{""box_angular_velocity"":[0.0,0.0,0.0],""box_linear_velocity"":[0.0,0.0,-0.196175486],""box_mass"":1.125,""box_pose"":[0.549999952,0.0,0.132547736,0.0,0.0,0.764192939,0.644987702],""dof_position"":[-0.115593508,-0.064746052,-0.012320553,0.300360948,-0.195070326,-0.019001871,-0.083475702,0.029394845,0.001167293,0.296318293,-0.223998114,0.039558936,0.048016004,0.019729495,-0.039579578,-0.042687569,0.180484638,0.011865744,1.147352099,0.008331287,-0.078113355,0.05443877,-0.03782244,-0.151108593,0.008053473,1.154164195,-0.111383066,0.014411789,-0.00821572],""dof_velocity"":[1.460155487,0.702920616,2.068506956,-2.447604179,1.321188092,0.714539647,1.485135555,-1.002265334,-2.011068106,-1.06355381,1.450716734,-2.256109238,-2.361958027,-0.34181416,0.623745561,2.463394165,-1.212964773,0.20323807,-1.455058575,-0.60581696,-0.349257767,1.082467079,-0.168251291,1.565045118,-0.356730878,1.445312738,-0.988606036,-1.515213132,-0.839687943],""goal"":[-3.450000048,0.0,0.144999996],""robot_root_angular_velocity"":[-0.634959042,0.955117822,1.158339977],""robot_root_linear_velocity"":[0.119195879,-0.061470948,0.209652379],""robot_root_pose"":[2.304764509,-0.000354351,0.805820525,0.016868409,0.006288042,0.999789476,-0.009845998]}",official carrybox.pt,False,1|smooth_hold|-box_x|0.7|2.0,2004,0,19800,,,0,0,0.0,,,,,,,,,,,,,
official,T0031,legged_gym/resources/ckpt/carrybox.pt,1,smooth_hold,-box_x,0.9,0.5,0.1,0.15,0.15,1.125,9.932625,0.0,1,head_low,0,,,,0,0,4.002496719360352,8686b8759e303de1b9dcd8c4226ee5761c093f21,"{""box_angular_velocity"":[0.052818909,-0.617193997,0.097779892],""box_linear_velocity"":[0.099004783,0.001751711,-0.153116554],""box_mass"":1.125,""box_pose"":[0.551801264,2.9169e-05,0.133338079,-0.004432955,-0.004249581,0.764709473,0.64434588],""dof_position"":[-0.115173273,-0.065072939,-0.012358559,0.300250351,-0.195336089,-0.019023187,-0.082784683,0.029120829,0.001185883,0.296218961,-0.224485591,0.03952783,0.047393195,0.019156681,-0.040112667,-0.043043997,0.18166624,0.012035387,1.148338437,0.008116276,-0.077845,0.0535734,-0.037792016,-0.151439279,0.007985869,1.154733062,-0.111371219,0.014442697,-0.007521289],""dof_velocity"":[1.482971191,0.704375625,2.087524414,-2.442824841,1.301244497,0.711632669,1.513340116,-0.998463988,-1.990904808,-1.051182866,1.436479807,-2.257259607,-2.372484446,-0.354048729,0.600233555,2.464917421,-1.173290372,0.213890702,-1.471856356,-0.605654061,-0.288861006,1.063053846,-0.156221375,1.539267898,-0.361408114,1.440126777,-0.985117376,-1.490123034,-0.812418342],""goal"":[-3.450000048,0.0,0.144999996],""robot_root_angular_velocity"":[-0.641172588,0.957930326,1.166464686],""robot_root_linear_velocity"":[0.107858129,-0.061188579,0.207180291],""robot_root_pose"":[2.304544687,-0.00031296,0.805772424,0.016877344,0.006440034,0.99978596,-0.010084333]}",official carrybox.pt,False,1|smooth_hold|-box_x|0.9|0.5,1164,0,20302,,,0,0,0.0,,,,,,,,,,,,,
official,T0032,legged_gym/resources/ckpt/carrybox.pt,1,smooth_hold,-box_x,0.9,1.0,0.1,0.15,0.15,1.125,9.932624816894531,11.422519615927683,0,,1,1.5719701051712036,0.6678342819213867,0.4080797731876373,1,0,0.8451602458953857,8686b8759e303de1b9dcd8c4226ee5761c093f21,"{""box_angular_velocity"":[0.052818909,-0.617193997,0.097779892],""box_linear_velocity"":[0.099004783,0.001751711,-0.153116554],""box_mass"":1.125,""box_pose"":[0.551801264,2.9169e-05,0.133338079,-0.004432955,-0.004249581,0.764709473,0.64434588],""dof_position"":[-0.115173273,-0.065072939,-0.012358559,0.300250351,-0.195336089,-0.019023187,-0.082784683,0.029120829,0.001185883,0.296218961,-0.224485591,0.03952783,0.047393195,0.019156681,-0.040112667,-0.043043997,0.18166624,0.012035387,1.148338437,0.008116276,-0.077845,0.0535734,-0.037792016,-0.151439279,0.007985869,1.154733062,-0.111371219,0.014442697,-0.007521289],""dof_velocity"":[1.482971191,0.704375625,2.087524414,-2.442824841,1.301244497,0.711632669,1.513340116,-0.998463988,-1.990904808,-1.051182866,1.436479807,-2.257259607,-2.372484446,-0.354048729,0.600233555,2.464917421,-1.173290372,0.213890702,-1.471856356,-0.605654061,-0.288861006,1.063053846,-0.156221375,1.539267898,-0.361408114,1.440126777,-0.985117376,-1.490123034,-0.812418342],""goal"":[-3.450000048,0.0,0.144999996],""robot_root_angular_velocity"":[-0.641172588,0.957930326,1.166464686],""robot_root_linear_velocity"":[0.107858129,-0.061188579,0.207180291],""robot_root_pose"":[2.304544687,-0.00031296,0.805772424,0.016877344,0.006440034,0.99978596,-0.010084333]}",official carrybox.pt,True,1|smooth_hold|-box_x|0.9|1.0,1512,1,20594,20807.0,213.0,260,660,11.422519615927683,9.932625770568848,0.9893939393939394,1.0,1.5857638120651243,0.2758837136016651,1.7820241451263428,3.9502363204956055,-8.83299983430823,24.37547492980957,0.1606309463774475,0.9996725916862488,13.447222116702434,0.1779062667130457
official,T0033,legged_gym/resources/ckpt/carrybox.pt,1,smooth_hold,-box_x,0.9,2.0,0.1,0.15,0.15,1.125,9.932625,0.0,1,head_low,0,,,,0,0,4.000012397766113,6e14cc4303c57f9294df46d038208a12fb3e6d53,"{""box_angular_velocity"":[-0.203434467,-0.253707409,-0.003346454],""box_linear_velocity"":[0.08092425,-0.00262052,-0.160884753],""box_mass"":1.125,""box_pose"":[0.551484644,-4.4385e-05,0.133193463,-0.003042605,-0.000129472,0.764223456,0.64494437],""dof_position"":[-0.115433812,-0.064523518,-0.012230462,0.300240278,-0.19529739,-0.019010125,-0.083421357,0.029622948,0.001289951,0.296221286,-0.224119768,0.039548721,0.047822811,0.019650726,-0.039949451,-0.043299638,0.18179974,0.012148108,1.148351669,0.00781936,-0.077829756,0.053474654,-0.038011074,-0.151492059,0.00807331,1.154495239,-0.111494273,0.014423268,-0.007505656],""dof_velocity"":[1.471220732,0.713641167,2.067213535,-2.445486307,1.307743788,0.716714859,1.491582632,-0.991013467,-2.01086545,-1.062780976,1.44210422,-2.252735853,-2.373494148,-0.338872492,0.612874389,2.46380496,-1.160669208,0.215867817,-1.490794063,-0.628101707,-0.279972583,1.062193394,-0.169798896,1.544015288,-0.361542612,1.432546735,-1.002090454,-1.496277213,-0.810280561],""goal"":[-3.450000048,0.0,0.144999996],""robot_root_angular_velocity"":[-0.626969755,0.950158119,1.145908117],""robot_root_linear_velocity"":[0.112665124,-0.060990591,0.208628148],""robot_root_pose"":[2.30463171,-0.000340054,0.805799723,0.016778249,0.006235914,0.999792457,-0.009729518]}",official carrybox.pt,False,1|smooth_hold|-box_x|0.9|2.0,5624,0,20973,,,0,0,0.0,,,,,,,,,,,,,
official,T0034,legged_gym/resources/ckpt/carrybox.pt,1,smooth_hold,-box_x,1.1,0.5,0.1,0.15,0.15,1.125,12.13987636566162,7.890919764477685,0,,0,0.9729672074317932,0.1589157581329345,-0.0408877059817314,1,0,0.346960186958313,8686b8759e303de1b9dcd8c4226ee5761c093f21,"{""box_angular_velocity"":[0.052818909,-0.617193997,0.097779892],""box_linear_velocity"":[0.099004783,0.001751711,-0.153116554],""box_mass"":1.125,""box_pose"":[0.551801264,2.9169e-05,0.133338079,-0.004432955,-0.004249581,0.764709473,0.64434588],""dof_position"":[-0.115173273,-0.065072939,-0.012358559,0.300250351,-0.195336089,-0.019023187,-0.082784683,0.029120829,0.001185883,0.296218961,-0.224485591,0.03952783,0.047393195,0.019156681,-0.040112667,-0.043043997,0.18166624,0.012035387,1.148338437,0.008116276,-0.077845,0.0535734,-0.037792016,-0.151439279,0.007985869,1.154733062,-0.111371219,0.014442697,-0.007521289],""dof_velocity"":[1.482971191,0.704375625,2.087524414,-2.442824841,1.301244497,0.711632669,1.513340116,-0.998463988,-1.990904808,-1.051182866,1.436479807,-2.257259607,-2.372484446,-0.354048729,0.600233555,2.464917421,-1.173290372,0.213890702,-1.471856356,-0.605654061,-0.288861006,1.063053846,-0.156221375,1.539267898,-0.361408114,1.440126777,-0.985117376,-1.490123034,-0.812418342],""goal"":[-3.450000048,0.0,0.144999996],""robot_root_angular_velocity"":[-0.641172588,0.957930326,1.166464686],""robot_root_linear_velocity"":[0.107858129,-0.061188579,0.207180291],""robot_root_pose"":[2.304544687,-0.00031296,0.805772424,0.016877344,0.006440034,0.99978596,-0.010084333]}",official carrybox.pt,True,1|smooth_hold|-box_x|1.1|0.5,1352,1,22380,22578.0,198.0,160,560,7.890919764477685,12.13987636566162,0.9964285714285714,1.0,1.8572173118591309,0.28663595994003116,2.1615915298461914,5.642213821411133,8.313266289453688,161.0797882080078,0.0760848190793435,0.8265851736068726,12.463666976562568,0.13217749828358394
official,T0035,legged_gym/resources/ckpt/carrybox.pt,1,smooth_hold,-box_x,1.1,1.0,0.1,0.15,0.15,1.125,12.13987636566162,13.960858900606986,0,,1,1.743147373199463,-0.2498406022787094,-0.2701812088489532,0,1,0.0899939239025116,8686b8759e303de1b9dcd8c4226ee5761c093f21,"{""box_angular_velocity"":[0.052818909,-0.617193997,0.097779892],""box_linear_velocity"":[0.099004783,0.001751711,-0.153116554],""box_mass"":1.125,""box_pose"":[0.551801264,2.9169e-05,0.133338079,-0.004432955,-0.004249581,0.764709473,0.64434588],""dof_position"":[-0.115173273,-0.065072939,-0.012358559,0.300250351,-0.195336089,-0.019023187,-0.082784683,0.029120829,0.001185883,0.296218961,-0.224485591,0.03952783,0.047393195,0.019156681,-0.040112667,-0.043043997,0.18166624,0.012035387,1.148338437,0.008116276,-0.077845,0.0535734,-0.037792016,-0.151439279,0.007985869,1.154733062,-0.111371219,0.014442697,-0.007521289],""dof_velocity"":[1.482971191,0.704375625,2.087524414,-2.442824841,1.301244497,0.711632669,1.513340116,-0.998463988,-1.990904808,-1.051182866,1.436479807,-2.257259607,-2.372484446,-0.354048729,0.600233555,2.464917421,-1.173290372,0.213890702,-1.471856356,-0.605654061,-0.288861006,1.063053846,-0.156221375,1.539267898,-0.361408114,1.440126777,-0.985117376,-1.490123034,-0.812418342],""goal"":[-3.450000048,0.0,0.144999996],""robot_root_angular_velocity"":[-0.641172588,0.957930326,1.166464686],""robot_root_linear_velocity"":[0.107858129,-0.061188579,0.207180291],""robot_root_pose"":[2.304544687,-0.00031296,0.805772424,0.016877344,0.006440034,0.99978596,-0.010084333]}",official carrybox.pt,True,1|smooth_hold|-box_x|1.1|1.0,5256,1,22719,23868.0,1149.0,260,660,13.960858900606986,12.139877319335938,0.38484848484848483,1.0,1.7981046438217163,0.5048438691562324,1.9300501346588133,3.28629469871521,6.355911419879306,133.38909912109375,0.6422916502197922,1.0,7.179172984849323,0.13531971732595455
official,T0036,legged_gym/resources/ckpt/carrybox.pt,1,smooth_hold,-box_x,1.1,2.0,0.1,0.15,0.15,1.125,12.13987636566162,26.100736284919385,0,,1,1.3996700048446655,0.4405367076396942,0.6290726065635681,0,1,0.058263286948204,1bc426be34cb65077fc1b52424ce8cc95f09bc85,"{""box_angular_velocity"":[0.052836813,-0.617189646,0.097810775],""box_linear_velocity"":[0.099010304,0.001752366,-0.153114051],""box_mass"":1.125,""box_pose"":[0.551801324,2.9183e-05,0.133338109,-0.004432673,-0.004249513,0.764709711,0.644345582],""dof_position"":[-0.115174472,-0.065070473,-0.012358673,0.300252259,-0.195337623,-0.019023152,-0.082784645,0.029123422,0.001185783,0.296220481,-0.224490583,0.039528027,0.047393553,0.01915868,-0.040115867,-0.043041702,0.181666151,0.012034233,1.148337364,0.008115633,-0.077844411,0.053573385,-0.037789948,-0.151439771,0.007987194,1.154733062,-0.111370511,0.014443287,-0.00752135],""dof_velocity"":[1.481498599,0.70446068,2.087713003,-2.44241786,1.30107522,0.711640716,1.511716723,-0.998362005,-1.990726233,-1.050023437,1.435428143,-2.257225752,-2.372374296,-0.354175001,0.598374724,2.465613604,-1.173216462,0.213730678,-1.472054005,-0.605681598,-0.288774788,1.063018799,-0.155598462,1.539312959,-0.361100882,1.440014124,-0.98502934,-1.490052581,-0.812451661],""goal"":[-3.450000048,0.0,0.144999996],""robot_root_angular_velocity"":[-0.641138017,0.956671715,1.166347027],""robot_root_linear_velocity"":[0.107860424,-0.06118134,0.207166657],""robot_root_pose"":[2.304544449,-0.00031307,0.805772603,0.016876576,0.006438814,0.999786019,-0.010083815]}",official carrybox.pt,True,1|smooth_hold|-box_x|1.1|2.0,1732,1,24034,24252.0,218.0,460,860,26.100736284919385,12.139877319335938,0.7011627906976744,1.0,1.4618549346923828,0.4305010463176079,1.6842389106750488,7.517393112182617,10.452343089770265,98.97574615478516,0.4063572850754839,1.0,12.114589864691329,0.15494277555032546
official,T0037,legged_gym/resources/ckpt/carrybox.pt,1,smooth_hold,+box_y,0.1,0.5,0.1,0.15,0.15,1.125,1.1036250591278076,0.7173563023266718,0,,1,0.9322163462638856,1.872140645980835,1.9443275928497317,0,1,0.0387401916086673,b37d1a34b504a21fd416095ed82af6e900cfd110,"{""box_angular_velocity"":[0.0,0.0,0.0],""box_linear_velocity"":[0.0,0.0,-0.196175486],""box_mass"":1.125,""box_pose"":[0.549999952,0.0,0.132547736,0.0,0.0,0.764192939,0.644987702],""dof_position"":[-0.115593508,-0.064746052,-0.012320553,0.300360948,-0.195070326,-0.019001871,-0.083475702,0.029394845,0.001167293,0.296318293,-0.223998114,0.039558936,0.048016004,0.019729495,-0.039579578,-0.042687569,0.180484638,0.011865744,1.147352099,0.008331287,-0.078113355,0.05443877,-0.03782244,-0.151108593,0.008053473,1.154164195,-0.111383066,0.014411789,-0.00821572],""dof_velocity"":[1.460155487,0.702920616,2.068506956,-2.447604179,1.321188092,0.714539647,1.485135555,-1.002265334,-2.011068106,-1.06355381,1.450716734,-2.256109238,-2.361958027,-0.34181416,0.623745561,2.463394165,-1.212964773,0.20323807,-1.455058575,-0.60581696,-0.349257767,1.082467079,-0.168251291,1.565045118,-0.356730878,1.445312738,-0.988606036,-1.515213132,-0.839687943],""goal"":[-3.450000048,0.0,0.144999996],""robot_root_angular_velocity"":[-0.634959042,0.955117822,1.158339977],""robot_root_linear_velocity"":[0.119195879,-0.061470948,0.209652379],""robot_root_pose"":[2.304764509,-0.000354351,0.805820525,0.016868409,0.006288042,0.999789476,-0.009845998]}",official carrybox.pt,True,1|smooth_hold|+box_y|0.1|0.5,1520,1,24468,24708.0,240.0,160,560,0.7173563023266718,1.1036250591278076,0.9571428571428572,1.0,1.6704275608062744,0.23335742390315448,2.1934914588928223,8.072210311889648,-1.420773096099895,31.283706665039062,0.16112512488970035,1.0,11.324837783271713,0.18161050854271577
official,T0038,legged_gym/resources/ckpt/carrybox.pt,1,smooth_hold,+box_y,0.1,1.0,0.1,0.15,0.15,1.125,1.1036250591278076,1.2691687026785303,0,,1,1.6744370460510254,0.5204188227653503,0.6131860017776489,0,1,0.0313671566545963,8686b8759e303de1b9dcd8c4226ee5761c093f21,"{""box_angular_velocity"":[0.052818909,-0.617193997,0.097779892],""box_linear_velocity"":[0.099004783,0.001751711,-0.153116554],""box_mass"":1.125,""box_pose"":[0.551801264,2.9169e-05,0.133338079,-0.004432955,-0.004249581,0.764709473,0.64434588],""dof_position"":[-0.115173273,-0.065072939,-0.012358559,0.300250351,-0.195336089,-0.019023187,-0.082784683,0.029120829,0.001185883,0.296218961,-0.224485591,0.03952783,0.047393195,0.019156681,-0.040112667,-0.043043997,0.18166624,0.012035387,1.148338437,0.008116276,-0.077845,0.0535734,-0.037792016,-0.151439279,0.007985869,1.154733062,-0.111371219,0.014442697,-0.007521289],""dof_velocity"":[1.482971191,0.704375625,2.087524414,-2.442824841,1.301244497,0.711632669,1.513340116,-0.998463988,-1.990904808,-1.051182866,1.436479807,-2.257259607,-2.372484446,-0.354048729,0.600233555,2.464917421,-1.173290372,0.213890702,-1.471856356,-0.605654061,-0.288861006,1.063053846,-0.156221375,1.539267898,-0.361408114,1.440126777,-0.985117376,-1.490123034,-0.812418342],""goal"":[-3.450000048,0.0,0.144999996],""robot_root_angular_velocity"":[-0.641172588,0.957930326,1.166464686],""robot_root_linear_velocity"":[0.107858129,-0.061188579,0.207180291],""robot_root_pose"":[2.304544687,-0.00031296,0.805772424,0.016877344,0.006440034,0.99978596,-0.010084333]}",official carrybox.pt,True,1|smooth_hold|+box_y|0.1|1.0,2208,1,24849,25236.0,387.0,260,660,1.2691687026785303,1.103624939918518,0.3712121212121212,1.0,1.709546446800232,0.506282511505891,2.5909576416015625,4.70150089263916,3.598225764140035,62.10494995117188,0.6634145015108516,1.0,5.194436594934174,0.08776695615079282
official,T0039,legged_gym/resources/ckpt/carrybox.pt,1,smooth_hold,+box_y,0.1,2.0,0.1,0.15,0.15,1.125,1.1036250591278076,2.372793640134728,0,,1,1.7373909950256348,0.8734146356582642,1.0461976528167725,0,0,2.712334156036377,034bd6f3f189ff325388b3e6d3e4480f8ec74288,"{""box_angular_velocity"":[0.052822415,-0.61719799,0.097819515],""box_linear_velocity"":[0.099008821,0.001752365,-0.153114781],""box_mass"":1.125,""box_pose"":[0.551801264,2.9182e-05,0.133338109,-0.004432775,-0.004249395,0.764709711,0.644345522],""dof_position"":[-0.115176879,-0.065072566,-0.012358149,0.300250411,-0.195335835,-0.019023202,-0.082789905,0.029121155,0.001186105,0.296220541,-0.224485368,0.039527941,0.047393821,0.019156396,-0.040116023,-0.043043714,0.181666374,0.012035329,1.148338318,0.008116056,-0.077845193,0.053573426,-0.0377919,-0.151439309,0.007986029,1.154733062,-0.111371249,0.014442722,-0.007521206],""dof_velocity"":[1.483253241,0.704372942,2.087456942,-2.442850828,1.301222801,0.711636662,1.513685822,-0.998465836,-1.990969896,-1.051399112,1.436519861,-2.257258654,-2.372527838,-0.354020327,0.600594282,2.464808941,-1.17328918,0.213889122,-1.471861243,-0.605677009,-0.288850278,1.063060284,-0.156309456,1.539253116,-0.361420006,1.44009459,-0.985090315,-1.490105987,-0.81242311],""goal"":[-3.450000048,0.0,0.144999996],""robot_root_angular_velocity"":[-0.641163409,0.958184481,1.166504025],""robot_root_linear_velocity"":[0.10785453,-0.061186224,0.207182139],""robot_root_pose"":[2.304544449,-0.000312928,0.805772781,0.016875876,0.00644,0.999786019,-0.010083964]}",official carrybox.pt,True,1|smooth_hold|+box_y|0.1|2.0,1616,1,25402,25591.0,189.0,460,860,2.372793640134728,1.103624939918518,0.10116279069767442,1.0,1.8815689086914065,0.40531058463289643,1.6949530839920044,7.55608606338501,-1.3448622705198305,49.02558517456055,0.8223664860825899,1.0,6.0471264754394936,0.5398921184796098
official,T0040,legged_gym/resources/ckpt/carrybox.pt,1,smooth_hold,+box_y,0.3,0.5,0.1,0.15,0.15,1.125,3.310875177383423,2.152069035304329,0,,1,0.4357016682624817,2.687367677688598,2.634205818176269,0,0,0.4563197791576385,b37d1a34b504a21fd416095ed82af6e900cfd110,"{""box_angular_velocity"":[0.0,0.0,0.0],""box_linear_velocity"":[0.0,0.0,-0.196175486],""box_mass"":1.125,""box_pose"":[0.549999952,0.0,0.132547736,0.0,0.0,0.764192939,0.644987702],""dof_position"":[-0.115593508,-0.064746052,-0.012320553,0.300360948,-0.195070326,-0.019001871,-0.083475702,0.029394845,0.001167293,0.296318293,-0.223998114,0.039558936,0.048016004,0.019729495,-0.039579578,-0.042687569,0.180484638,0.011865744,1.147352099,0.008331287,-0.078113355,0.05443877,-0.03782244,-0.151108593,0.008053473,1.154164195,-0.111383066,0.014411789,-0.00821572],""dof_velocity"":[1.460155487,0.702920616,2.068506956,-2.447604179,1.321188092,0.714539647,1.485135555,-1.002265334,-2.011068106,-1.06355381,1.450716734,-2.256109238,-2.361958027,-0.34181416,0.623745561,2.463394165,-1.212964773,0.20323807,-1.455058575,-0.60581696,-0.349257767,1.082467079,-0.168251291,1.565045118,-0.356730878,1.445312738,-0.988606036,-1.515213132,-0.839687943],""goal"":[-3.450000048,0.0,0.144999996],""robot_root_angular_velocity"":[-0.634959042,0.955117822,1.158339977],""robot_root_linear_velocity"":[0.119195879,-0.061470948,0.209652379],""robot_root_pose"":[2.304764509,-0.000354351,0.805820525,0.016868409,0.006288042,0.999789476,-0.009845998]}",official carrybox.pt,True,1|smooth_hold|+box_y|0.3|0.5,1504,1,25807,26043.0,236.0,160,560,2.152069035304329,3.310875415802002,0.9964285714285714,1.0,0.4749748110771179,0.24125754885442022,1.7056050300598145,2.627117872238159,-2.0240709482692183,3.940533638000488,0.12385050055683158,0.9993342757225036,10.077116242689746,0.1327512246221366
official,T0041,legged_gym/resources/ckpt/carrybox.pt,1,smooth_hold,+box_y,0.3,1.0,0.1,0.15,0.15,1.125,3.310875,0.0,1,head_low,0,,,,0,0,4.000345706939697,2397a8cd446cdfc529950f86c617c3114a237e3d,"{""box_angular_velocity"":[0.053987682,-0.617279768,0.098196477],""box_linear_velocity"":[0.099193439,0.001765673,-0.15302828],""box_mass"":1.125,""box_pose"":[0.551804423,2.9401e-05,0.133339554,-0.004427934,-0.004258689,0.764711797,0.644343078],""dof_position"":[-0.115150966,-0.065058082,-0.012355813,0.300263435,-0.195334032,-0.019014994,-0.082767442,0.029136553,0.001187839,0.296232581,-0.224481568,0.039536979,0.047357935,0.019219963,-0.040070519,-0.043043971,0.181637704,0.012045368,1.148337007,0.008082738,-0.077843994,0.053590406,-0.037615836,-0.151187539,0.008060858,1.154542208,-0.111484051,0.014397577,-0.007786938],""dof_velocity"":[1.48314631,0.704858303,2.088230133,-2.442528248,1.302035093,0.711913228,1.512810469,-0.997987688,-1.990302086,-1.050264001,1.437219858,-2.25693059,-2.374534369,-0.350572169,0.601652741,2.465342283,-1.174687982,0.213780463,-1.472155452,-0.608684242,-0.288791835,1.063822746,-0.15575327,1.550905704,-0.361499548,1.45055306,-0.993572056,-1.504515886,-0.820421934],""goal"":[-3.450000048,0.0,0.144999996],""robot_root_angular_velocity"":[-0.639497697,0.958979547,1.165001988],""robot_root_linear_velocity"":[0.10829784,-0.061899088,0.206811905],""robot_root_pose"":[2.304552317,-0.000326147,0.805767059,0.016895054,0.006423004,0.9997859,-0.0100768]}",official carrybox.pt,False,1|smooth_hold|+box_y|0.3|1.0,876,0,26184,,,0,0,0.0,,,,,,,,,,,,,
official,T0042,legged_gym/resources/ckpt/carrybox.pt,1,smooth_hold,+box_y,0.3,2.0,0.1,0.15,0.15,1.125,3.310875177383423,7.118381656570143,0,,1,1.6279360055923462,0.3108757734298706,0.5621872544288635,0,1,0.0774236768484115,b5f9f9dd2071f2fc79639e46b9e77533019ea840,"{""box_angular_velocity"":[0.122801527,-0.348389924,0.056826327],""box_linear_velocity"":[0.106139667,3.5297e-05,-0.15082258],""box_mass"":1.125,""box_pose"":[0.55191344,1.963e-06,0.133367389,-0.001933505,-0.002983903,0.764574528,0.644525528],""dof_position"":[-0.115402825,-0.064816043,-0.012265354,0.300242603,-0.195285752,-0.019004494,-0.083260931,0.02934319,0.001260655,0.296218455,-0.224221244,0.0395534,0.047674913,0.019477714,-0.040002722,-0.043289468,0.181759268,0.012120326,1.148397565,0.007883431,-0.077808939,0.053460479,-0.038000848,-0.151508674,0.008033003,1.154601097,-0.111463211,0.014450206,-0.007526563],""dof_velocity"":[1.473875642,0.706637442,2.075481892,-2.445890665,1.306012154,0.714047194,1.497516513,-0.997548878,-2.002552509,-1.060348749,1.441208839,-2.255423546,-2.372902632,-0.343082339,0.608704805,2.463527679,-1.164559603,0.214737087,-1.488184452,-0.623187959,-0.27808246,1.060582995,-0.165966243,1.540528655,-0.360497594,1.431800127,-0.996002972,-1.49081707,-0.81209904],""goal"":[-3.450000048,0.0,0.144999996],""robot_root_angular_velocity"":[-0.633916438,0.951490045,1.1520679],""robot_root_linear_velocity"":[0.111238815,-0.061936613,0.20828481],""robot_root_pose"":[2.30460763,-0.000344198,0.805793285,0.016794052,0.006333794,0.99979043,-0.009847658]}",official carrybox.pt,True,1|smooth_hold|+box_y|0.3|2.0,2584,1,26404,26835.0,431.0,460,860,7.118381656570143,3.310875177383423,0.4511627906976744,1.0,2.031317949295044,0.42302098857931963,2.2179534435272217,3.3386476039886475,-1.2454653168140455,28.121232986450195,0.6264398820487089,1.0,2.844160778751207,0.07399977493800983
official,T0043,legged_gym/resources/ckpt/carrybox.pt,1,smooth_hold,+box_y,0.5,0.5,0.1,0.15,0.15,1.125,5.518125057220459,3.586781334759197,0,,1,0.6076226830482483,2.465709924697876,2.472323417663574,1,0,0.3192790448665619,319993332fd38df576cba7794b133a9cc4ac1df0,"{""box_angular_velocity"":[0.052856281,-0.617198169,0.097742975],""box_linear_velocity"":[0.099008985,0.0017517,-0.153114662],""box_mass"":1.125,""box_pose"":[0.551801264,2.9172e-05,0.133338109,-0.004432639,-0.004249663,0.764709353,0.644345939],""dof_position"":[-0.115176149,-0.065069802,-0.012358529,0.300250411,-0.19533594,-0.019023135,-0.082789183,0.029123923,0.001185761,0.296220392,-0.22448571,0.039527997,0.047394257,0.019159295,-0.0401158,-0.043043479,0.181665927,0.012035205,1.148338437,0.008115758,-0.077845179,0.053573497,-0.037791986,-0.151439831,0.007985991,1.154733062,-0.11137151,0.014442763,-0.007521077],""dof_velocity"":[1.483292103,0.704435885,2.08742547,-2.442867994,1.301242948,0.711656213,1.513724804,-0.998403251,-1.991004467,-1.05138278,1.436462522,-2.257234812,-2.372527838,-0.353966177,0.600610316,2.464823723,-1.173268676,0.213884398,-1.471870422,-0.605692208,-0.288844883,1.063049555,-0.156308189,1.539269805,-0.361417651,1.440094352,-0.985103846,-1.490103006,-0.812430561],""goal"":[-3.450000048,0.0,0.144999996],""robot_root_angular_velocity"":[-0.641097069,0.958206534,1.166484952],""robot_root_linear_velocity"":[0.107849799,-0.06118213,0.207181945],""robot_root_pose"":[2.304544687,-0.000313036,0.805772722,0.016876154,0.006438754,0.999786019,-0.010083537]}",official carrybox.pt,True,1|smooth_hold|+box_y|0.5|0.5,1404,1,27051,27262.0,211.0,160,560,3.586781334759197,5.518125057220459,0.9857142857142858,1.0,0.6076226830482483,0.21085488209500908,1.6976990699768066,6.102996826171875,-3.497855490036974,8.03296184539795,0.16841662566356327,0.99984472990036,14.548862794866519,0.1811944449760176
official,T0044,legged_gym/resources/ckpt/carrybox.pt,1,smooth_hold,+box_y,0.5,1.0,0.1,0.15,0.15,1.125,5.518125057220459,6.345843841038668,0,,1,1.5837548971176147,2.5256919860839844,2.5541915893554688,0,1,0.0588107295334339,2397a8cd446cdfc529950f86c617c3114a237e3d,"{""box_angular_velocity"":[0.053987682,-0.617279768,0.098196477],""box_linear_velocity"":[0.099193439,0.001765673,-0.15302828],""box_mass"":1.125,""box_pose"":[0.551804423,2.9401e-05,0.133339554,-0.004427934,-0.004258689,0.764711797,0.644343078],""dof_position"":[-0.115150966,-0.065058082,-0.012355813,0.300263435,-0.195334032,-0.019014994,-0.082767442,0.029136553,0.001187839,0.296232581,-0.224481568,0.039536979,0.047357935,0.019219963,-0.040070519,-0.043043971,0.181637704,0.012045368,1.148337007,0.008082738,-0.077843994,0.053590406,-0.037615836,-0.151187539,0.008060858,1.154542208,-0.111484051,0.014397577,-0.007786938],""dof_velocity"":[1.48314631,0.704858303,2.088230133,-2.442528248,1.302035093,0.711913228,1.512810469,-0.997987688,-1.990302086,-1.050264001,1.437219858,-2.25693059,-2.374534369,-0.350572169,0.601652741,2.465342283,-1.174687982,0.213780463,-1.472155452,-0.608684242,-0.288791835,1.063822746,-0.15575327,1.550905704,-0.361499548,1.45055306,-0.993572056,-1.504515886,-0.820421934],""goal"":[-3.450000048,0.0,0.144999996],""robot_root_angular_velocity"":[-0.639497697,0.958979547,1.165001988],""robot_root_linear_velocity"":[0.10829784,-0.061899088,0.206811905],""robot_root_pose"":[2.304552317,-0.000326147,0.805767059,0.016895054,0.006423004,0.9997859,-0.0100768]}",official carrybox.pt,True,1|smooth_hold|+box_y|0.5|1.0,1540,1,27403,27623.0,220.0,260,660,6.345843841038668,5.518125057220459,0.8893939393939394,1.0,1.5837548971176147,0.3677555579240575,2.2190537452697754,7.158705234527588,-0.8052682517322175,21.707862854003903,0.2386634608660119,1.0,13.037926582314752,0.18524882575818055
official,T0045,legged_gym/resources/ckpt/carrybox.pt,1,smooth_hold,+box_y,0.5,2.0,0.1,0.15,0.15,1.125,5.518125,0.0,1,box_tilt|head_low,0,,,,0,0,4.000012397766113,8686b8759e303de1b9dcd8c4226ee5761c093f21,"{""box_angular_velocity"":[0.052818909,-0.617193997,0.097779892],""box_linear_velocity"":[0.099004783,0.001751711,-0.153116554],""box_mass"":1.125,""box_pose"":[0.551801264,2.9169e-05,0.133338079,-0.004432955,-0.004249581,0.764709473,0.64434588],""dof_position"":[-0.115173273,-0.065072939,-0.012358559,0.300250351,-0.195336089,-0.019023187,-0.082784683,0.029120829,0.001185883,0.296218961,-0.224485591,0.03952783,0.047393195,0.019156681,-0.040112667,-0.043043997,0.18166624,0.012035387,1.148338437,0.008116276,-0.077845,0.0535734,-0.037792016,-0.151439279,0.007985869,1.154733062,-0.111371219,0.014442697,-0.007521289],""dof_velocity"":[1.482971191,0.704375625,2.087524414,-2.442824841,1.301244497,0.711632669,1.513340116,-0.998463988,-1.990904808,-1.051182866,1.436479807,-2.257259607,-2.372484446,-0.354048729,0.600233555,2.464917421,-1.173290372,0.213890702,-1.471856356,-0.605654061,-0.288861006,1.063053846,-0.156221375,1.539267898,-0.361408114,1.440126777,-0.985117376,-1.490123034,-0.812418342],""goal"":[-3.450000048,0.0,0.144999996],""robot_root_angular_velocity"":[-0.641172588,0.957930326,1.166464686],""robot_root_linear_velocity"":[0.107858129,-0.061188579,0.207180291],""robot_root_pose"":[2.304544687,-0.00031296,0.805772424,0.016877344,0.006440034,0.99978596,-0.010084333]}",official carrybox.pt,False,1|smooth_hold|+box_y|0.5|2.0,3832,0,27789,,,0,0,0.0,,,,,,,,,,,,,
official,T0046,legged_gym/resources/ckpt/carrybox.pt,1,smooth_hold,+box_y,0.7,0.5,0.1,0.15,0.15,1.125,7.725375,0.0,1,timeout,0,,,,0,0,4.000012397766113,8686b8759e303de1b9dcd8c4226ee5761c093f21,"{""box_angular_velocity"":[0.052818909,-0.617193997,0.097779892],""box_linear_velocity"":[0.099004783,0.001751711,-0.153116554],""box_mass"":1.125,""box_pose"":[0.551801264,2.9169e-05,0.133338079,-0.004432955,-0.004249581,0.764709473,0.64434588],""dof_position"":[-0.115173273,-0.065072939,-0.012358559,0.300250351,-0.195336089,-0.019023187,-0.082784683,0.029120829,0.001185883,0.296218961,-0.224485591,0.03952783,0.047393195,0.019156681,-0.040112667,-0.043043997,0.18166624,0.012035387,1.148338437,0.008116276,-0.077845,0.0535734,-0.037792016,-0.151439279,0.007985869,1.154733062,-0.111371219,0.014442697,-0.007521289],""dof_velocity"":[1.482971191,0.704375625,2.087524414,-2.442824841,1.301244497,0.711632669,1.513340116,-0.998463988,-1.990904808,-1.051182866,1.436479807,-2.257259607,-2.372484446,-0.354048729,0.600233555,2.464917421,-1.173290372,0.213890702,-1.471856356,-0.605654061,-0.288861006,1.063053846,-0.156221375,1.539267898,-0.361408114,1.440126777,-0.985117376,-1.490123034,-0.812418342],""goal"":[-3.450000048,0.0,0.144999996],""robot_root_angular_velocity"":[-0.641172588,0.957930326,1.166464686],""robot_root_linear_velocity"":[0.107858129,-0.061188579,0.207180291],""robot_root_pose"":[2.304544687,-0.00031296,0.805772424,0.016877344,0.006440034,0.99978596,-0.010084333]}",official carrybox.pt,False,1|smooth_hold|+box_y|0.7|0.5,6004,0,28748,,,0,0,0.0,,,,,,,,,,,,,
official,T0047,legged_gym/resources/ckpt/carrybox.pt,1,smooth_hold,+box_y,0.7,1.0,0.1,0.15,0.15,1.125,7.725375,0.0,1,box_tilt|timeout,0,,,,0,0,4.000012397766113,8686b8759e303de1b9dcd8c4226ee5761c093f21,"{""box_angular_velocity"":[0.052818909,-0.617193997,0.097779892],""box_linear_velocity"":[0.099004783,0.001751711,-0.153116554],""box_mass"":1.125,""box_pose"":[0.551801264,2.9169e-05,0.133338079,-0.004432955,-0.004249581,0.764709473,0.64434588],""dof_position"":[-0.115173273,-0.065072939,-0.012358559,0.300250351,-0.195336089,-0.019023187,-0.082784683,0.029120829,0.001185883,0.296218961,-0.224485591,0.03952783,0.047393195,0.019156681,-0.040112667,-0.043043997,0.18166624,0.012035387,1.148338437,0.008116276,-0.077845,0.0535734,-0.037792016,-0.151439279,0.007985869,1.154733062,-0.111371219,0.014442697,-0.007521289],""dof_velocity"":[1.482971191,0.704375625,2.087524414,-2.442824841,1.301244497,0.711632669,1.513340116,-0.998463988,-1.990904808,-1.051182866,1.436479807,-2.257259607,-2.372484446,-0.354048729,0.600233555,2.464917421,-1.173290372,0.213890702,-1.471856356,-0.605654061,-0.288861006,1.063053846,-0.156221375,1.539267898,-0.361408114,1.440126777,-0.985117376,-1.490123034,-0.812418342],""goal"":[-3.450000048,0.0,0.144999996],""robot_root_angular_velocity"":[-0.641172588,0.957930326,1.166464686],""robot_root_linear_velocity"":[0.107858129,-0.061188579,0.207180291],""robot_root_pose"":[2.304544687,-0.00031296,0.805772424,0.016877344,0.006440034,0.99978596,-0.010084333]}",official carrybox.pt,False,1|smooth_hold|+box_y|0.7|1.0,6004,0,30250,,,0,0,0.0,,,,,,,,,,,,,
official,T0048,legged_gym/resources/ckpt/carrybox.pt,1,smooth_hold,+box_y,0.7,2.0,0.1,0.15,0.15,1.125,7.725375,3.1287770426569965,1,box_tilt|head_low,1,1.7731808423995972,0.3322241902351379,0.4959637820720672,0,0,4.000209808349609,fb636b35ab9dfd0508fc23dd56ecfb94e888b44e,"{""box_angular_velocity"":[0.052819397,-0.617194176,0.097779989],""box_linear_velocity"":[0.099004962,0.001751716,-0.15311648],""box_mass"":1.125,""box_pose"":[0.551801264,2.9169e-05,0.133338094,-0.004432955,-0.00424958,0.764709473,0.64434588],""dof_position"":[-0.115173273,-0.065072939,-0.012358569,0.300250351,-0.195336089,-0.019023187,-0.08278469,0.029120825,0.001185885,0.296218961,-0.224485606,0.039527833,0.047393195,0.01915668,-0.040112663,-0.043044005,0.18166624,0.012035388,1.148338437,0.008116272,-0.077845007,0.0535734,-0.037792008,-0.151439279,0.007985869,1.154733062,-0.111371219,0.014442697,-0.007521288],""dof_velocity"":[1.482971549,0.704375625,2.087524414,-2.442825556,1.301244736,0.711632669,1.513340473,-0.998464048,-1.99090445,-1.051182866,1.436480165,-2.257259369,-2.372484922,-0.354048789,0.600234687,2.464916468,-1.173290253,0.213891104,-1.471856117,-0.60565412,-0.288861662,1.063053489,-0.156221852,1.539268017,-0.361408174,1.440127373,-0.985117197,-1.49012351,-0.812418342],""goal"":[-3.450000048,0.0,0.144999996],""robot_root_angular_velocity"":[-0.641172767,0.957931042,1.166464686],""robot_root_linear_velocity"":[0.107858256,-0.061188627,0.207180291],""robot_root_pose"":[2.304544687,-0.000312973,0.805772424,0.016877342,0.006440036,0.99978596,-0.010084335]}",official carrybox.pt,True,1|smooth_hold|+box_y|0.7|2.0,852,1,31752,31941.0,189.0,96,96,3.1287770426569965,7.725375652313232,0.5416666666666666,1.0,1.80999219417572,0.9933446571230888,1.9989436864852903,11.081113815307615,-10.588864035943212,29.644384384155277,0.3615887703684469,1.0,69.42585799035926,0.47723207392846234
official,T0049,legged_gym/resources/ckpt/carrybox.pt,1,smooth_hold,+box_y,0.9,0.5,0.1,0.15,0.15,1.125,9.932625,0.0,1,box_tilt|timeout,0,,,,0,0,4.000012397766113,8686b8759e303de1b9dcd8c4226ee5761c093f21,"{""box_angular_velocity"":[0.052818909,-0.617193997,0.097779892],""box_linear_velocity"":[0.099004783,0.001751711,-0.153116554],""box_mass"":1.125,""box_pose"":[0.551801264,2.9169e-05,0.133338079,-0.004432955,-0.004249581,0.764709473,0.64434588],""dof_position"":[-0.115173273,-0.065072939,-0.012358559,0.300250351,-0.195336089,-0.019023187,-0.082784683,0.029120829,0.001185883,0.296218961,-0.224485591,0.03952783,0.047393195,0.019156681,-0.040112667,-0.043043997,0.18166624,0.012035387,1.148338437,0.008116276,-0.077845,0.0535734,-0.037792016,-0.151439279,0.007985869,1.154733062,-0.111371219,0.014442697,-0.007521289],""dof_velocity"":[1.482971191,0.704375625,2.087524414,-2.442824841,1.301244497,0.711632669,1.513340116,-0.998463988,-1.990904808,-1.051182866,1.436479807,-2.257259607,-2.372484446,-0.354048729,0.600233555,2.464917421,-1.173290372,0.213890702,-1.471856356,-0.605654061,-0.288861006,1.063053846,-0.156221375,1.539267898,-0.361408114,1.440126777,-0.985117376,-1.490123034,-0.812418342],""goal"":[-3.450000048,0.0,0.144999996],""robot_root_angular_velocity"":[-0.641172588,0.957930326,1.166464686],""robot_root_linear_velocity"":[0.107858129,-0.061188579,0.207180291],""robot_root_pose"":[2.304544687,-0.00031296,0.805772424,0.016877344,0.006440034,0.99978596,-0.010084333]}",official carrybox.pt,False,1|smooth_hold|+box_y|0.9|0.5,6004,0,31966,,,0,0,0.0,,,,,,,,,,,,,
official,T0050,legged_gym/resources/ckpt/carrybox.pt,1,smooth_hold,+box_y,0.9,1.0,0.1,0.15,0.15,1.125,9.932624816894531,11.422519648000106,0,,1,4.33712911605835,1.218765377998352,2.8273513317108154,0,0,2.0542361736297607,feb760869c8d61c92525c1aec637cd610ee840b7,"{""box_angular_velocity"":[0.052842747,-0.61719054,0.097824998],""box_linear_velocity"":[0.099010624,0.001752564,-0.153113946],""box_mass"":1.125,""box_pose"":[0.551801324,2.9186e-05,0.133338109,-0.004432637,-0.004249524,0.764709771,0.644345522],""dof_position"":[-0.115175553,-0.065069757,-0.012358554,0.300250471,-0.195336059,-0.01902313,-0.082788214,0.029124005,0.001185767,0.296220094,-0.224486038,0.039528009,0.047394298,0.019159438,-0.040115334,-0.043043405,0.181665882,0.012035158,1.148338318,0.008115727,-0.077845164,0.053573489,-0.03779199,-0.15143986,0.007986026,1.154733062,-0.111371472,0.014442815,-0.007521071],""dof_velocity"":[1.483340144,0.704434872,2.087417603,-2.442861795,1.301234722,0.71165669,1.513803482,-0.998402774,-1.991011143,-1.051401615,1.436434388,-2.257233143,-2.372532845,-0.353963375,0.600641668,2.464829445,-1.173267245,0.213880002,-1.471869946,-0.605693161,-0.288844049,1.063047528,-0.156301856,1.539269328,-0.361415654,1.440092206,-0.985102534,-1.490098238,-0.812430978],""goal"":[-3.450000048,0.0,0.144999996],""robot_root_angular_velocity"":[-0.641096294,0.958246648,1.166489244],""robot_root_linear_velocity"":[0.107844263,-0.061182398,0.207182303],""robot_root_pose"":[2.304544926,-0.000313076,0.805772722,0.016876372,0.006438739,0.999786019,-0.010083556]}",official carrybox.pt,True,1|smooth_hold|+box_y|0.9|1.0,1496,1,33468,33677.0,209.0,260,660,11.422519648000106,9.932625770568848,0.04242424242424243,1.0,4.415793895721436,1.320358354033846,2.6735775470733643,14.610020637512209,-2.8313089022088342,87.50863647460938,0.8963014374910431,1.0,9.274022797449971,0.1539785652915298
official,T0051,legged_gym/resources/ckpt/carrybox.pt,1,smooth_hold,+box_y,0.9,2.0,0.1,0.15,0.15,1.125,9.932624816894531,21.355143383877877,0,,1,2.0186915397644043,-1.4006669521331787,-1.710474967956543,0,1,0.0904619023203849,d25c6262c99e45e0ba09bea1b6945c647bcab5ef,"{""box_angular_velocity"":[0.052808214,-0.617190242,0.097778589],""box_linear_velocity"":[0.099004112,0.001751618,-0.153116867],""box_mass"":1.125,""box_pose"":[0.551801205,2.9167e-05,0.133338079,-0.004433006,-0.004249528,0.764709473,0.64434588],""dof_position"":[-0.115171447,-0.065072969,-0.012358908,0.300252199,-0.195337623,-0.019023191,-0.082780063,0.029120915,0.001185681,0.29621917,-0.224490404,0.039527889,0.047392298,0.019156683,-0.040112685,-0.043042321,0.181666359,0.01203437,1.148337126,0.008116164,-0.077844225,0.053573303,-0.037789889,-0.15143922,0.007987038,1.154733062,-0.111370213,0.014443208,-0.007521573],""dof_velocity"":[1.481174946,0.704419255,2.087816477,-2.442387342,1.301084042,0.711621106,1.511320233,-0.998404622,-1.990624309,-1.049812555,1.435441017,-2.257246494,-2.37233305,-0.354247063,0.597989321,2.465707779,-1.173234701,0.213737682,-1.472039104,-0.605637789,-0.288792968,1.063018918,-0.155504495,1.539314628,-0.361089081,1.440046549,-0.985038877,-1.490076303,-0.812443018],""goal"":[-3.450000048,0.0,0.144999996],""robot_root_angular_velocity"":[-0.641197026,0.956390202,1.166332722],""robot_root_linear_velocity"":[0.107869014,-0.061186399,0.207164809],""robot_root_pose"":[2.30454421,-0.000312975,0.805772662,0.016878201,0.006439881,0.99978596,-0.01008481]}",official carrybox.pt,True,1|smooth_hold|+box_y|0.9|2.0,3084,1,33843,34399.0,556.0,460,860,21.355143383877877,9.932624816894531,0.42674418604651165,1.0,2.127420663833618,0.5732422715161256,2.3859145641326904,6.627842903137207,-0.23614156810176928,43.28850936889648,0.6371723666797977,1.0,8.176642628741819,0.19312216253006334
official,T0052,legged_gym/resources/ckpt/carrybox.pt,1,smooth_hold,+box_y,1.1,0.5,0.1,0.15,0.15,1.125,12.13987636566162,7.89092022864419,0,,0,0.3582911193370819,2.5626251697540283,2.499997615814209,1,0,0.3219793736934662,f6936cca5ef22f78f0b35a25f081d515486b5b36,"{""box_angular_velocity"":[0.05284534,-0.61702013,0.097947039],""box_linear_velocity"":[0.099015012,0.001754175,-0.153113544],""box_mass"":1.125,""box_pose"":[0.551801383,2.9214e-05,0.133338124,-0.004432308,-0.004249298,0.764710605,0.644344509],""dof_position"":[-0.115191996,-0.065073051,-0.0123576,0.300245881,-0.19533287,-0.019023195,-0.08282119,0.029119929,0.001185977,0.29622367,-0.224467203,0.039527718,0.047397617,0.019156447,-0.040119868,-0.04304966,0.181666121,0.012037138,1.148338675,0.008112586,-0.077846833,0.053574931,-0.037800685,-0.151440069,0.007985147,1.154733062,-0.111372054,0.014443087,-0.007520602],""dof_velocity"":[1.481886268,0.704314351,2.087352753,-2.44247508,1.30074811,0.711638272,1.511525512,-0.998544872,-1.991056085,-1.050773501,1.436299205,-2.257277489,-2.372469425,-0.353990585,0.599865556,2.464985609,-1.17322576,0.213567615,-1.472483039,-0.606253028,-0.288605511,1.063215256,-0.156311378,1.539145231,-0.360893905,1.439413548,-0.984683752,-1.489753723,-0.812497914],""goal"":[-3.450000048,0.0,0.144999996],""robot_root_angular_velocity"":[-0.641153336,0.95710963,1.166251063],""robot_root_linear_velocity"":[0.107999034,-0.061194066,0.207168967],""robot_root_pose"":[2.304546356,-0.00031313,0.805772722,0.016868945,0.006440106,0.999786198,-0.010080459]}",official carrybox.pt,True,1|smooth_hold|+box_y|1.1|0.5,1452,1,34615,34838.0,223.0,160,560,7.89092022864419,12.139877319335938,1.0,0.0,0.3682763278484344,0.2024625676018851,1.5433169603347778,1.869467496871948,0.0652831066865474,4.279652118682861,0.10723083934946247,0.6507393717765808,3.7943633081391455,0.06728741323692827
official,T0053,legged_gym/resources/ckpt/carrybox.pt,1,smooth_hold,+box_y,1.1,1.0,0.1,0.15,0.15,1.125,12.13987636566162,13.96085794782218,0,,1,1.8664470911026,2.227635383605957,2.477375268936157,0,1,0.0819609761238098,2397a8cd446cdfc529950f86c617c3114a237e3d,"{""box_angular_velocity"":[0.053987682,-0.617279768,0.098196477],""box_linear_velocity"":[0.099193439,0.001765673,-0.15302828],""box_mass"":1.125,""box_pose"":[0.551804423,2.9401e-05,0.133339554,-0.004427934,-0.004258689,0.764711797,0.644343078],""dof_position"":[-0.115150966,-0.065058082,-0.012355813,0.300263435,-0.195334032,-0.019014994,-0.082767442,0.029136553,0.001187839,0.296232581,-0.224481568,0.039536979,0.047357935,0.019219963,-0.040070519,-0.043043971,0.181637704,0.012045368,1.148337007,0.008082738,-0.077843994,0.053590406,-0.037615836,-0.151187539,0.008060858,1.154542208,-0.111484051,0.014397577,-0.007786938],""dof_velocity"":[1.48314631,0.704858303,2.088230133,-2.442528248,1.302035093,0.711913228,1.512810469,-0.997987688,-1.990302086,-1.050264001,1.437219858,-2.25693059,-2.374534369,-0.350572169,0.601652741,2.465342283,-1.174687982,0.213780463,-1.472155452,-0.608684242,-0.288791835,1.063822746,-0.15575327,1.550905704,-0.361499548,1.45055306,-0.993572056,-1.504515886,-0.820421934],""goal"":[-3.450000048,0.0,0.144999996],""robot_root_angular_velocity"":[-0.639497697,0.958979547,1.165001988],""robot_root_linear_velocity"":[0.10829784,-0.061899088,0.206811905],""robot_root_pose"":[2.304552317,-0.000326147,0.805767059,0.016895054,0.006423004,0.9997859,-0.0100768]}",official carrybox.pt,True,1|smooth_hold|+box_y|1.1|1.0,1592,1,34979,35212.0,233.0,260,660,13.96085794782218,12.13987636566162,0.7484848484848485,1.0,1.9091285467147827,0.5272005514552196,2.374769687652588,6.971115112304688,-2.169795363334318,26.949583053588867,0.3359006442159598,1.0,10.344629825380716,0.15445366409385866
official,T0054,legged_gym/resources/ckpt/carrybox.pt,1,smooth_hold,+box_y,1.1,2.0,0.1,0.15,0.15,1.125,12.13987636566162,26.100736231345053,0,,1,1.231824517250061,1.9438204765319824,2.200242280960083,0,1,0.0992184206843376,8686b8759e303de1b9dcd8c4226ee5761c093f21,"{""box_angular_velocity"":[0.052818909,-0.617193997,0.097779892],""box_linear_velocity"":[0.099004783,0.001751711,-0.153116554],""box_mass"":1.125,""box_pose"":[0.551801264,2.9169e-05,0.133338079,-0.004432955,-0.004249581,0.764709473,0.64434588],""dof_position"":[-0.115173273,-0.065072939,-0.012358559,0.300250351,-0.195336089,-0.019023187,-0.082784683,0.029120829,0.001185883,0.296218961,-0.224485591,0.03952783,0.047393195,0.019156681,-0.040112667,-0.043043997,0.18166624,0.012035387,1.148338437,0.008116276,-0.077845,0.0535734,-0.037792016,-0.151439279,0.007985869,1.154733062,-0.111371219,0.014442697,-0.007521289],""dof_velocity"":[1.482971191,0.704375625,2.087524414,-2.442824841,1.301244497,0.711632669,1.513340116,-0.998463988,-1.990904808,-1.051182866,1.436479807,-2.257259607,-2.372484446,-0.354048729,0.600233555,2.464917421,-1.173290372,0.213890702,-1.471856356,-0.605654061,-0.288861006,1.063053846,-0.156221375,1.539267898,-0.361408114,1.440126777,-0.985117376,-1.490123034,-0.812418342],""goal"":[-3.450000048,0.0,0.144999996],""robot_root_angular_velocity"":[-0.641172588,0.957930326,1.166464686],""robot_root_linear_velocity"":[0.107858129,-0.061188579,0.207180291],""robot_root_pose"":[2.304544687,-0.00031296,0.805772424,0.016877344,0.006440034,0.99978596,-0.010084333]}",official carrybox.pt,True,1|smooth_hold|+box_y|1.1|2.0,1844,1,35378,35624.0,246.0,460,860,26.100736231345053,12.139877319335938,0.586046511627907,1.0,1.2776623964309692,0.4412472711356227,2.134155750274658,8.01578426361084,-0.7840214416059818,15.658936500549316,0.49049803003882664,1.0,6.391866449855788,0.09319924981228236
official,T0055,legged_gym/resources/ckpt/carrybox.pt,1,smooth_hold,-box_y,0.1,0.5,0.1,0.15,0.15,1.125,1.1036250591278076,0.717356359675768,0,,0,0.6062772870063782,-2.932687282562256,-3.071314811706543,1,0,0.8088670969009399,b37d1a34b504a21fd416095ed82af6e900cfd110,"{""box_angular_velocity"":[0.0,0.0,0.0],""box_linear_velocity"":[0.0,0.0,-0.196175486],""box_mass"":1.125,""box_pose"":[0.549999952,0.0,0.132547736,0.0,0.0,0.764192939,0.644987702],""dof_position"":[-0.115593508,-0.064746052,-0.012320553,0.300360948,-0.195070326,-0.019001871,-0.083475702,0.029394845,0.001167293,0.296318293,-0.223998114,0.039558936,0.048016004,0.019729495,-0.039579578,-0.042687569,0.180484638,0.011865744,1.147352099,0.008331287,-0.078113355,0.05443877,-0.03782244,-0.151108593,0.008053473,1.154164195,-0.111383066,0.014411789,-0.00821572],""dof_velocity"":[1.460155487,0.702920616,2.068506956,-2.447604179,1.321188092,0.714539647,1.485135555,-1.002265334,-2.011068106,-1.06355381,1.450716734,-2.256109238,-2.361958027,-0.34181416,0.623745561,2.463394165,-1.212964773,0.20323807,-1.455058575,-0.60581696,-0.349257767,1.082467079,-0.168251291,1.565045118,-0.356730878,1.445312738,-0.988606036,-1.515213132,-0.839687943],""goal"":[-3.450000048,0.0,0.144999996],""robot_root_angular_velocity"":[-0.634959042,0.955117822,1.158339977],""robot_root_linear_velocity"":[0.119195879,-0.061470948,0.209652379],""robot_root_pose"":[2.304764509,-0.000354351,0.805820525,0.016868409,0.006288042,0.999789476,-0.009845998]}",official carrybox.pt,True,1|smooth_hold|-box_y|0.1|0.5,1344,1,35840,36036.0,196.0,160,560,0.717356359675768,1.1036251783370972,0.9857142857142858,1.0,0.79900723695755,0.25780626885326846,1.786295771598816,5.552833080291748,2.1406333363116055,56.39029693603516,0.16638993966958618,0.9995030760765076,16.167988958209754,0.19305844029453767
official,T0056,legged_gym/resources/ckpt/carrybox.pt,1,smooth_hold,-box_y,0.1,1.0,0.1,0.15,0.15,1.125,1.1036250591278076,1.2691688249265525,0,,1,1.6449764966964722,-0.5269818902015686,-0.5877386331558228,0,1,0.0422003380954265,b37d1a34b504a21fd416095ed82af6e900cfd110,"{""box_angular_velocity"":[0.0,0.0,0.0],""box_linear_velocity"":[0.0,0.0,-0.196175486],""box_mass"":1.125,""box_pose"":[0.549999952,0.0,0.132547736,0.0,0.0,0.764192939,0.644987702],""dof_position"":[-0.115593508,-0.064746052,-0.012320553,0.300360948,-0.195070326,-0.019001871,-0.083475702,0.029394845,0.001167293,0.296318293,-0.223998114,0.039558936,0.048016004,0.019729495,-0.039579578,-0.042687569,0.180484638,0.011865744,1.147352099,0.008331287,-0.078113355,0.05443877,-0.03782244,-0.151108593,0.008053473,1.154164195,-0.111383066,0.014411789,-0.00821572],""dof_velocity"":[1.460155487,0.702920616,2.068506956,-2.447604179,1.321188092,0.714539647,1.485135555,-1.002265334,-2.011068106,-1.06355381,1.450716734,-2.256109238,-2.361958027,-0.34181416,0.623745561,2.463394165,-1.212964773,0.20323807,-1.455058575,-0.60581696,-0.349257767,1.082467079,-0.168251291,1.565045118,-0.356730878,1.445312738,-0.988606036,-1.515213132,-0.839687943],""goal"":[-3.450000048,0.0,0.144999996],""robot_root_angular_velocity"":[-0.634959042,0.955117822,1.158339977],""robot_root_linear_velocity"":[0.119195879,-0.061470948,0.209652379],""robot_root_pose"":[2.304764509,-0.000354351,0.805820525,0.016868409,0.006288042,0.999789476,-0.009845998]}",official carrybox.pt,True,1|smooth_hold|-box_y|0.1|1.0,3368,1,36177,36854.0,677.0,260,660,1.2691688249265525,1.1036250591278076,0.6015151515151516,1.0,1.6761449575424194,0.45385427981276405,1.876584768295288,3.7904398441314697,4.435761325840246,65.34208679199219,0.5306188479609166,1.0,5.6988197010123365,0.16099638552316747
official,T0057,legged_gym/resources/ckpt/carrybox.pt,1,smooth_hold,-box_y,0.1,2.0,0.1,0.15,0.15,1.125,1.103625,0.0,1,timeout,0,,,,0,0,4.000012397766113,4a39b65f33209517313081a4213e41dcdb1fc891,"{""box_angular_velocity"":[0.052837994,-0.617181599,0.097803824],""box_linear_velocity"":[0.099009968,0.001752293,-0.153114304],""box_mass"":1.125,""box_pose"":[0.551801324,2.9181e-05,0.133338109,-0.004432673,-0.004249524,0.764709771,0.644345641],""dof_position"":[-0.11517594,-0.065072663,-0.012358184,0.3002505,-0.195336044,-0.019023199,-0.082788348,0.029121112,0.001186112,0.296220213,-0.224485993,0.039527949,0.047393713,0.019156383,-0.040115464,-0.04304358,0.181666404,0.012035237,1.148338318,0.008116112,-0.077845067,0.053573366,-0.03779171,-0.151439324,0.0079861,1.154733062,-0.111371167,0.01444278,-0.007521228],""dof_velocity"":[1.483274221,0.704372942,2.08746314,-2.442837238,1.301213622,0.711635292,1.513735771,-0.998464286,-1.990962148,-1.051387072,1.43647337,-2.2572577,-2.372527122,-0.354026347,0.600576878,2.464832544,-1.173288703,0.213887736,-1.471862555,-0.605665207,-0.288846999,1.063055396,-0.156284437,1.539255261,-0.361416072,1.440099597,-0.985090256,-1.490104795,-0.81242317],""goal"":[-3.450000048,0.0,0.144999996],""robot_root_angular_velocity"":[-0.641165555,0.958197773,1.16650939],""robot_root_linear_velocity"":[0.107847281,-0.06118612,0.207182392],""robot_root_pose"":[2.304544687,-0.000312931,0.805772603,0.016876258,0.006439997,0.999786019,-0.010084022]}",official carrybox.pt,False,1|smooth_hold|-box_y|0.1|2.0,6004,0,37020,,,0,0,0.0,,,,,,,,,,,,,
official,T0058,legged_gym/resources/ckpt/carrybox.pt,1,smooth_hold,-box_y,0.3,0.5,0.1,0.15,0.15,1.125,3.310875,0.0,1,timeout,0,,,,0,0,4.000012397766113,b37d1a34b504a21fd416095ed82af6e900cfd110,"{""box_angular_velocity"":[0.0,0.0,0.0],""box_linear_velocity"":[0.0,0.0,-0.196175486],""box_mass"":1.125,""box_pose"":[0.549999952,0.0,0.132547736,0.0,0.0,0.764192939,0.644987702],""dof_position"":[-0.115593508,-0.064746052,-0.012320553,0.300360948,-0.195070326,-0.019001871,-0.083475702,0.029394845,0.001167293,0.296318293,-0.223998114,0.039558936,0.048016004,0.019729495,-0.039579578,-0.042687569,0.180484638,0.011865744,1.147352099,0.008331287,-0.078113355,0.05443877,-0.03782244,-0.151108593,0.008053473,1.154164195,-0.111383066,0.014411789,-0.00821572],""dof_velocity"":[1.460155487,0.702920616,2.068506956,-2.447604179,1.321188092,0.714539647,1.485135555,-1.002265334,-2.011068106,-1.06355381,1.450716734,-2.256109238,-2.361958027,-0.34181416,0.623745561,2.463394165,-1.212964773,0.20323807,-1.455058575,-0.60581696,-0.349257767,1.082467079,-0.168251291,1.565045118,-0.356730878,1.445312738,-0.988606036,-1.515213132,-0.839687943],""goal"":[-3.450000048,0.0,0.144999996],""robot_root_angular_velocity"":[-0.634959042,0.955117822,1.158339977],""robot_root_linear_velocity"":[0.119195879,-0.061470948,0.209652379],""robot_root_pose"":[2.304764509,-0.000354351,0.805820525,0.016868409,0.006288042,0.999789476,-0.009845998]}",official carrybox.pt,False,1|smooth_hold|-box_y|0.3|0.5,6004,0,38522,,,0,0,0.0,,,,,,,,,,,,,
official,T0059,legged_gym/resources/ckpt/carrybox.pt,1,smooth_hold,-box_y,0.3,1.0,0.1,0.15,0.15,1.125,3.310875177383423,3.8075064690293,0,,1,2.275424003601074,-2.3803322315216064,-2.418360948562622,0,0,0.1168854087591171,80d7eeac8463493e4c91cc2c81cc091b92354715,"{""box_angular_velocity"":[-0.297867984,-0.319351733,-0.032263845],""box_linear_velocity"":[0.100266099,-0.003789719,-0.153341889],""box_mass"":1.125,""box_pose"":[0.551815212,-6.5458e-05,0.133325085,-0.004173232,5.3513e-05,0.764057815,0.645134211],""dof_position"":[-0.115294918,-0.06437102,-0.01219273,0.300228387,-0.195379198,-0.019007172,-0.083367079,0.029741844,0.00128916,0.296228915,-0.224135965,0.03956252,0.047933102,0.01985742,-0.039993562,-0.043211214,0.181701034,0.012144069,1.148369074,0.007802482,-0.077844225,0.053500984,-0.037999902,-0.151486561,0.008080729,1.154543638,-0.111564398,0.014445913,-0.007566571],""dof_velocity"":[1.475157142,0.714877367,2.062792063,-2.443033934,1.305471897,0.717425883,1.493760943,-0.991115451,-2.016391754,-1.061908722,1.440014601,-2.25174284,-2.373425484,-0.334150642,0.610210657,2.466875315,-1.161780477,0.215045154,-1.487348318,-0.630857944,-0.281653613,1.061759233,-0.169617593,1.547168612,-0.361049801,1.434657693,-1.006056428,-1.494487405,-0.813078701],""goal"":[-3.450000048,0.0,0.144999996],""robot_root_angular_velocity"":[-0.624226213,0.951401711,1.142729521],""robot_root_linear_velocity"":[0.111553863,-0.061321124,0.208340153],""robot_root_pose"":[2.304613113,-0.000358062,0.805795431,0.016800435,0.006173567,0.999793172,-0.009654207]}",official carrybox.pt,True,1|smooth_hold|-box_y|0.3|1.0,1600,1,40024,40259.0,235.0,260,660,3.8075064690293,3.310875177383423,0.8863636363636364,1.0,2.4509928226470947,0.37432590316077974,2.766777276992798,4.184169292449951,1.0040260343389078,43.20725631713867,0.21705269026693494,0.98362797498703,13.223554736669316,0.2698459093414523
official,T0060,legged_gym/resources/ckpt/carrybox.pt,1,smooth_hold,-box_y,0.3,2.0,0.1,0.15,0.15,1.125,3.310875177383423,7.118381664021888,0,,1,1.208943247795105,-2.7910330295562744,-2.507174491882324,0,1,0.0312329139560461,b37d1a34b504a21fd416095ed82af6e900cfd110,"{""box_angular_velocity"":[0.0,0.0,0.0],""box_linear_velocity"":[0.0,0.0,-0.196175486],""box_mass"":1.125,""box_pose"":[0.549999952,0.0,0.132547736,0.0,0.0,0.764192939,0.644987702],""dof_position"":[-0.115593508,-0.064746052,-0.012320553,0.300360948,-0.195070326,-0.019001871,-0.083475702,0.029394845,0.001167293,0.296318293,-0.223998114,0.039558936,0.048016004,0.019729495,-0.039579578,-0.042687569,0.180484638,0.011865744,1.147352099,0.008331287,-0.078113355,0.05443877,-0.03782244,-0.151108593,0.008053473,1.154164195,-0.111383066,0.014411789,-0.00821572],""dof_velocity"":[1.460155487,0.702920616,2.068506956,-2.447604179,1.321188092,0.714539647,1.485135555,-1.002265334,-2.011068106,-1.06355381,1.450716734,-2.256109238,-2.361958027,-0.34181416,0.623745561,2.463394165,-1.212964773,0.20323807,-1.455058575,-0.60581696,-0.349257767,1.082467079,-0.168251291,1.565045118,-0.356730878,1.445312738,-0.988606036,-1.515213132,-0.839687943],""goal"":[-3.450000048,0.0,0.144999996],""robot_root_angular_velocity"":[-0.634959042,0.955117822,1.158339977],""robot_root_linear_velocity"":[0.119195879,-0.061470948,0.209652379],""robot_root_pose"":[2.304764509,-0.000354351,0.805820525,0.016868409,0.006288042,0.999789476,-0.009845998]}",official carrybox.pt,True,1|smooth_hold|-box_y|0.3|2.0,2548,1,40425,40847.0,422.0,460,860,7.118381664021888,3.310875177383423,0.8244186046511628,1.0,1.208943247795105,0.3374625955242664,2.108806848526001,13.292487144470217,0.15529489465447704,9.922368049621582,0.29824437934842346,1.0,4.97494804965722,0.1124653186605428
official,T0061,legged_gym/resources/ckpt/carrybox.pt,1,smooth_hold,-box_y,0.5,0.5,0.1,0.15,0.15,1.125,5.518125,0.0,1,timeout,0,,,,0,0,4.000012397766113,b37d1a34b504a21fd416095ed82af6e900cfd110,"{""box_angular_velocity"":[0.0,0.0,0.0],""box_linear_velocity"":[0.0,0.0,-0.196175486],""box_mass"":1.125,""box_pose"":[0.549999952,0.0,0.132547736,0.0,0.0,0.764192939,0.644987702],""dof_position"":[-0.115593508,-0.064746052,-0.012320553,0.300360948,-0.195070326,-0.019001871,-0.083475702,0.029394845,0.001167293,0.296318293,-0.223998114,0.039558936,0.048016004,0.019729495,-0.039579578,-0.042687569,0.180484638,0.011865744,1.147352099,0.008331287,-0.078113355,0.05443877,-0.03782244,-0.151108593,0.008053473,1.154164195,-0.111383066,0.014411789,-0.00821572],""dof_velocity"":[1.460155487,0.702920616,2.068506956,-2.447604179,1.321188092,0.714539647,1.485135555,-1.002265334,-2.011068106,-1.06355381,1.450716734,-2.256109238,-2.361958027,-0.34181416,0.623745561,2.463394165,-1.212964773,0.20323807,-1.455058575,-0.60581696,-0.349257767,1.082467079,-0.168251291,1.565045118,-0.356730878,1.445312738,-0.988606036,-1.515213132,-0.839687943],""goal"":[-3.450000048,0.0,0.144999996],""robot_root_angular_velocity"":[-0.634959042,0.955117822,1.158339977],""robot_root_linear_velocity"":[0.119195879,-0.061470948,0.209652379],""robot_root_pose"":[2.304764509,-0.000354351,0.805820525,0.016868409,0.006288042,0.999789476,-0.009845998]}",official carrybox.pt,False,1|smooth_hold|-box_y|0.5|0.5,6004,0,41063,,,0,0,0.0,,,,,,,,,,,,,
official,T0062,legged_gym/resources/ckpt/carrybox.pt,1,smooth_hold,-box_y,0.5,1.0,0.1,0.15,0.15,1.125,5.518125057220459,6.345843840052631,0,,1,1.8590928316116333,0.6548755168914795,0.8714971542358398,0,1,0.0291761066764593,b37d1a34b504a21fd416095ed82af6e900cfd110,"{""box_angular_velocity"":[0.0,0.0,0.0],""box_linear_velocity"":[0.0,0.0,-0.196175486],""box_mass"":1.125,""box_pose"":[0.549999952,0.0,0.132547736,0.0,0.0,0.764192939,0.644987702],""dof_position"":[-0.115593508,-0.064746052,-0.012320553,0.300360948,-0.195070326,-0.019001871,-0.083475702,0.029394845,0.001167293,0.296318293,-0.223998114,0.039558936,0.048016004,0.019729495,-0.039579578,-0.042687569,0.180484638,0.011865744,1.147352099,0.008331287,-0.078113355,0.05443877,-0.03782244,-0.151108593,0.008053473,1.154164195,-0.111383066,0.014411789,-0.00821572],""dof_velocity"":[1.460155487,0.702920616,2.068506956,-2.447604179,1.321188092,0.714539647,1.485135555,-1.002265334,-2.011068106,-1.06355381,1.450716734,-2.256109238,-2.361958027,-0.34181416,0.623745561,2.463394165,-1.212964773,0.20323807,-1.455058575,-0.60581696,-0.349257767,1.082467079,-0.168251291,1.565045118,-0.356730878,1.445312738,-0.988606036,-1.515213132,-0.839687943],""goal"":[-3.450000048,0.0,0.144999996],""robot_root_angular_velocity"":[-0.634959042,0.955117822,1.158339977],""robot_root_linear_velocity"":[0.119195879,-0.061470948,0.209652379],""robot_root_pose"":[2.304764509,-0.000354351,0.805820525,0.016868409,0.006288042,0.999789476,-0.009845998]}",official carrybox.pt,True,1|smooth_hold|-box_y|0.5|1.0,2436,1,42565,43009.0,444.0,260,660,6.345843840052631,5.518125057220459,0.46060606060606063,1.0,1.890205264091492,0.46618065087858473,1.814785361289978,8.275309562683105,0.022054439927027984,48.96199035644531,0.5817117886956442,1.0,5.545111497423866,0.17344843125600054
official,T0063,legged_gym/resources/ckpt/carrybox.pt,1,smooth_hold,-box_y,0.5,2.0,0.1,0.15,0.15,1.125,5.518125057220459,11.86396990799202,0,,1,1.2164461612701416,-2.3329017162323,-2.3940184116363525,0,1,0.0837832540273666,7af928e26de091b4b14c41ee1fccbdaf24f363d5,"{""box_angular_velocity"":[0.0,0.0,0.0],""box_linear_velocity"":[0.0,0.0,-0.196175486],""box_mass"":1.125,""box_pose"":[0.549999952,0.0,0.132547736,0.0,0.0,0.764192939,0.644987702],""dof_position"":[-0.115596883,-0.064745389,-0.012320194,0.300360918,-0.195070252,-0.019001883,-0.083480507,0.029395478,0.001167484,0.296319634,-0.223998114,0.03955901,0.048016641,0.019729484,-0.039582741,-0.042687181,0.180484727,0.011865666,1.147352219,0.008331014,-0.078113429,0.054438803,-0.037822254,-0.151108667,0.008053668,1.154163241,-0.111383148,0.014411828,-0.008215673],""dof_velocity"":[1.460457683,0.702925205,2.068433046,-2.447620392,1.32116425,0.714545548,1.48551631,-1.002259374,-2.011137724,-1.063772202,1.450737238,-2.256103992,-2.362004757,-0.341780752,0.624125481,2.463289261,-1.212960243,0.203233615,-1.45507884,-0.605843306,-0.349237561,1.082473993,-0.168335885,1.565036774,-0.356743783,1.44527638,-0.988583386,-1.515198112,-0.839695036],""goal"":[-3.450000048,0.0,0.144999996],""robot_root_angular_velocity"":[-0.634942055,0.95539099,1.158380628],""robot_root_linear_velocity"":[0.119189933,-0.061467927,0.209654436],""robot_root_pose"":[2.304764748,-0.000354368,0.805820525,0.016866924,0.006287782,0.999789476,-0.009845414]}",official carrybox.pt,True,1|smooth_hold|-box_y|0.5|2.0,1704,1,43175,43386.0,211.0,460,860,11.86396990799202,5.518125534057617,0.7255813953488373,1.0,1.231626272201538,0.35952987062289965,1.9360370635986328,6.668602466583252,1.8805797034373701,17.93132781982422,0.4046980842792288,1.0,13.158237298638667,0.17889090603752858
official,T0064,legged_gym/resources/ckpt/carrybox.pt,1,smooth_hold,-box_y,0.7,0.5,0.1,0.15,0.15,1.125,7.725375175476074,5.021493930969522,0,,1,1.2910547256469729,0.0540409088134765,0.1881380081176757,0,1,0.0547607317566871,b37d1a34b504a21fd416095ed82af6e900cfd110,"{""box_angular_velocity"":[0.0,0.0,0.0],""box_linear_velocity"":[0.0,0.0,-0.196175486],""box_mass"":1.125,""box_pose"":[0.549999952,0.0,0.132547736,0.0,0.0,0.764192939,0.644987702],""dof_position"":[-0.115593508,-0.064746052,-0.012320553,0.300360948,-0.195070326,-0.019001871,-0.083475702,0.029394845,0.001167293,0.296318293,-0.223998114,0.039558936,0.048016004,0.019729495,-0.039579578,-0.042687569,0.180484638,0.011865744,1.147352099,0.008331287,-0.078113355,0.05443877,-0.03782244,-0.151108593,0.008053473,1.154164195,-0.111383066,0.014411789,-0.00821572],""dof_velocity"":[1.460155487,0.702920616,2.068506956,-2.447604179,1.321188092,0.714539647,1.485135555,-1.002265334,-2.011068106,-1.06355381,1.450716734,-2.256109238,-2.361958027,-0.34181416,0.623745561,2.463394165,-1.212964773,0.20323807,-1.455058575,-0.60581696,-0.349257767,1.082467079,-0.168251291,1.565045118,-0.356730878,1.445312738,-0.988606036,-1.515213132,-0.839687943],""goal"":[-3.450000048,0.0,0.144999996],""robot_root_angular_velocity"":[-0.634959042,0.955117822,1.158339977],""robot_root_linear_velocity"":[0.119195879,-0.061470948,0.209652379],""robot_root_pose"":[2.304764509,-0.000354351,0.805820525,0.016868409,0.006288042,0.999789476,-0.009845998]}",official carrybox.pt,True,1|smooth_hold|-box_y|0.7|0.5,2128,1,43602,43994.0,392.0,160,560,5.021493930969522,7.725375175476074,0.8803571428571428,1.0,1.385319471359253,0.31871745360216924,2.0862388610839844,8.078042984008789,1.4601888477536185,47.85546112060547,0.3008742297941353,0.9999999403953552,6.435511638011251,0.13892248071798735
official,T0065,legged_gym/resources/ckpt/carrybox.pt,1,smooth_hold,-box_y,0.7,1.0,0.1,0.15,0.15,1.125,7.725375175476074,8.884182013862002,0,,1,0.6502256393432617,-2.759279251098633,-2.676852226257324,0,1,0.0482882633805274,8686b8759e303de1b9dcd8c4226ee5761c093f21,"{""box_angular_velocity"":[0.052818909,-0.617193997,0.097779892],""box_linear_velocity"":[0.099004783,0.001751711,-0.153116554],""box_mass"":1.125,""box_pose"":[0.551801264,2.9169e-05,0.133338079,-0.004432955,-0.004249581,0.764709473,0.64434588],""dof_position"":[-0.115173273,-0.065072939,-0.012358559,0.300250351,-0.195336089,-0.019023187,-0.082784683,0.029120829,0.001185883,0.296218961,-0.224485591,0.03952783,0.047393195,0.019156681,-0.040112667,-0.043043997,0.18166624,0.012035387,1.148338437,0.008116276,-0.077845,0.0535734,-0.037792016,-0.151439279,0.007985869,1.154733062,-0.111371219,0.014442697,-0.007521289],""dof_velocity"":[1.482971191,0.704375625,2.087524414,-2.442824841,1.301244497,0.711632669,1.513340116,-0.998463988,-1.990904808,-1.051182866,1.436479807,-2.257259607,-2.372484446,-0.354048729,0.600233555,2.464917421,-1.173290372,0.213890702,-1.471856356,-0.605654061,-0.288861006,1.063053846,-0.156221375,1.539267898,-0.361408114,1.440126777,-0.985117376,-1.490123034,-0.812418342],""goal"":[-3.450000048,0.0,0.144999996],""robot_root_angular_velocity"":[-0.641172588,0.957930326,1.166464686],""robot_root_linear_velocity"":[0.107858129,-0.061188579,0.207180291],""robot_root_pose"":[2.304544687,-0.00031296,0.805772424,0.016877344,0.006440034,0.99978596,-0.010084333]}",official carrybox.pt,True,1|smooth_hold|-box_y|0.7|1.0,1564,1,44135,44361.0,226.0,260,660,8.884182013862002,7.725375652313232,0.9863636363636363,1.0,1.4753116369247437,0.22223460003733636,2.021836996078491,4.109743118286133,1.5326113649615736,20.11402130126953,0.10966628556436098,0.9942315220832824,10.321230711361789,0.14459789620939936
official,T0066,legged_gym/resources/ckpt/carrybox.pt,1,smooth_hold,-box_y,0.7,2.0,0.1,0.15,0.15,1.125,7.725375,0.0,1,head_low,0,,,,0,0,4.004788398742676,b37d1a34b504a21fd416095ed82af6e900cfd110,"{""box_angular_velocity"":[0.0,0.0,0.0],""box_linear_velocity"":[0.0,0.0,-0.196175486],""box_mass"":1.125,""box_pose"":[0.549999952,0.0,0.132547736,0.0,0.0,0.764192939,0.644987702],""dof_position"":[-0.115593508,-0.064746052,-0.012320553,0.300360948,-0.195070326,-0.019001871,-0.083475702,0.029394845,0.001167293,0.296318293,-0.223998114,0.039558936,0.048016004,0.019729495,-0.039579578,-0.042687569,0.180484638,0.011865744,1.147352099,0.008331287,-0.078113355,0.05443877,-0.03782244,-0.151108593,0.008053473,1.154164195,-0.111383066,0.014411789,-0.00821572],""dof_velocity"":[1.460155487,0.702920616,2.068506956,-2.447604179,1.321188092,0.714539647,1.485135555,-1.002265334,-2.011068106,-1.06355381,1.450716734,-2.256109238,-2.361958027,-0.34181416,0.623745561,2.463394165,-1.212964773,0.20323807,-1.455058575,-0.60581696,-0.349257767,1.082467079,-0.168251291,1.565045118,-0.356730878,1.445312738,-0.988606036,-1.515213132,-0.839687943],""goal"":[-3.450000048,0.0,0.144999996],""robot_root_angular_velocity"":[-0.634959042,0.955117822,1.158339977],""robot_root_linear_velocity"":[0.119195879,-0.061470948,0.209652379],""robot_root_pose"":[2.304764509,-0.000354351,0.805820525,0.016868409,0.006288042,0.999789476,-0.009845998]}",official carrybox.pt,False,1|smooth_hold|-box_y|0.7|2.0,4828,0,44527,,,0,0,0.0,,,,,,,,,,,,,
official,T0067,legged_gym/resources/ckpt/carrybox.pt,1,smooth_hold,-box_y,0.9,0.5,0.1,0.15,0.15,1.125,9.932624816894531,6.456206208005128,0,,1,1.7870556116104126,1.428656816482544,1.6714497804641724,0,1,0.0219266526401042,fb636b35ab9dfd0508fc23dd56ecfb94e888b44e,"{""box_angular_velocity"":[0.052819397,-0.617194176,0.097779989],""box_linear_velocity"":[0.099004962,0.001751716,-0.15311648],""box_mass"":1.125,""box_pose"":[0.551801264,2.9169e-05,0.133338094,-0.004432955,-0.00424958,0.764709473,0.64434588],""dof_position"":[-0.115173273,-0.065072939,-0.012358569,0.300250351,-0.195336089,-0.019023187,-0.08278469,0.029120825,0.001185885,0.296218961,-0.224485606,0.039527833,0.047393195,0.01915668,-0.040112663,-0.043044005,0.18166624,0.012035388,1.148338437,0.008116272,-0.077845007,0.0535734,-0.037792008,-0.151439279,0.007985869,1.154733062,-0.111371219,0.014442697,-0.007521288],""dof_velocity"":[1.482971549,0.704375625,2.087524414,-2.442825556,1.301244736,0.711632669,1.513340473,-0.998464048,-1.99090445,-1.051182866,1.436480165,-2.257259369,-2.372484922,-0.354048789,0.600234687,2.464916468,-1.173290253,0.213891104,-1.471856117,-0.60565412,-0.288861662,1.063053489,-0.156221852,1.539268017,-0.361408174,1.440127373,-0.985117197,-1.49012351,-0.812418342],""goal"":[-3.450000048,0.0,0.144999996],""robot_root_angular_velocity"":[-0.641172767,0.957931042,1.166464686],""robot_root_linear_velocity"":[0.107858256,-0.061188627,0.207180291],""robot_root_pose"":[2.304544687,-0.000312973,0.805772424,0.016877342,0.006440036,0.99978596,-0.010084335]}",official carrybox.pt,True,1|smooth_hold|-box_y|0.9|0.5,3360,1,45735,46435.0,700.0,160,560,6.456206208005128,9.932624816894531,0.7696428571428572,1.0,1.7870556116104126,0.38910249994535534,1.7984946966171265,3.5289173126220703,0.6378279163036495,8.436983108520508,0.34590954565524695,1.0,4.273201648412006,0.11916963843240018
official,T0068,legged_gym/resources/ckpt/carrybox.pt,1,smooth_hold,-box_y,0.9,1.0,0.1,0.15,0.15,1.125,9.932624816894531,11.422518654204485,0,,1,1.351590275764465,-2.085594415664673,-2.2083680629730225,0,1,0.0529835000634193,8686b8759e303de1b9dcd8c4226ee5761c093f21,"{""box_angular_velocity"":[0.052818909,-0.617193997,0.097779892],""box_linear_velocity"":[0.099004783,0.001751711,-0.153116554],""box_mass"":1.125,""box_pose"":[0.551801264,2.9169e-05,0.133338079,-0.004432955,-0.004249581,0.764709473,0.64434588],""dof_position"":[-0.115173273,-0.065072939,-0.012358559,0.300250351,-0.195336089,-0.019023187,-0.082784683,0.029120829,0.001185883,0.296218961,-0.224485591,0.03952783,0.047393195,0.019156681,-0.040112667,-0.043043997,0.18166624,0.012035387,1.148338437,0.008116276,-0.077845,0.0535734,-0.037792016,-0.151439279,0.007985869,1.154733062,-0.111371219,0.014442697,-0.007521289],""dof_velocity"":[1.482971191,0.704375625,2.087524414,-2.442824841,1.301244497,0.711632669,1.513340116,-0.998463988,-1.990904808,-1.051182866,1.436479807,-2.257259607,-2.372484446,-0.354048729,0.600233555,2.464917421,-1.173290372,0.213890702,-1.471856356,-0.605654061,-0.288861006,1.063053846,-0.156221375,1.539267898,-0.361408114,1.440126777,-0.985117376,-1.490123034,-0.812418342],""goal"":[-3.450000048,0.0,0.144999996],""robot_root_angular_velocity"":[-0.641172588,0.957930326,1.166464686],""robot_root_linear_velocity"":[0.107858129,-0.061188579,0.207180291],""robot_root_pose"":[2.304544687,-0.00031296,0.805772424,0.016877344,0.006440034,0.99978596,-0.010084333]}",official carrybox.pt,True,1|smooth_hold|-box_y|0.9|1.0,1620,1,46576,46816.0,240.0,260,660,11.422518654204485,9.932624816894531,0.7984848484848485,1.0,2.677539587020874,0.4129119510903503,2.9868290424346924,6.241249561309815,0.7080161851915446,25.09088706970215,0.32917999904673323,1.0,9.916454458846287,0.13512226575650416
official,T0069,legged_gym/resources/ckpt/carrybox.pt,1,smooth_hold,-box_y,0.9,2.0,0.1,0.15,0.15,1.125,9.932624816894531,21.35514342539856,0,,1,1.7142844200134275,-2.4021596908569336,-2.721525192260742,0,1,0.0600059144198894,8686b8759e303de1b9dcd8c4226ee5761c093f21,"{""box_angular_velocity"":[0.052818909,-0.617193997,0.097779892],""box_linear_velocity"":[0.099004783,0.001751711,-0.153116554],""box_mass"":1.125,""box_pose"":[0.551801264,2.9169e-05,0.133338079,-0.004432955,-0.004249581,0.764709473,0.64434588],""dof_position"":[-0.115173273,-0.065072939,-0.012358559,0.300250351,-0.195336089,-0.019023187,-0.082784683,0.029120829,0.001185883,0.296218961,-0.224485591,0.03952783,0.047393195,0.019156681,-0.040112667,-0.043043997,0.18166624,0.012035387,1.148338437,0.008116276,-0.077845,0.0535734,-0.037792016,-0.151439279,0.007985869,1.154733062,-0.111371219,0.014442697,-0.007521289],""dof_velocity"":[1.482971191,0.704375625,2.087524414,-2.442824841,1.301244497,0.711632669,1.513340116,-0.998463988,-1.990904808,-1.051182866,1.436479807,-2.257259607,-2.372484446,-0.354048729,0.600233555,2.464917421,-1.173290372,0.213890702,-1.471856356,-0.605654061,-0.288861006,1.063053846,-0.156221375,1.539267898,-0.361408114,1.440126777,-0.985117376,-1.490123034,-0.812418342],""goal"":[-3.450000048,0.0,0.144999996],""robot_root_angular_velocity"":[-0.641172588,0.957930326,1.166464686],""robot_root_linear_velocity"":[0.107858129,-0.061188579,0.207180291],""robot_root_pose"":[2.304544687,-0.00031296,0.805772424,0.016877344,0.006440034,0.99978596,-0.010084333]}",official carrybox.pt,True,1|smooth_hold|-box_y|0.9|2.0,1704,1,46982,47193.0,211.0,460,860,21.35514342539856,9.932624816894531,0.7383720930232558,1.0,1.8015762567520144,0.4406303306435083,2.342888832092285,5.611043453216553,2.909175273996973,28.428504943847656,0.4334154113201251,1.0,14.805866147837667,0.1903025850825564
official,T0070,legged_gym/resources/ckpt/carrybox.pt,1,smooth_hold,-box_y,1.1,0.5,0.1,0.15,0.15,1.125,12.139875000000002,0.0,1,timeout,0,,,,0,1,4.000012397766113,04d2e6ff57880c1ea2f626372aa3ad62ed6ad381,"{""box_angular_velocity"":[0.0,0.0,0.0],""box_linear_velocity"":[0.0,0.0,-0.196175486],""box_mass"":1.125,""box_pose"":[0.549999952,0.0,0.132547736,0.0,0.0,0.764192939,0.644987702],""dof_position"":[-0.115419157,-0.064745143,-0.012331332,0.300418675,-0.19511281,-0.019001788,-0.083118446,0.029403798,0.001164746,0.296281666,-0.224208251,0.039560836,0.047968891,0.019732289,-0.039525382,-0.042619977,0.180485845,0.011839994,1.147337437,0.008363081,-0.078090675,0.054423753,-0.037726037,-0.151103541,0.008070278,1.154161096,-0.111366399,0.014412681,-0.008223645],""dof_velocity"":[1.454678893,0.70382899,2.072529316,-2.446874142,1.32421577,0.714389861,1.484559417,-1.00106442,-2.007333755,-1.055574894,1.443006635,-2.255830765,-2.360864878,-0.343998462,0.607967854,2.469522476,-1.213057876,0.204759017,-1.450930119,-0.600293756,-0.350981146,1.080663204,-0.161336854,1.566468239,-0.358604312,1.451137304,-0.991710365,-1.518119216,-0.839215815],""goal"":[-3.450000048,0.0,0.144999996],""robot_root_angular_velocity"":[-0.635339618,0.949487567,1.159253597],""robot_root_linear_velocity"":[0.117994234,-0.06140646,0.209619448],""robot_root_pose"":[2.304745197,-0.000353142,0.805821657,0.016945798,0.006285643,0.999787807,-0.00988486]}",official carrybox.pt,False,1|smooth_hold|-box_y|1.1|0.5,6004,0,47409,,,0,0,0.0,,,,,,,,,,,,,
official,T0071,legged_gym/resources/ckpt/carrybox.pt,1,smooth_hold,-box_y,1.1,1.0,0.1,0.15,0.15,1.125,12.13987636566162,13.96085890701914,0,,1,0.4050990641117096,-2.678139925003052,-2.548567771911621,1,0,0.254725694656372,87ba3b1e46c23f8f2c26fe6a1ef0c5ec29cb2097,"{""box_angular_velocity"":[0.052869909,-0.617181122,0.097726233],""box_linear_velocity"":[0.099009581,0.001751601,-0.153114483],""box_mass"":1.125,""box_pose"":[0.551801324,2.9171e-05,0.133338109,-0.004432558,-0.004249768,0.764709353,0.644346118],""dof_position"":[-0.115174964,-0.065069824,-0.012358572,0.30025059,-0.195336252,-0.019023132,-0.082787313,0.029123936,0.001185768,0.296219707,-0.224486366,0.039528009,0.047394287,0.019159365,-0.040114865,-0.043043409,0.181665897,0.012035121,1.148338199,0.008115726,-0.077845141,0.053573489,-0.037791919,-0.15143986,0.007986077,1.154733062,-0.111371405,0.014442842,-0.007521086],""dof_velocity"":[1.483386278,0.70443064,2.087412357,-2.442852736,1.301226854,0.71165657,1.513881326,-0.998405457,-1.991015792,-1.051420569,1.436405897,-2.257233381,-2.372539282,-0.353966475,0.600675046,2.464832067,-1.173266649,0.213877156,-1.4718678,-0.605691373,-0.288843066,1.063047171,-0.15629372,1.539270759,-0.361414343,1.440088511,-0.985101759,-1.490096927,-0.812431037],""goal"":[-3.450000048,0.0,0.144999996],""robot_root_angular_velocity"":[-0.641098917,0.958287776,1.166497469],""robot_root_linear_velocity"":[0.107839368,-0.061182473,0.207182929],""robot_root_pose"":[2.304544687,-0.000313034,0.805772483,0.016876625,0.006438741,0.999786019,-0.010083509]}",official carrybox.pt,True,1|smooth_hold|-box_y|1.1|1.0,1500,1,48911,49121.0,210.0,260,660,13.96085890701914,12.139877319335938,0.9939393939393939,1.0,0.5958148837089539,0.21393439303801368,1.806912541389465,3.213348388671875,1.2936745570746786,23.12359046936035,0.1858312453462559,0.9919947385787964,7.906819869690772,0.10706090508456599
official,T0072,legged_gym/resources/ckpt/carrybox.pt,1,smooth_hold,-box_y,1.1,2.0,0.1,0.15,0.15,1.125,12.13987636566162,26.100736302838023,0,,1,1.6905229091644287,-0.222824677824974,0.0106794834136962,0,1,0.0840927436947822,67bc9b096da9861f1ceb4c927bac0a9ad36bdc5a,"{""box_angular_velocity"":[0.05398757,-0.617303848,0.098201223],""box_linear_velocity"":[0.099192768,0.001765732,-0.153028414],""box_mass"":1.125,""box_pose"":[0.551804423,2.9402e-05,0.133339554,-0.004428991,-0.004259722,0.764712036,0.64434284],""dof_position"":[-0.115150966,-0.065058097,-0.01235581,0.300263435,-0.195334032,-0.019014994,-0.082767442,0.02913655,0.001187832,0.296232581,-0.224481568,0.039536975,0.047357935,0.019219955,-0.040070515,-0.043043975,0.181637704,0.012045367,1.148337007,0.008082744,-0.077843994,0.053590406,-0.037615824,-0.151187539,0.008060857,1.154542208,-0.111484051,0.014397577,-0.007786938],""dof_velocity"":[1.483147264,0.704858243,2.088230371,-2.442528725,1.302034736,0.711913049,1.51281023,-0.997987807,-1.990302086,-1.050263643,1.437219739,-2.25693059,-2.374534607,-0.350572348,0.601653218,2.465342283,-1.174688101,0.213780329,-1.472156048,-0.608684242,-0.288791627,1.063822746,-0.155752718,1.550905824,-0.361499459,1.450553298,-0.993571699,-1.504515886,-0.820421934],""goal"":[-3.450000048,0.0,0.144999996],""robot_root_angular_velocity"":[-0.639497519,0.95898068,1.165002465],""robot_root_linear_velocity"":[0.108297653,-0.061899059,0.20681183],""robot_root_pose"":[2.304552317,-0.000326149,0.805767059,0.016895058,0.006423001,0.9997859,-0.010076801]}",official carrybox.pt,True,1|smooth_hold|-box_y|1.1|2.0,3300,1,49287,49897.0,610.0,460,860,26.100736302838023,12.139877319335938,0.5,1.0,1.73052179813385,0.38756234223716135,1.5996273756027222,4.3556413650512695,3.550435683226516,34.37228775024414,0.5703375498382482,1.0,4.679558164505071,0.14357906742830934
official,T0073,legged_gym/resources/ckpt/carrybox.pt,2,smooth_hold,+box_x,0.1,0.5,0.1,0.15,0.15,1.125,1.1036250591278076,0.717356296424124,0,,1,1.2378759384155271,-0.2124615758657455,-0.1790147125720977,0,1,0.033751904964447,2ca4c43e9b058a9fcccad1b2232bb36b094477aa,"{""box_angular_velocity"":[0.672618151,-0.300420433,0.179238752],""box_linear_velocity"":[0.033689652,-0.002563326,-0.186210856],""box_mass"":1.125,""box_pose"":[0.550548136,-4.4258e-05,0.132714629,0.001759084,-0.00635018,0.685543656,0.728001714],""dof_position"":[-0.237285301,-0.026350558,0.005896532,0.430966944,-0.16551204,0.055689678,0.132243916,0.032053489,0.046180256,0.269787073,-0.251025379,0.020427672,0.103851572,0.004671078,0.038377546,-0.071688324,0.111822061,-0.005959525,0.347464085,-0.143093005,-0.147227928,-0.067092627,-0.393885165,-0.158520728,0.130056649,0.653409958,0.040091336,-0.132863685,0.135726064],""dof_velocity"":[-3.69987011,-2.04023695,-0.219868556,-14.315044403,-0.977586269,-2.914503098,-8.073449135,-2.565349817,-2.709582567,5.553555012,-0.017191259,-2.663327694,-0.661635637,-3.170675993,-11.556290627,0.988226235,-0.195298359,1.803678989,16.630430222,2.109781742,-13.163048744,-1.939331055,1.677898407,9.73107338,-11.54144001,15.634000778,-13.568096161,-10.718770981,5.724619389],""goal"":[-3.450000048,0.0,0.18273592],""robot_root_angular_velocity"":[-1.431528211,-7.326596737,1.130014539],""robot_root_linear_velocity"":[-0.336922407,0.054843113,-0.045488797],""robot_root_pose"":[2.28360796,0.002504884,0.79816258,-0.089187384,0.011171118,0.995951295,0.001305299]}",official carrybox.pt,True,2|smooth_hold|+box_x|0.1|0.5,1336,1,50113,50307.0,194.0,160,560,0.717356296424124,1.1036250591278076,0.9446428571428571,1.0,1.4615428447723389,0.24870196988673082,2.103826999664306,5.897435665130615,-10.914221435271402,81.3787612915039,0.19031207295094127,1.0,12.123336389235087,0.19293083581220083
official,T0074,legged_gym/resources/ckpt/carrybox.pt,2,smooth_hold,+box_x,0.1,1.0,0.1,0.15,0.15,1.125,1.1036250591278076,1.269168826940537,0,,1,1.5309147834777832,-1.670130491256714,-1.7005213499069214,0,1,0.0674673095345497,4582287138b2fc3a31a1cb25dd8705f72c204d9c,"{""box_angular_velocity"":[0.0,0.0,0.0],""box_linear_velocity"":[0.0,0.0,-0.196175486],""box_mass"":1.125,""box_pose"":[0.549999952,0.0,0.132547736,0.0,0.0,0.68435663,0.729147375],""dof_position"":[-0.237780809,-0.025950639,0.005912176,0.431112438,-0.165377572,0.055663545,0.131443098,0.032299895,0.046190694,0.269825906,-0.250445813,0.020467527,0.104477204,0.004905494,0.038970519,-0.071286865,0.109377429,-0.00606284,0.346385926,-0.141034573,-0.147619501,-0.0659502,-0.397222638,-0.156369403,0.128000021,0.657772839,0.038140442,-0.134024382,0.135641053],""dof_velocity"":[-3.723170042,-2.037189007,-0.247902557,-14.308513641,-0.969866395,-2.908161879,-8.095814705,-2.559491634,-2.739269257,5.529987812,0.007342046,-2.660553455,-0.661911964,-3.166270971,-11.513833046,1.023054957,-0.251062393,1.770554185,16.558387756,2.1219697,-13.192837715,-1.849751234,1.464424968,9.760338783,-11.547391891,15.874684334,-13.54074955,-10.804070473,5.615897655],""goal"":[-3.450000048,0.0,0.18273592],""robot_root_angular_velocity"":[-1.421434879,-7.328875542,1.125061154],""robot_root_linear_velocity"":[-0.327150285,0.055600896,-0.04376151],""robot_root_pose"":[2.28378129,0.002500449,0.798210204,-0.089273386,0.011016761,0.995945036,0.001546588]}",official carrybox.pt,True,2|smooth_hold|+box_x|0.1|1.0,1492,1,50448,50656.0,208.0,260,660,1.269168826940537,1.1036250591278076,0.7151515151515152,1.0,1.5309147834777832,0.39700814298156534,2.638923168182373,6.648980140686035,0.30931342684409835,11.492439270019531,0.3246212474146777,1.0,10.605456357923421,0.2813056433477786
official,T0075,legged_gym/resources/ckpt/carrybox.pt,2,smooth_hold,+box_x,0.1,2.0,0.1,0.15,0.15,1.125,1.1036250591278076,2.372793884308912,0,,1,1.4831284284591677,-1.7566630840301514,-2.029593706130981,0,1,0.0827922523021698,4582287138b2fc3a31a1cb25dd8705f72c204d9c,"{""box_angular_velocity"":[0.0,0.0,0.0],""box_linear_velocity"":[0.0,0.0,-0.196175486],""box_mass"":1.125,""box_pose"":[0.549999952,0.0,0.132547736,0.0,0.0,0.68435663,0.729147375],""dof_position"":[-0.237780809,-0.025950639,0.005912176,0.431112438,-0.165377572,0.055663545,0.131443098,0.032299895,0.046190694,0.269825906,-0.250445813,0.020467527,0.104477204,0.004905494,0.038970519,-0.071286865,0.109377429,-0.00606284,0.346385926,-0.141034573,-0.147619501,-0.0659502,-0.397222638,-0.156369403,0.128000021,0.657772839,0.038140442,-0.134024382,0.135641053],""dof_velocity"":[-3.723170042,-2.037189007,-0.247902557,-14.308513641,-0.969866395,-2.908161879,-8.095814705,-2.559491634,-2.739269257,5.529987812,0.007342046,-2.660553455,-0.661911964,-3.166270971,-11.513833046,1.023054957,-0.251062393,1.770554185,16.558387756,2.1219697,-13.192837715,-1.849751234,1.464424968,9.760338783,-11.547391891,15.874684334,-13.54074955,-10.804070473,5.615897655],""goal"":[-3.450000048,0.0,0.18273592],""robot_root_angular_velocity"":[-1.421434879,-7.328875542,1.125061154],""robot_root_linear_velocity"":[-0.327150285,0.055600896,-0.04376151],""robot_root_pose"":[2.28378129,0.002500449,0.798210204,-0.089273386,0.011016761,0.995945036,0.001546588]}",official carrybox.pt,True,2|smooth_hold|+box_x|0.1|2.0,1612,1,50822,51010.0,188.0,460,860,2.372793884308912,1.1036250591278076,0.7127906976744186,1.0,1.5188982486724854,0.41606793990791885,2.0581626892089844,5.414727687835693,-0.0007174161284468894,30.338253021240234,0.33486436502819766,0.9999999403953552,5.776057948397343,0.11072141064145141
official,T0076,legged_gym/resources/ckpt/carrybox.pt,2,smooth_hold,+box_x,0.3,0.5,0.1,0.15,0.15,1.125,3.310875177383423,2.152069032397439,0,,1,0.4244478046894073,-0.3938831090927124,-0.3111798167228699,0,0,0.390249103307724,2ca4c43e9b058a9fcccad1b2232bb36b094477aa,"{""box_angular_velocity"":[0.672618151,-0.300420433,0.179238752],""box_linear_velocity"":[0.033689652,-0.002563326,-0.186210856],""box_mass"":1.125,""box_pose"":[0.550548136,-4.4258e-05,0.132714629,0.001759084,-0.00635018,0.685543656,0.728001714],""dof_position"":[-0.237285301,-0.026350558,0.005896532,0.430966944,-0.16551204,0.055689678,0.132243916,0.032053489,0.046180256,0.269787073,-0.251025379,0.020427672,0.103851572,0.004671078,0.038377546,-0.071688324,0.111822061,-0.005959525,0.347464085,-0.143093005,-0.147227928,-0.067092627,-0.393885165,-0.158520728,0.130056649,0.653409958,0.040091336,-0.132863685,0.135726064],""dof_velocity"":[-3.69987011,-2.04023695,-0.219868556,-14.315044403,-0.977586269,-2.914503098,-8.073449135,-2.565349817,-2.709582567,5.553555012,-0.017191259,-2.663327694,-0.661635637,-3.170675993,-11.556290627,0.988226235,-0.195298359,1.803678989,16.630430222,2.109781742,-13.163048744,-1.939331055,1.677898407,9.73107338,-11.54144001,15.634000778,-13.568096161,-10.718770981,5.724619389],""goal"":[-3.450000048,0.0,0.18273592],""robot_root_angular_velocity"":[-1.431528211,-7.326596737,1.130014539],""robot_root_linear_velocity"":[-0.336922407,0.054843113,-0.045488797],""robot_root_pose"":[2.28360796,0.002504884,0.79816258,-0.089187384,0.011171118,0.995951295,0.001305299]}",official carrybox.pt,True,2|smooth_hold|+box_x|0.3|0.5,1312,1,51226,51414.0,188.0,160,560,2.152069032397439,3.310875415802002,0.9928571428571429,1.0,0.4784928858280182,0.21866590868282532,1.7780667543411257,3.4134349822998047,-5.467836972621236,11.520612716674805,0.06785346653190832,0.998936891555786,7.458193011714944,0.1066721834920047
official,T0077,legged_gym/resources/ckpt/carrybox.pt,2,smooth_hold,+box_x,0.3,1.0,0.1,0.15,0.15,1.125,3.310875177383423,3.807506489649946,0,,1,0.8277390599250793,-0.2202200889587402,-0.2296520173549652,0,1,0.0928849726915359,3090470703789f3bf1fddab5bf8677abe6a2a382,"{""box_angular_velocity"":[0.195907176,-0.559925199,0.266338378],""box_linear_velocity"":[0.038792849,-0.000705394,-0.180514753],""box_mass"":1.125,""box_pose"":[0.550686419,-1.0836e-05,0.13283208,-0.002604351,-0.005220065,0.686109006,0.727475226],""dof_position"":[-0.237577006,-0.026144698,0.005888128,0.431082904,-0.165552691,0.055687577,0.131874606,0.03221567,0.046185266,0.269762725,-0.250819564,0.020454226,0.104094192,0.004674999,0.038461898,-0.072668344,0.111663446,-0.004727258,0.346881956,-0.143321455,-0.145788386,-0.067659765,-0.395676076,-0.157120094,0.128829867,0.655984163,0.038927481,-0.133554369,0.135687917],""dof_velocity"":[-3.720396757,-2.032311916,-0.231928051,-14.313835144,-0.975453496,-2.909543991,-8.093375206,-2.555794477,-2.719737053,5.540645599,-0.006000075,-2.659084797,-0.658416152,-3.163427114,-11.563043594,0.97124207,-0.171099752,1.789829016,16.566692352,2.048835993,-13.101569176,-1.891502023,1.571965694,9.743637085,-11.542395592,15.769593239,-13.546232224,-10.7673769,5.659577847],""goal"":[-3.450000048,0.0,0.18273592],""robot_root_angular_velocity"":[-1.419958472,-7.343018532,1.128140569],""robot_root_linear_velocity"":[-0.334812939,0.054470498,-0.046315297],""robot_root_pose"":[2.283646822,0.002507099,0.798153758,-0.089283645,0.011094818,0.995943427,0.001391442]}",official carrybox.pt,True,2|smooth_hold|+box_x|0.3|1.0,1444,1,51555,51751.0,196.0,260,660,3.807506489649946,3.310875177383423,0.906060606060606,1.0,0.9281948804855348,0.28429239996229155,1.9471304416656492,5.592537879943848,-1.2753739195988711,156.5683135986328,0.28133429668669124,0.9999999403953552,4.9673247953481745,0.09873867768222801
official,T0078,legged_gym/resources/ckpt/carrybox.pt,2,smooth_hold,+box_x,0.3,2.0,0.1,0.15,0.15,1.125,3.310875177383423,7.1183811886004165,0,,1,1.5456109046936035,-1.2570228576660156,-1.692762851715088,0,1,0.0806141570210456,4582287138b2fc3a31a1cb25dd8705f72c204d9c,"{""box_angular_velocity"":[0.0,0.0,0.0],""box_linear_velocity"":[0.0,0.0,-0.196175486],""box_mass"":1.125,""box_pose"":[0.549999952,0.0,0.132547736,0.0,0.0,0.68435663,0.729147375],""dof_position"":[-0.237780809,-0.025950639,0.005912176,0.431112438,-0.165377572,0.055663545,0.131443098,0.032299895,0.046190694,0.269825906,-0.250445813,0.020467527,0.104477204,0.004905494,0.038970519,-0.071286865,0.109377429,-0.00606284,0.346385926,-0.141034573,-0.147619501,-0.0659502,-0.397222638,-0.156369403,0.128000021,0.657772839,0.038140442,-0.134024382,0.135641053],""dof_velocity"":[-3.723170042,-2.037189007,-0.247902557,-14.308513641,-0.969866395,-2.908161879,-8.095814705,-2.559491634,-2.739269257,5.529987812,0.007342046,-2.660553455,-0.661911964,-3.166270971,-11.513833046,1.023054957,-0.251062393,1.770554185,16.558387756,2.1219697,-13.192837715,-1.849751234,1.464424968,9.760338783,-11.547391891,15.874684334,-13.54074955,-10.804070473,5.615897655],""goal"":[-3.450000048,0.0,0.18273592],""robot_root_angular_velocity"":[-1.421434879,-7.328875542,1.125061154],""robot_root_linear_velocity"":[-0.327150285,0.055600896,-0.04376151],""robot_root_pose"":[2.28378129,0.002500449,0.798210204,-0.089273386,0.011016761,0.995945036,0.001546588]}",official carrybox.pt,True,2|smooth_hold|+box_x|0.3|2.0,1620,1,51917,52107.0,190.0,460,860,7.1183811886004165,3.310874938964844,0.5604651162790698,1.0,1.5619066953659058,0.39747159691787387,1.9525446891784668,4.466617107391357,0.43505120434863276,5.7267913818359375,0.5213115969076509,1.0,4.114928832927416,0.10043289545934639
official,T0079,legged_gym/resources/ckpt/carrybox.pt,2,smooth_hold,+box_x,0.5,0.5,0.1,0.15,0.15,1.125,5.518125,0.0,1,box_tilt,0,,,,0,0,4.000035762786865,2ca4c43e9b058a9fcccad1b2232bb36b094477aa,"{""box_angular_velocity"":[0.672618151,-0.300420433,0.179238752],""box_linear_velocity"":[0.033689652,-0.002563326,-0.186210856],""box_mass"":1.125,""box_pose"":[0.550548136,-4.4258e-05,0.132714629,0.001759084,-0.00635018,0.685543656,0.728001714],""dof_position"":[-0.237285301,-0.026350558,0.005896532,0.430966944,-0.16551204,0.055689678,0.132243916,0.032053489,0.046180256,0.269787073,-0.251025379,0.020427672,0.103851572,0.004671078,0.038377546,-0.071688324,0.111822061,-0.005959525,0.347464085,-0.143093005,-0.147227928,-0.067092627,-0.393885165,-0.158520728,0.130056649,0.653409958,0.040091336,-0.132863685,0.135726064],""dof_velocity"":[-3.69987011,-2.04023695,-0.219868556,-14.315044403,-0.977586269,-2.914503098,-8.073449135,-2.565349817,-2.709582567,5.553555012,-0.017191259,-2.663327694,-0.661635637,-3.170675993,-11.556290627,0.988226235,-0.195298359,1.803678989,16.630430222,2.109781742,-13.163048744,-1.939331055,1.677898407,9.73107338,-11.54144001,15.634000778,-13.568096161,-10.718770981,5.724619389],""goal"":[-3.450000048,0.0,0.18273592],""robot_root_angular_velocity"":[-1.431528211,-7.326596737,1.130014539],""robot_root_linear_velocity"":[-0.336922407,0.054843113,-0.045488797],""robot_root_pose"":[2.28360796,0.002504884,0.79816258,-0.089187384,0.011171118,0.995951295,0.001305299]}",official carrybox.pt,False,2|smooth_hold|+box_x|0.5|0.5,888,0,52323,,,0,0,0.0,,,,,,,,,,,,,
official,T0080,legged_gym/resources/ckpt/carrybox.pt,2,smooth_hold,+box_x,0.5,1.0,0.1,0.15,0.15,1.125,5.518125,0.0,1,base_tilt,0,,,,0,0,4.000012397766113,d3ae182d631b6d52ce026525517984e7dca66498,"{""box_angular_velocity"":[0.672615826,-0.300419122,0.179236352],""box_linear_velocity"":[0.033689566,-0.002563362,-0.186210871],""box_mass"":1.125,""box_pose"":[0.550548136,-4.4259e-05,0.132714629,0.001759083,-0.006350182,0.685543656,0.728001714],""dof_position"":[-0.237285301,-0.026350558,0.005896529,0.430967003,-0.16551204,0.05568967,0.132243887,0.032053489,0.046180245,0.269787103,-0.251025289,0.020427668,0.103851572,0.004671081,0.038377561,-0.071688332,0.111822061,-0.005959526,0.347464114,-0.143093005,-0.147227958,-0.06709262,-0.393885165,-0.158520728,0.130056649,0.653409958,0.040091321,-0.132863671,0.135726064],""dof_velocity"":[-3.699869871,-2.040237665,-0.219869152,-14.315047264,-0.977580607,-2.914502382,-8.073450089,-2.565349817,-2.709583282,5.553553581,-0.017188564,-2.663327694,-0.661636293,-3.170676231,-11.556287766,0.988226175,-0.195298508,1.803678632,16.630434036,2.109781981,-13.163050652,-1.939330459,1.677898645,9.73107338,-11.54144001,15.633998871,-13.568096161,-10.718770027,5.724618912],""goal"":[-3.450000048,0.0,0.18273592],""robot_root_angular_velocity"":[-1.43152833,-7.326595306,1.130014658],""robot_root_linear_velocity"":[-0.336922228,0.054843172,-0.045488738],""robot_root_pose"":[2.28360796,0.002504883,0.79816258,-0.089187384,0.011171118,0.995951295,0.001305299]}",official carrybox.pt,False,2|smooth_hold|+box_x|0.5|1.0,784,0,52546,,,0,0,0.0,,,,,,,,,,,,,
official,T0081,legged_gym/resources/ckpt/carrybox.pt,2,smooth_hold,+box_x,0.5,2.0,0.1,0.15,0.15,1.125,5.518125057220459,11.86396891859231,0,,1,1.2604130506515503,-1.9171513319015503,-2.2712290287017822,0,1,0.0366089195013046,2f4dca7f50e77b9b70119ba6ac27d13aa3aebbd4,"{""box_angular_velocity"":[-0.009531513,-0.164877519,0.284305841],""box_linear_velocity"":[-0.032158583,-0.00190059,-0.212588146],""box_mass"":1.125,""box_pose"":[0.549443126,-3.2533e-05,0.132264242,-0.001273981,-0.001134007,0.686252117,0.727361619],""dof_position"":[-0.237482443,-0.025806976,0.005990575,0.431068391,-0.165329456,0.055657417,0.131639615,0.0323801,0.04627021,0.269903213,-0.250444055,0.020472728,0.104330443,0.004957505,0.039172698,-0.070687778,0.112025015,-0.00626842,0.345500976,-0.143199295,-0.147077844,-0.066849336,-0.39469105,-0.158610851,0.130010024,0.653573692,0.040180054,-0.132968143,0.135792091],""dof_velocity"":[-3.721059322,-2.030996084,-0.243277818,-14.309056282,-0.964246452,-2.909329414,-8.099907875,-2.557329893,-2.736005068,5.535158157,0.011483636,-2.660907984,-0.658012569,-3.166095734,-11.517569542,1.036159754,-0.194067195,1.812162042,16.533426285,2.119110823,-13.15310955,-1.951207995,1.630793095,9.733459473,-11.542703629,15.650191307,-13.566305161,-10.726799011,5.72780323],""goal"":[-3.450000048,0.0,0.18273592],""robot_root_angular_velocity"":[-1.418224335,-7.32611227,1.115203738],""robot_root_linear_velocity"":[-0.326373577,0.055844128,-0.041688655],""robot_root_pose"":[2.28379941,0.002497998,0.798239112,-0.089147449,0.010974731,0.995956719,0.001618977]}",official carrybox.pt,True,2|smooth_hold|+box_x|0.5|2.0,1724,1,52743,52959.0,216.0,460,860,11.86396891859231,5.518125057220459,0.7465116279069768,1.0,1.299411416053772,0.34519477215227345,1.8382281064987185,4.407543182373047,-0.28480250108987093,3.4448485374450684,0.3516129559956404,1.0,4.602473075930463,0.11135764038602268
official,T0082,legged_gym/resources/ckpt/carrybox.pt,2,smooth_hold,+box_x,0.7,0.5,0.1,0.15,0.15,1.125,7.725375175476074,5.021493926499174,0,,1,0.5827414393424988,0.8326563239097595,1.0776454210281372,1,0,0.2440366297960281,4582287138b2fc3a31a1cb25dd8705f72c204d9c,"{""box_angular_velocity"":[0.0,0.0,0.0],""box_linear_velocity"":[0.0,0.0,-0.196175486],""box_mass"":1.125,""box_pose"":[0.549999952,0.0,0.132547736,0.0,0.0,0.68435663,0.729147375],""dof_position"":[-0.237780809,-0.025950639,0.005912176,0.431112438,-0.165377572,0.055663545,0.131443098,0.032299895,0.046190694,0.269825906,-0.250445813,0.020467527,0.104477204,0.004905494,0.038970519,-0.071286865,0.109377429,-0.00606284,0.346385926,-0.141034573,-0.147619501,-0.0659502,-0.397222638,-0.156369403,0.128000021,0.657772839,0.038140442,-0.134024382,0.135641053],""dof_velocity"":[-3.723170042,-2.037189007,-0.247902557,-14.308513641,-0.969866395,-2.908161879,-8.095814705,-2.559491634,-2.739269257,5.529987812,0.007342046,-2.660553455,-0.661911964,-3.166270971,-11.513833046,1.023054957,-0.251062393,1.770554185,16.558387756,2.1219697,-13.192837715,-1.849751234,1.464424968,9.760338783,-11.547391891,15.874684334,-13.54074955,-10.804070473,5.615897655],""goal"":[-3.450000048,0.0,0.18273592],""robot_root_angular_velocity"":[-1.421434879,-7.328875542,1.125061154],""robot_root_linear_velocity"":[-0.327150285,0.055600896,-0.04376151],""robot_root_pose"":[2.28378129,0.002500449,0.798210204,-0.089273386,0.011016761,0.995945036,0.001546588]}",official carrybox.pt,True,2|smooth_hold|+box_x|0.7|0.5,1308,1,53175,53362.0,187.0,160,560,5.021493926499174,7.725375175476074,0.9964285714285714,1.0,0.9994474053382874,0.28174869769385885,1.8200658559799197,8.248438835144043,-15.243304527185058,26.472124099731445,0.253470658239842,1.0,17.04007623452427,0.20131751374849824
official,T0083,legged_gym/resources/ckpt/carrybox.pt,2,smooth_hold,+box_x,0.7,1.0,0.1,0.15,0.15,1.125,7.725375175476074,8.88418151599322,0,,1,1.3378231525421145,-0.033038318157196,0.1385908424854278,0,1,0.0900520905852317,4582287138b2fc3a31a1cb25dd8705f72c204d9c,"{""box_angular_velocity"":[0.0,0.0,0.0],""box_linear_velocity"":[0.0,0.0,-0.196175486],""box_mass"":1.125,""box_pose"":[0.549999952,0.0,0.132547736,0.0,0.0,0.68435663,0.729147375],""dof_position"":[-0.237780809,-0.025950639,0.005912176,0.431112438,-0.165377572,0.055663545,0.131443098,0.032299895,0.046190694,0.269825906,-0.250445813,0.020467527,0.104477204,0.004905494,0.038970519,-0.071286865,0.109377429,-0.00606284,0.346385926,-0.141034573,-0.147619501,-0.0659502,-0.397222638,-0.156369403,0.128000021,0.657772839,0.038140442,-0.134024382,0.135641053],""dof_velocity"":[-3.723170042,-2.037189007,-0.247902557,-14.308513641,-0.969866395,-2.908161879,-8.095814705,-2.559491634,-2.739269257,5.529987812,0.007342046,-2.660553455,-0.661911964,-3.166270971,-11.513833046,1.023054957,-0.251062393,1.770554185,16.558387756,2.1219697,-13.192837715,-1.849751234,1.464424968,9.760338783,-11.547391891,15.874684334,-13.54074955,-10.804070473,5.615897655],""goal"":[-3.450000048,0.0,0.18273592],""robot_root_angular_velocity"":[-1.421434879,-7.328875542,1.125061154],""robot_root_linear_velocity"":[-0.327150285,0.055600896,-0.04376151],""robot_root_pose"":[2.28378129,0.002500449,0.798210204,-0.089273386,0.011016761,0.995945036,0.001546588]}",official carrybox.pt,True,2|smooth_hold|+box_x|0.7|1.0,1428,1,53503,53695.0,192.0,260,660,8.88418151599322,7.725375175476074,0.9166666666666666,1.0,1.4628742933273315,0.2695726175905403,2.277937889099121,4.958745956420898,-2.2332218957641587,61.46804428100586,0.22117553508106733,1.0,5.182214358770712,0.11976262676846196
official,T0084,legged_gym/resources/ckpt/carrybox.pt,2,smooth_hold,+box_x,0.7,2.0,0.1,0.15,0.15,1.125,7.725375175476074,16.609556671111683,0,,1,1.2007392644882202,-1.939464092254639,-2.0777618885040283,0,1,0.0140655366703867,2ca4c43e9b058a9fcccad1b2232bb36b094477aa,"{""box_angular_velocity"":[0.672618151,-0.300420433,0.179238752],""box_linear_velocity"":[0.033689652,-0.002563326,-0.186210856],""box_mass"":1.125,""box_pose"":[0.550548136,-4.4258e-05,0.132714629,0.001759084,-0.00635018,0.685543656,0.728001714],""dof_position"":[-0.237285301,-0.026350558,0.005896532,0.430966944,-0.16551204,0.055689678,0.132243916,0.032053489,0.046180256,0.269787073,-0.251025379,0.020427672,0.103851572,0.004671078,0.038377546,-0.071688324,0.111822061,-0.005959525,0.347464085,-0.143093005,-0.147227928,-0.067092627,-0.393885165,-0.158520728,0.130056649,0.653409958,0.040091336,-0.132863685,0.135726064],""dof_velocity"":[-3.69987011,-2.04023695,-0.219868556,-14.315044403,-0.977586269,-2.914503098,-8.073449135,-2.565349817,-2.709582567,5.553555012,-0.017191259,-2.663327694,-0.661635637,-3.170675993,-11.556290627,0.988226235,-0.195298359,1.803678989,16.630430222,2.109781742,-13.163048744,-1.939331055,1.677898407,9.73107338,-11.54144001,15.634000778,-13.568096161,-10.718770981,5.724619389],""goal"":[-3.450000048,0.0,0.18273592],""robot_root_angular_velocity"":[-1.431528211,-7.326596737,1.130014539],""robot_root_linear_velocity"":[-0.336922407,0.054843113,-0.045488797],""robot_root_pose"":[2.28360796,0.002504884,0.79816258,-0.089187384,0.011171118,0.995951295,0.001305299]}",official carrybox.pt,True,2|smooth_hold|+box_x|0.7|2.0,1544,1,53861,54032.0,171.0,460,860,16.609556671111683,7.725375175476074,0.7895348837209303,1.0,1.7899268865585327,0.39862336746395327,3.0476443767547607,8.75533676147461,0.8577623500207135,46.01899337768555,0.2959115757154799,1.0,10.680770483197168,0.1485860258224674
official,T0085,legged_gym/resources/ckpt/carrybox.pt,2,smooth_hold,+box_x,0.9,0.5,0.1,0.15,0.15,1.125,9.932624816894531,6.4562061896604,0,,1,0.3576424419879913,-2.125272512435913,-2.0879034996032715,1,0,0.218486949801445,2ca4c43e9b058a9fcccad1b2232bb36b094477aa,"{""box_angular_velocity"":[0.672618151,-0.300420433,0.179238752],""box_linear_velocity"":[0.033689652,-0.002563326,-0.186210856],""box_mass"":1.125,""box_pose"":[0.550548136,-4.4258e-05,0.132714629,0.001759084,-0.00635018,0.685543656,0.728001714],""dof_position"":[-0.237285301,-0.026350558,0.005896532,0.430966944,-0.16551204,0.055689678,0.132243916,0.032053489,0.046180256,0.269787073,-0.251025379,0.020427672,0.103851572,0.004671078,0.038377546,-0.071688324,0.111822061,-0.005959525,0.347464085,-0.143093005,-0.147227928,-0.067092627,-0.393885165,-0.158520728,0.130056649,0.653409958,0.040091336,-0.132863685,0.135726064],""dof_velocity"":[-3.69987011,-2.04023695,-0.219868556,-14.315044403,-0.977586269,-2.914503098,-8.073449135,-2.565349817,-2.709582567,5.553555012,-0.017191259,-2.663327694,-0.661635637,-3.170675993,-11.556290627,0.988226235,-0.195298359,1.803678989,16.630430222,2.109781742,-13.163048744,-1.939331055,1.677898407,9.73107338,-11.54144001,15.634000778,-13.568096161,-10.718770981,5.724619389],""goal"":[-3.450000048,0.0,0.18273592],""robot_root_angular_velocity"":[-1.431528211,-7.326596737,1.130014539],""robot_root_linear_velocity"":[-0.336922407,0.054843113,-0.045488797],""robot_root_pose"":[2.28360796,0.002504884,0.79816258,-0.089187384,0.011171118,0.995951295,0.001305299]}",official carrybox.pt,True,2|smooth_hold|+box_x|0.9|0.5,1400,1,54248,54458.0,210.0,160,560,6.4562061896604,9.932624816894531,0.9928571428571429,1.0,0.3576424419879913,0.19146334034324222,1.7075247764587402,2.9919416904449463,-0.38331848879876945,4.668179512023926,0.14386566157461073,1.0,5.2822706444455045,0.11733038398150317
official,T0086,legged_gym/resources/ckpt/carrybox.pt,2,smooth_hold,+box_x,0.9,1.0,0.1,0.15,0.15,1.125,9.932624816894531,11.422518644595565,0,,0,1.2277506589889526,0.6026785373687744,0.5885869264602661,1,1,0.0998493209481239,6d0e66b1f6ce494d8bec7973a0415564b43c88de,"{""box_angular_velocity"":[0.682578683,-0.301458925,0.182192206],""box_linear_velocity"":[0.027666373,-0.002605926,-0.188926488],""box_mass"":1.125,""box_pose"":[0.550442755,-4.4958e-05,0.132667273,0.001810393,-0.006422325,0.685563803,0.727981925],""dof_position"":[-0.237274319,-0.026341261,0.005894753,0.430980951,-0.165510982,0.055688377,0.132253125,0.032061864,0.046176683,0.269796342,-0.251015663,0.020427505,0.103864782,0.004664068,0.038425133,-0.071522333,0.111807697,-0.006100692,0.34717834,-0.14299655,-0.147159815,-0.066988476,-0.393899947,-0.158535808,0.130050674,0.653398216,0.040113114,-0.13286002,0.135728255],""dof_velocity"":[-3.699795961,-2.039831638,-0.220335096,-14.314492226,-0.976888239,-2.914417505,-8.073344231,-2.564843416,-2.710172415,5.553885937,-0.016488465,-2.663282633,-0.661581635,-3.171040297,-11.553560257,0.994132757,-0.199325666,1.804834366,16.618202209,2.118862629,-13.15872097,-1.942411304,1.676385164,9.730626106,-11.541543961,15.633798599,-13.56727314,-10.718565941,5.724889278],""goal"":[-3.450000048,0.0,0.18273592],""robot_root_angular_velocity"":[-1.431238651,-7.32525301,1.130164504],""robot_root_linear_velocity"":[-0.336401522,0.054956913,-0.045478113],""robot_root_pose"":[2.28361702,0.00250665,0.798163056,-0.089173421,0.011168778,0.995952606,0.001306676]}",official carrybox.pt,True,2|smooth_hold|+box_x|0.9|1.0,1376,1,54599,54778.0,179.0,260,660,11.422518644595565,9.932624816894531,0.9954545454545455,1.0,1.2277506589889526,0.27899075913609883,2.0888445377349854,7.243748664855957,-6.820300910734769,17.9766845703125,0.13380265614638726,0.9996123313903807,8.60226232285301,0.1259110305711422
official,T0087,legged_gym/resources/ckpt/carrybox.pt,2,smooth_hold,+box_x,0.9,2.0,0.1,0.15,0.15,1.125,9.932624816894531,21.35514146906263,0,,1,1.348164200782776,-2.6009106636047363,-2.5280182361602783,0,1,0.0420760214328765,d3ae182d631b6d52ce026525517984e7dca66498,"{""box_angular_velocity"":[0.672615826,-0.300419122,0.179236352],""box_linear_velocity"":[0.033689566,-0.002563362,-0.186210871],""box_mass"":1.125,""box_pose"":[0.550548136,-4.4259e-05,0.132714629,0.001759083,-0.006350182,0.685543656,0.728001714],""dof_position"":[-0.237285301,-0.026350558,0.005896529,0.430967003,-0.16551204,0.05568967,0.132243887,0.032053489,0.046180245,0.269787103,-0.251025289,0.020427668,0.103851572,0.004671081,0.038377561,-0.071688332,0.111822061,-0.005959526,0.347464114,-0.143093005,-0.147227958,-0.06709262,-0.393885165,-0.158520728,0.130056649,0.653409958,0.040091321,-0.132863671,0.135726064],""dof_velocity"":[-3.699869871,-2.040237665,-0.219869152,-14.315047264,-0.977580607,-2.914502382,-8.073450089,-2.565349817,-2.709583282,5.553553581,-0.017188564,-2.663327694,-0.661636293,-3.170676231,-11.556287766,0.988226175,-0.195298508,1.803678632,16.630434036,2.109781981,-13.163050652,-1.939330459,1.677898645,9.73107338,-11.54144001,15.633998871,-13.568096161,-10.718770027,5.724618912],""goal"":[-3.450000048,0.0,0.18273592],""robot_root_angular_velocity"":[-1.43152833,-7.326595306,1.130014658],""robot_root_linear_velocity"":[-0.336922228,0.054843172,-0.045488738],""robot_root_pose"":[2.28360796,0.002504883,0.79816258,-0.089187384,0.011171118,0.995951295,0.001305299]}",official carrybox.pt,True,2|smooth_hold|+box_x|0.9|2.0,1560,1,54944,55119.0,175.0,460,860,21.35514146906263,9.932623863220217,0.7313953488372092,1.0,1.348164200782776,0.3618145560152655,2.633509874343872,7.72959041595459,-0.8565679769475706,20.784717559814453,0.5023040259794365,1.0,10.594472086594202,0.1849119443951654
official,T0088,legged_gym/resources/ckpt/carrybox.pt,2,smooth_hold,+box_x,1.1,0.5,0.1,0.15,0.15,1.125,12.13987636566162,7.890920257626951,0,,1,1.2448745965957642,-1.2891960144042969,-1.4235095977783203,0,1,0.0681355521082878,2ca4c43e9b058a9fcccad1b2232bb36b094477aa,"{""box_angular_velocity"":[0.672618151,-0.300420433,0.179238752],""box_linear_velocity"":[0.033689652,-0.002563326,-0.186210856],""box_mass"":1.125,""box_pose"":[0.550548136,-4.4258e-05,0.132714629,0.001759084,-0.00635018,0.685543656,0.728001714],""dof_position"":[-0.237285301,-0.026350558,0.005896532,0.430966944,-0.16551204,0.055689678,0.132243916,0.032053489,0.046180256,0.269787073,-0.251025379,0.020427672,0.103851572,0.004671078,0.038377546,-0.071688324,0.111822061,-0.005959525,0.347464085,-0.143093005,-0.147227928,-0.067092627,-0.393885165,-0.158520728,0.130056649,0.653409958,0.040091336,-0.132863685,0.135726064],""dof_velocity"":[-3.69987011,-2.04023695,-0.219868556,-14.315044403,-0.977586269,-2.914503098,-8.073449135,-2.565349817,-2.709582567,5.553555012,-0.017191259,-2.663327694,-0.661635637,-3.170675993,-11.556290627,0.988226235,-0.195298359,1.803678989,16.630430222,2.109781742,-13.163048744,-1.939331055,1.677898407,9.73107338,-11.54144001,15.634000778,-13.568096161,-10.718770981,5.724619389],""goal"":[-3.450000048,0.0,0.18273592],""robot_root_angular_velocity"":[-1.431528211,-7.326596737,1.130014539],""robot_root_linear_velocity"":[-0.336922407,0.054843113,-0.045488797],""robot_root_pose"":[2.28360796,0.002504884,0.79816258,-0.089187384,0.011171118,0.995951295,0.001305299]}",official carrybox.pt,True,2|smooth_hold|+box_x|1.1|0.5,1460,1,55335,55560.0,225.0,160,560,7.890920257626951,12.139877319335938,0.8767857142857143,1.0,1.2448745965957642,0.2580045453039929,1.7691208124160769,5.149899005889893,-1.1536768061724225,25.623794555664062,0.2532422576308558,0.9999999403953552,8.054057377217603,0.20232309474499094
official,T0089,legged_gym/resources/ckpt/carrybox.pt,2,smooth_hold,+box_x,1.1,1.0,0.1,0.15,0.15,1.125,12.13987636566162,13.96085787443396,0,,1,1.80995774269104,-0.7734920382499695,-0.876706600189209,1,0,0.1069028973579406,4582287138b2fc3a31a1cb25dd8705f72c204d9c,"{""box_angular_velocity"":[0.0,0.0,0.0],""box_linear_velocity"":[0.0,0.0,-0.196175486],""box_mass"":1.125,""box_pose"":[0.549999952,0.0,0.132547736,0.0,0.0,0.68435663,0.729147375],""dof_position"":[-0.237780809,-0.025950639,0.005912176,0.431112438,-0.165377572,0.055663545,0.131443098,0.032299895,0.046190694,0.269825906,-0.250445813,0.020467527,0.104477204,0.004905494,0.038970519,-0.071286865,0.109377429,-0.00606284,0.346385926,-0.141034573,-0.147619501,-0.0659502,-0.397222638,-0.156369403,0.128000021,0.657772839,0.038140442,-0.134024382,0.135641053],""dof_velocity"":[-3.723170042,-2.037189007,-0.247902557,-14.308513641,-0.969866395,-2.908161879,-8.095814705,-2.559491634,-2.739269257,5.529987812,0.007342046,-2.660553455,-0.661911964,-3.166270971,-11.513833046,1.023054957,-0.251062393,1.770554185,16.558387756,2.1219697,-13.192837715,-1.849751234,1.464424968,9.760338783,-11.547391891,15.874684334,-13.54074955,-10.804070473,5.615897655],""goal"":[-3.450000048,0.0,0.18273592],""robot_root_angular_velocity"":[-1.421434879,-7.328875542,1.125061154],""robot_root_linear_velocity"":[-0.327150285,0.055600896,-0.04376151],""robot_root_pose"":[2.28378129,0.002500449,0.798210204,-0.089273386,0.011016761,0.995945036,0.001546588]}",official carrybox.pt,True,2|smooth_hold|+box_x|1.1|1.0,1424,1,55701,55892.0,191.0,260,660,13.96085787443396,12.13987636566162,0.9787878787878788,1.0,1.9847694635391235,0.3398230087689378,2.4190168380737305,6.092500686645508,4.468247097820947,65.61593627929688,0.13363137616437268,1.0,13.17317454713312,0.1666321314885422
official,T0090,legged_gym/resources/ckpt/carrybox.pt,2,smooth_hold,+box_x,1.1,2.0,0.1,0.15,0.15,1.125,12.13987636566162,26.10073626517534,0,,1,1.056774020195007,-1.4828824996948242,-1.8242038488388064,0,1,0.0171870067715644,d3ae182d631b6d52ce026525517984e7dca66498,"{""box_angular_velocity"":[0.672615826,-0.300419122,0.179236352],""box_linear_velocity"":[0.033689566,-0.002563362,-0.186210871],""box_mass"":1.125,""box_pose"":[0.550548136,-4.4259e-05,0.132714629,0.001759083,-0.006350182,0.685543656,0.728001714],""dof_position"":[-0.237285301,-0.026350558,0.005896529,0.430967003,-0.16551204,0.05568967,0.132243887,0.032053489,0.046180245,0.269787103,-0.251025289,0.020427668,0.103851572,0.004671081,0.038377561,-0.071688332,0.111822061,-0.005959526,0.347464114,-0.143093005,-0.147227958,-0.06709262,-0.393885165,-0.158520728,0.130056649,0.653409958,0.040091321,-0.132863671,0.135726064],""dof_velocity"":[-3.699869871,-2.040237665,-0.219869152,-14.315047264,-0.977580607,-2.914502382,-8.073450089,-2.565349817,-2.709583282,5.553553581,-0.017188564,-2.663327694,-0.661636293,-3.170676231,-11.556287766,0.988226175,-0.195298508,1.803678632,16.630434036,2.109781981,-13.163050652,-1.939330459,1.677898645,9.73107338,-11.54144001,15.633998871,-13.568096161,-10.718770027,5.724618912],""goal"":[-3.450000048,0.0,0.18273592],""robot_root_angular_velocity"":[-1.43152833,-7.326595306,1.130014658],""robot_root_linear_velocity"":[-0.336922228,0.054843172,-0.045488738],""robot_root_pose"":[2.28360796,0.002504883,0.79816258,-0.089187384,0.011171118,0.995951295,0.001305299]}",official carrybox.pt,True,2|smooth_hold|+box_x|1.1|2.0,1600,1,56058,56243.0,185.0,460,860,26.10073626517534,12.139877319335938,0.8697674418604651,1.0,1.0646027326583862,0.3214772410712443,1.6905953884124756,5.442083358764648,-0.09109494317279652,35.2547607421875,0.30215802839672906,1.0,5.816240825478074,0.16343382275126925
official,T0091,legged_gym/resources/ckpt/carrybox.pt,2,smooth_hold,-box_x,0.1,0.5,0.1,0.15,0.15,1.125,1.1036250591278076,0.7173562949459407,0,,1,0.7857200503349304,1.9885344505310056,1.9040687084198,0,1,0.0509608499705791,2ca4c43e9b058a9fcccad1b2232bb36b094477aa,"{""box_angular_velocity"":[0.672618151,-0.300420433,0.179238752],""box_linear_velocity"":[0.033689652,-0.002563326,-0.186210856],""box_mass"":1.125,""box_pose"":[0.550548136,-4.4258e-05,0.132714629,0.001759084,-0.00635018,0.685543656,0.728001714],""dof_position"":[-0.237285301,-0.026350558,0.005896532,0.430966944,-0.16551204,0.055689678,0.132243916,0.032053489,0.046180256,0.269787073,-0.251025379,0.020427672,0.103851572,0.004671078,0.038377546,-0.071688324,0.111822061,-0.005959525,0.347464085,-0.143093005,-0.147227928,-0.067092627,-0.393885165,-0.158520728,0.130056649,0.653409958,0.040091336,-0.132863685,0.135726064],""dof_velocity"":[-3.69987011,-2.04023695,-0.219868556,-14.315044403,-0.977586269,-2.914503098,-8.073449135,-2.565349817,-2.709582567,5.553555012,-0.017191259,-2.663327694,-0.661635637,-3.170675993,-11.556290627,0.988226235,-0.195298359,1.803678989,16.630430222,2.109781742,-13.163048744,-1.939331055,1.677898407,9.73107338,-11.54144001,15.634000778,-13.568096161,-10.718770981,5.724619389],""goal"":[-3.450000048,0.0,0.18273592],""robot_root_angular_velocity"":[-1.431528211,-7.326596737,1.130014539],""robot_root_linear_velocity"":[-0.336922407,0.054843113,-0.045488797],""robot_root_pose"":[2.28360796,0.002504884,0.79816258,-0.089187384,0.011171118,0.995951295,0.001305299]}",official carrybox.pt,True,2|smooth_hold|-box_x|0.1|0.5,1400,1,56459,56669.0,210.0,160,560,0.7173562949459407,1.1036250591278076,0.9446428571428571,1.0,1.4986993074417114,0.2751848136972902,2.525354385375977,8.002452850341797,0.8605272701874908,12.46674633026123,0.1795667235473437,1.0,11.710876396165363,0.1799139431997901
official,T0092,legged_gym/resources/ckpt/carrybox.pt,2,smooth_hold,-box_x,0.1,1.0,0.1,0.15,0.15,1.125,1.1036250591278076,1.2691688263980416,0,,1,1.9153754711151123,1.4113328456878662,1.4678617715835571,0,1,0.0910495743155479,3f222382cbbc5dcf87f02f9c03910d68f13fd5b7,"{""box_angular_velocity"":[0.672560871,-0.300383896,0.179341778],""box_linear_velocity"":[0.033707917,-0.002564035,-0.186203182],""box_mass"":1.125,""box_pose"":[0.550548553,-4.4268e-05,0.132714778,0.001759037,-0.006349897,0.685544312,0.728000998],""dof_position"":[-0.237283736,-0.026351763,0.005896922,0.430968523,-0.165513664,0.055688906,0.132245958,0.032052461,0.046179481,0.269787729,-0.251026034,0.020426875,0.103852585,0.004665805,0.038380913,-0.071675062,0.111795463,-0.005968496,0.34747076,-0.14306967,-0.147254348,-0.067078643,-0.393885612,-0.158518687,0.130054608,0.653409719,0.040091705,-0.132863715,0.135724962],""dof_velocity"":[-3.699845076,-2.040276766,-0.219841257,-14.314961433,-0.977667868,-2.914536476,-8.073414803,-2.565377474,-2.709611654,5.553611755,-0.017200684,-2.663355827,-0.66159445,-3.1710217,-11.556138039,0.98864311,-0.196053475,1.80328536,16.631044388,2.110190153,-13.164365768,-1.938727975,1.677852511,9.731162071,-11.541464806,15.633981705,-13.567970276,-10.718791008,5.724476814],""goal"":[-3.450000048,0.0,0.18273592],""robot_root_angular_velocity"":[-1.431694746,-7.326522827,1.13009882],""robot_root_linear_velocity"":[-0.336901128,0.054902129,-0.045502987],""robot_root_pose"":[2.283609629,0.002505898,0.798162699,-0.08918605,0.01117251,0.995951355,0.001304652]}",official carrybox.pt,True,2|smooth_hold|-box_x|0.1|1.0,1372,1,56810,56988.0,178.0,260,660,1.2691688263980416,1.1036250591278076,0.9166666666666666,1.0,1.9153754711151123,0.30458708754881764,2.334447145462036,5.676976203918457,-5.555271553639041,35.186702728271484,0.2763029537134902,1.0,17.593114245682955,0.27948872559041554
official,T0093,legged_gym/resources/ckpt/carrybox.pt,2,smooth_hold,-box_x,0.1,2.0,0.1,0.15,0.15,1.125,1.1036250591278076,2.3727938933570005,0,,1,1.7498925924301147,1.9575414657592771,2.1904618740081787,0,1,0.0955588966608047,d3ae182d631b6d52ce026525517984e7dca66498,"{""box_angular_velocity"":[0.672615826,-0.300419122,0.179236352],""box_linear_velocity"":[0.033689566,-0.002563362,-0.186210871],""box_mass"":1.125,""box_pose"":[0.550548136,-4.4259e-05,0.132714629,0.001759083,-0.006350182,0.685543656,0.728001714],""dof_position"":[-0.237285301,-0.026350558,0.005896529,0.430967003,-0.16551204,0.05568967,0.132243887,0.032053489,0.046180245,0.269787103,-0.251025289,0.020427668,0.103851572,0.004671081,0.038377561,-0.071688332,0.111822061,-0.005959526,0.347464114,-0.143093005,-0.147227958,-0.06709262,-0.393885165,-0.158520728,0.130056649,0.653409958,0.040091321,-0.132863671,0.135726064],""dof_velocity"":[-3.699869871,-2.040237665,-0.219869152,-14.315047264,-0.977580607,-2.914502382,-8.073450089,-2.565349817,-2.709583282,5.553553581,-0.017188564,-2.663327694,-0.661636293,-3.170676231,-11.556287766,0.988226175,-0.195298508,1.803678632,16.630434036,2.109781981,-13.163050652,-1.939330459,1.677898645,9.73107338,-11.54144001,15.633998871,-13.568096161,-10.718770027,5.724618912],""goal"":[-3.450000048,0.0,0.18273592],""robot_root_angular_velocity"":[-1.43152833,-7.326595306,1.130014658],""robot_root_linear_velocity"":[-0.336922228,0.054843172,-0.045488738],""robot_root_pose"":[2.28360796,0.002504883,0.79816258,-0.089187384,0.011171118,0.995951295,0.001305299]}",official carrybox.pt,True,2|smooth_hold|-box_x|0.1|2.0,1588,1,57154,57336.0,182.0,460,860,2.3727938933570005,1.1036250591278076,0.7418604651162791,1.0,1.7766361236572266,0.39777867468723727,1.927235960960388,3.363844394683838,1.112914118707873,24.665435791015625,0.4026139912986045,0.9999999403953552,6.23476843700506,0.15302750800931175
official,T0094,legged_gym/resources/ckpt/carrybox.pt,2,smooth_hold,-box_x,0.3,0.5,0.1,0.15,0.15,1.125,3.310875,0.0,1,other,0,,,,0,0,4.0023512840271,2ca4c43e9b058a9fcccad1b2232bb36b094477aa,"{""box_angular_velocity"":[0.672618151,-0.300420433,0.179238752],""box_linear_velocity"":[0.033689652,-0.002563326,-0.186210856],""box_mass"":1.125,""box_pose"":[0.550548136,-4.4258e-05,0.132714629,0.001759084,-0.00635018,0.685543656,0.728001714],""dof_position"":[-0.237285301,-0.026350558,0.005896532,0.430966944,-0.16551204,0.055689678,0.132243916,0.032053489,0.046180256,0.269787073,-0.251025379,0.020427672,0.103851572,0.004671078,0.038377546,-0.071688324,0.111822061,-0.005959525,0.347464085,-0.143093005,-0.147227928,-0.067092627,-0.393885165,-0.158520728,0.130056649,0.653409958,0.040091336,-0.132863685,0.135726064],""dof_velocity"":[-3.69987011,-2.04023695,-0.219868556,-14.315044403,-0.977586269,-2.914503098,-8.073449135,-2.565349817,-2.709582567,5.553555012,-0.017191259,-2.663327694,-0.661635637,-3.170675993,-11.556290627,0.988226235,-0.195298359,1.803678989,16.630430222,2.109781742,-13.163048744,-1.939331055,1.677898407,9.73107338,-11.54144001,15.634000778,-13.568096161,-10.718770981,5.724619389],""goal"":[-3.450000048,0.0,0.18273592],""robot_root_angular_velocity"":[-1.431528211,-7.326596737,1.130014539],""robot_root_linear_velocity"":[-0.336922407,0.054843113,-0.045488797],""robot_root_pose"":[2.28360796,0.002504884,0.79816258,-0.089187384,0.011171118,0.995951295,0.001305299]}",official carrybox.pt,False,2|smooth_hold|-box_x|0.3|0.5,688,0,57552,,,0,0,0.0,,,,,,,,,,,,,
official,T0095,legged_gym/resources/ckpt/carrybox.pt,2,smooth_hold,-box_x,0.3,1.0,0.1,0.15,0.15,1.125,3.310875,0.0,1,other,0,,,,0,0,4.000012397766113,2020fa7bc05eb3a2d66cfcafe461675e9090e4e2,"{""box_angular_velocity"":[0.17052044,-0.173681527,0.384092748],""box_linear_velocity"":[0.001204287,0.000302468,-0.200118244],""box_mass"":1.125,""box_pose"":[0.550013721,7.456e-06,0.132477894,-0.000266393,-0.002192336,0.686927378,0.726722598],""dof_position"":[-0.237364814,-0.02607329,0.005916516,0.431046218,-0.165416718,0.055673368,0.13204129,0.032265708,0.0461924,0.269846231,-0.250798285,0.020443553,0.104088604,0.004745335,0.038789377,-0.071239464,0.112505659,-0.00570006,0.345739961,-0.143483907,-0.146241516,-0.067503996,-0.394257754,-0.158478782,0.129903689,0.653546393,0.04009749,-0.132949799,0.135729611],""dof_velocity"":[-3.715482712,-2.031555414,-0.231243759,-14.310278893,-0.969878912,-2.911087513,-8.088722229,-2.555552244,-2.721874237,5.546413898,-0.003881308,-2.660318136,-0.65509963,-3.165662527,-11.544915199,1.013797522,-0.171347156,1.809643149,16.537208557,2.102322102,-13.111557961,-1.953018904,1.659590006,9.727502823,-11.543322563,15.641929626,-13.56082058,-10.724239349,5.719582081],""goal"":[-3.450000048,0.0,0.18273592],""robot_root_angular_velocity"":[-1.421779394,-7.330115795,1.127404094],""robot_root_linear_velocity"":[-0.332081616,0.055688865,-0.044006512],""robot_root_pose"":[2.283695221,0.002517765,0.798192739,-0.08914984,0.011080894,0.995955646,0.001407631]}",official carrybox.pt,False,2|smooth_hold|-box_x|0.3|1.0,628,0,57725,,,0,0,0.0,,,,,,,,,,,,,
official,T0096,legged_gym/resources/ckpt/carrybox.pt,2,smooth_hold,-box_x,0.3,2.0,0.1,0.15,0.15,1.125,3.310875177383423,7.118381654745917,0,,1,1.8559054136276243,2.0058846473693848,1.850072145462036,1,0,0.1153516396880149,2ca4c43e9b058a9fcccad1b2232bb36b094477aa,"{""box_angular_velocity"":[0.672618151,-0.300420433,0.179238752],""box_linear_velocity"":[0.033689652,-0.002563326,-0.186210856],""box_mass"":1.125,""box_pose"":[0.550548136,-4.4258e-05,0.132714629,0.001759084,-0.00635018,0.685543656,0.728001714],""dof_position"":[-0.237285301,-0.026350558,0.005896532,0.430966944,-0.16551204,0.055689678,0.132243916,0.032053489,0.046180256,0.269787073,-0.251025379,0.020427672,0.103851572,0.004671078,0.038377546,-0.071688324,0.111822061,-0.005959525,0.347464085,-0.143093005,-0.147227928,-0.067092627,-0.393885165,-0.158520728,0.130056649,0.653409958,0.040091336,-0.132863685,0.135726064],""dof_velocity"":[-3.69987011,-2.04023695,-0.219868556,-14.315044403,-0.977586269,-2.914503098,-8.073449135,-2.565349817,-2.709582567,5.553555012,-0.017191259,-2.663327694,-0.661635637,-3.170675993,-11.556290627,0.988226235,-0.195298359,1.803678989,16.630430222,2.109781742,-13.163048744,-1.939331055,1.677898407,9.73107338,-11.54144001,15.634000778,-13.568096161,-10.718770981,5.724619389],""goal"":[-3.450000048,0.0,0.18273592],""robot_root_angular_velocity"":[-1.431528211,-7.326596737,1.130014539],""robot_root_linear_velocity"":[-0.336922407,0.054843113,-0.045488797],""robot_root_pose"":[2.28360796,0.002504884,0.79816258,-0.089187384,0.011171118,0.995951295,0.001305299]}",official carrybox.pt,True,2|smooth_hold|-box_x|0.3|2.0,1732,1,57883,58101.0,218.0,460,860,7.118381654745917,3.310875177383423,0.5302325581395348,1.0,2.008323431015014,0.6045138882992919,2.8231239318847656,9.802460670471191,1.0157117587665832,26.42011833190918,0.5758744691230552,1.0,9.382606238975775,0.13285565822374085
official,T0097,legged_gym/resources/ckpt/carrybox.pt,2,smooth_hold,-box_x,0.5,0.5,0.1,0.15,0.15,1.125,5.518125057220459,3.586781336324985,0,,0,0.4177847802639007,1.9015921354293823,1.8667752742767332,0,0,0.4800605773925781,7b0db86032ebffbf01a630fe6904ecca7f6b24c7,"{""box_angular_velocity"":[0.348560125,-0.122470818,0.499917448],""box_linear_velocity"":[0.020719852,0.001419291,-0.192621395],""box_mass"":1.125,""box_pose"":[0.550338328,2.6945e-05,0.132609382,0.00080297,-0.003249031,0.687630951,0.726052701],""dof_position"":[-0.237350151,-0.026201161,0.00586147,0.431098998,-0.165572867,0.0556839,0.132166252,0.032197449,0.046146903,0.269797534,-0.250933915,0.020440698,0.10407839,0.00471395,0.038582742,-0.071415558,0.111152917,-0.006012561,0.346470296,-0.142418489,-0.146807387,-0.066819184,-0.395560026,-0.157212928,0.128826007,0.655916929,0.038962372,-0.133506954,0.135663301],""dof_velocity"":[-3.709382772,-2.034594536,-0.229937255,-14.30967617,-0.975989759,-2.910828829,-8.080209732,-2.556815147,-2.719253302,5.549844742,-0.012431829,-2.659831524,-0.660322607,-3.16402936,-11.550436974,1.01004982,-0.213430509,1.795382023,16.571947098,2.118082523,-13.144691467,-1.91884613,1.572226763,9.742978096,-11.543621063,15.768334389,-13.547645569,-10.765117645,5.659761429],""goal"":[-3.450000048,0.0,0.18273592],""robot_root_angular_velocity"":[-1.423535943,-7.329489231,1.133240938],""robot_root_linear_velocity"":[-0.33471179,0.055031534,-0.046509858],""robot_root_pose"":[2.283646345,0.002514136,0.798151493,-0.089175276,0.011117186,0.995952904,0.001331228]}",official carrybox.pt,True,2|smooth_hold|-box_x|0.5|0.5,1260,1,58317,58492.0,175.0,160,560,3.586781336324985,5.518125057220459,0.9964285714285714,1.0,0.4543284773826599,0.2242895519427423,1.7372300624847412,2.354957103729248,2.168745443577479,8.432220458984375,0.1938882419440363,0.9999995827674866,8.494602892621021,0.1932942999023778
official,T0098,legged_gym/resources/ckpt/carrybox.pt,2,smooth_hold,-box_x,0.5,1.0,0.1,0.15,0.15,1.125,5.518125057220459,6.34584435263507,0,,1,1.2779641151428225,-1.1432597637176514,-0.6510754823684692,0,1,0.0462004728615284,93679468c11bf945a2e9dbaabf433c58314ce5fe,"{""box_angular_velocity"":[0.073798329,-0.107086234,0.314395577],""box_linear_velocity"":[0.0179547,-0.000976219,-0.192419618],""box_mass"":1.125,""box_pose"":[0.550325572,-1.4216e-05,0.132619664,-0.000427684,-0.001222319,0.68648541,0.727142334],""dof_position"":[-0.237648323,-0.025811598,0.00596186,0.431098938,-0.1655128,0.055671711,0.131520629,0.032385066,0.046256017,0.269788951,-0.25049907,0.020491812,0.104468107,0.005033439,0.038711309,-0.072340392,0.111695416,-0.004760024,0.345552772,-0.143658146,-0.145006984,-0.067580551,-0.39605692,-0.157198712,0.128804386,0.656155288,0.038871076,-0.133605927,0.135712907],""dof_velocity"":[-3.724675894,-2.031610012,-0.247964367,-14.3125,-0.970901906,-2.906467676,-8.10134697,-2.55624795,-2.738560677,5.527894974,0.006089582,-2.6579175,-0.6553666,-3.155945301,-11.545357704,0.990237653,-0.16753298,1.794193029,16.491157532,2.034003496,-13.058182716,-1.894515395,1.547621727,9.746490479,-11.543661118,15.7841959,-13.551917076,-10.772659302,5.659983635],""goal"":[-3.450000048,0.0,0.18273592],""robot_root_angular_velocity"":[-1.414149284,-7.340520382,1.118920565],""robot_root_linear_velocity"":[-0.330715925,0.054135416,-0.044066872],""robot_root_pose"":[2.283723116,0.002482099,0.798199475,-0.089288183,0.010960318,0.995944262,0.001605283]}",official carrybox.pt,True,2|smooth_hold|-box_x|0.5|1.0,5956,1,58633,59957.0,1324.0,260,660,6.34584435263507,5.518125534057617,0.7166666666666667,1.0,1.6816061735153198,0.32028599879845526,2.0252482891082764,10.221467971801758,-1.3189271494520434,24.519636154174805,0.3940807744902982,1.0,6.138820599019527,0.19374703154663261
official,T0099,legged_gym/resources/ckpt/carrybox.pt,2,smooth_hold,-box_x,0.5,2.0,0.1,0.15,0.15,1.125,5.518125057220459,11.86396988919793,0,,1,1.573429822921753,1.880544662475586,2.211455106735229,0,1,0.0651529505848884,2ca4c43e9b058a9fcccad1b2232bb36b094477aa,"{""box_angular_velocity"":[0.672618151,-0.300420433,0.179238752],""box_linear_velocity"":[0.033689652,-0.002563326,-0.186210856],""box_mass"":1.125,""box_pose"":[0.550548136,-4.4258e-05,0.132714629,0.001759084,-0.00635018,0.685543656,0.728001714],""dof_position"":[-0.237285301,-0.026350558,0.005896532,0.430966944,-0.16551204,0.055689678,0.132243916,0.032053489,0.046180256,0.269787073,-0.251025379,0.020427672,0.103851572,0.004671078,0.038377546,-0.071688324,0.111822061,-0.005959525,0.347464085,-0.143093005,-0.147227928,-0.067092627,-0.393885165,-0.158520728,0.130056649,0.653409958,0.040091336,-0.132863685,0.135726064],""dof_velocity"":[-3.69987011,-2.04023695,-0.219868556,-14.315044403,-0.977586269,-2.914503098,-8.073449135,-2.565349817,-2.709582567,5.553555012,-0.017191259,-2.663327694,-0.661635637,-3.170675993,-11.556290627,0.988226235,-0.195298359,1.803678989,16.630430222,2.109781742,-13.163048744,-1.939331055,1.677898407,9.73107338,-11.54144001,15.634000778,-13.568096161,-10.718770981,5.724619389],""goal"":[-3.450000048,0.0,0.18273592],""robot_root_angular_velocity"":[-1.431528211,-7.326596737,1.130014539],""robot_root_linear_velocity"":[-0.336922407,0.054843113,-0.045488797],""robot_root_pose"":[2.28360796,0.002504884,0.79816258,-0.089187384,0.011171118,0.995951295,0.001305299]}",official carrybox.pt,True,2|smooth_hold|-box_x|0.5|2.0,1540,1,60123,60293.0,170.0,460,860,11.86396988919793,5.518125534057617,0.6593023255813953,1.0,1.8303080797195437,0.3971942783528289,2.4632492065429688,6.454716682434082,-0.9059697243883166,17.151235580444336,0.36805510547223264,1.0,6.582833810653105,0.1523171464956228
official,T0100,legged_gym/resources/ckpt/carrybox.pt,2,smooth_hold,-box_x,0.7,0.5,0.1,0.15,0.15,1.125,7.725375175476074,5.021494183113465,0,,0,0.4074595868587494,-0.7755321860313416,-0.7795694470405579,1,0,0.5613500475883484,2ca4c43e9b058a9fcccad1b2232bb36b094477aa,"{""box_angular_velocity"":[0.672618151,-0.300420433,0.179238752],""box_linear_velocity"":[0.033689652,-0.002563326,-0.186210856],""box_mass"":1.125,""box_pose"":[0.550548136,-4.4258e-05,0.132714629,0.001759084,-0.00635018,0.685543656,0.728001714],""dof_position"":[-0.237285301,-0.026350558,0.005896532,0.430966944,-0.16551204,0.055689678,0.132243916,0.032053489,0.046180256,0.269787073,-0.251025379,0.020427672,0.103851572,0.004671078,0.038377546,-0.071688324,0.111822061,-0.005959525,0.347464085,-0.143093005,-0.147227928,-0.067092627,-0.393885165,-0.158520728,0.130056649,0.653409958,0.040091336,-0.132863685,0.135726064],""dof_velocity"":[-3.69987011,-2.04023695,-0.219868556,-14.315044403,-0.977586269,-2.914503098,-8.073449135,-2.565349817,-2.709582567,5.553555012,-0.017191259,-2.663327694,-0.661635637,-3.170675993,-11.556290627,0.988226235,-0.195298359,1.803678989,16.630430222,2.109781742,-13.163048744,-1.939331055,1.677898407,9.73107338,-11.54144001,15.634000778,-13.568096161,-10.718770981,5.724619389],""goal"":[-3.450000048,0.0,0.18273592],""robot_root_angular_velocity"":[-1.431528211,-7.326596737,1.130014539],""robot_root_linear_velocity"":[-0.336922407,0.054843113,-0.045488797],""robot_root_pose"":[2.28360796,0.002504884,0.79816258,-0.089187384,0.011171118,0.995951295,0.001305299]}",official carrybox.pt,True,2|smooth_hold|-box_x|0.7|0.5,1236,1,60509,60678.0,169.0,160,560,5.021494183113465,7.725375652313232,0.9982142857142857,1.0,0.4074595868587494,0.1986933733502935,1.523454666137695,2.556441307067871,6.035847896457251,20.79369735717773,0.13946679752552876,0.8318899869918823,6.678718646083559,0.14803149063274235
official,T0101,legged_gym/resources/ckpt/carrybox.pt,2,smooth_hold,-box_x,0.7,1.0,0.1,0.15,0.15,1.125,7.725375175476074,8.884181503457619,0,,1,1.0254299640655518,2.006990671157837,2.0831644535064697,0,1,0.0456027910113334,bfcf1b0df851b71e307fe46c864f650d39bc4367,"{""box_angular_velocity"":[0.187947303,-0.560234725,0.269688904],""box_linear_velocity"":[0.039018337,-0.000692996,-0.180380717],""box_mass"":1.125,""box_pose"":[0.550690234,-1.0604e-05,0.132834345,-0.002655406,-0.005176641,0.686130881,0.727454782],""dof_position"":[-0.237509549,-0.026184969,0.005887713,0.431090295,-0.165509671,0.05566759,0.131962627,0.032187838,0.046152718,0.269793451,-0.250831664,0.020430343,0.104125224,0.00457768,0.038622174,-0.071922459,0.110611863,-0.005411341,0.346703589,-0.142166346,-0.146646991,-0.066850863,-0.39573738,-0.157076925,0.128757253,0.65602231,0.038916271,-0.133562058,0.135653108],""dof_velocity"":[-3.719542742,-2.034408808,-0.231920376,-14.310578346,-0.973967433,-2.910903931,-8.090322495,-2.556808472,-2.721692801,5.543871403,-0.006415202,-2.660566568,-0.659021378,-3.172575235,-11.55212307,0.996096015,-0.2095135,1.777531266,16.57283783,2.08903265,-13.145533562,-1.874073267,1.564878941,9.74717617,-11.543676376,15.77317524,-13.544133186,-10.768896103,5.655006409],""goal"":[-3.450000048,0.0,0.18273592],""robot_root_angular_velocity"":[-1.425225019,-7.337209702,1.131394506],""robot_root_linear_velocity"":[-0.333466917,0.056281976,-0.046360157],""robot_root_pose"":[2.283666849,0.00253314,0.798155248,-0.089228801,0.011130744,0.995947957,0.001370285]}",official carrybox.pt,True,2|smooth_hold|-box_x|0.7|1.0,1404,1,60819,61005.0,186.0,260,660,8.884181503457619,7.725375175476074,0.8772727272727273,1.0,1.027595043182373,0.2502545717652097,1.849279761314392,4.812797546386719,0.08584307684443157,4.660993576049805,0.2918011408172209,1.0,8.649709866516236,0.20896791412443705
official,T0102,legged_gym/resources/ckpt/carrybox.pt,2,smooth_hold,-box_x,0.7,2.0,0.1,0.15,0.15,1.125,7.725375,0.0,1,other,0,,,,0,0,4.000012397766113,4582287138b2fc3a31a1cb25dd8705f72c204d9c,"{""box_angular_velocity"":[0.0,0.0,0.0],""box_linear_velocity"":[0.0,0.0,-0.196175486],""box_mass"":1.125,""box_pose"":[0.549999952,0.0,0.132547736,0.0,0.0,0.68435663,0.729147375],""dof_position"":[-0.237780809,-0.025950639,0.005912176,0.431112438,-0.165377572,0.055663545,0.131443098,0.032299895,0.046190694,0.269825906,-0.250445813,0.020467527,0.104477204,0.004905494,0.038970519,-0.071286865,0.109377429,-0.00606284,0.346385926,-0.141034573,-0.147619501,-0.0659502,-0.397222638,-0.156369403,0.128000021,0.657772839,0.038140442,-0.134024382,0.135641053],""dof_velocity"":[-3.723170042,-2.037189007,-0.247902557,-14.308513641,-0.969866395,-2.908161879,-8.095814705,-2.559491634,-2.739269257,5.529987812,0.007342046,-2.660553455,-0.661911964,-3.166270971,-11.513833046,1.023054957,-0.251062393,1.770554185,16.558387756,2.1219697,-13.192837715,-1.849751234,1.464424968,9.760338783,-11.547391891,15.874684334,-13.54074955,-10.804070473,5.615897655],""goal"":[-3.450000048,0.0,0.18273592],""robot_root_angular_velocity"":[-1.421434879,-7.328875542,1.125061154],""robot_root_linear_velocity"":[-0.327150285,0.055600896,-0.04376151],""robot_root_pose"":[2.28378129,0.002500449,0.798210204,-0.089273386,0.011016761,0.995945036,0.001546588]}",official carrybox.pt,False,2|smooth_hold|-box_x|0.7|2.0,664,0,61171,,,0,0,0.0,,,,,,,,,,,,,
official,T0103,legged_gym/resources/ckpt/carrybox.pt,2,smooth_hold,-box_x,0.9,0.5,0.1,0.15,0.15,1.125,9.932625,0.0,1,head_low,0,,,,0,0,4.000149726867676,e92ca480f1ec60464a077bc7328e57ff526ff541,"{""box_angular_velocity"":[0.464426726,-0.367908239,0.120920882],""box_linear_velocity"":[0.00358415,-0.002430731,-0.198116109],""box_mass"":1.125,""box_pose"":[0.550039828,-4.2543e-05,0.132513672,0.000111139,-0.00555267,0.685157359,0.728373826],""dof_position"":[-0.237271726,-0.026328383,0.005888594,0.43102771,-0.165481254,0.055679809,0.132271796,0.032083813,0.04615568,0.269830137,-0.25099054,0.020420328,0.103885338,0.00453402,0.038599949,-0.071059808,0.111892462,-0.006281836,0.346417814,-0.14294754,-0.147026181,-0.066925928,-0.393896371,-0.158576772,0.130037278,0.653268874,0.040235866,-0.132849351,0.135732323],""dof_velocity"":[-3.702794075,-2.036928415,-0.221344888,-14.311395645,-0.974557042,-2.914241314,-8.075227737,-2.561194897,-2.711113214,5.555100441,-0.013036521,-2.663017988,-0.659374177,-3.174548388,-11.54540062,1.009566665,-0.203200921,1.80609107,16.588378906,2.129522085,-13.152565956,-1.951375008,1.67673254,9.726916313,-11.542545319,15.626023293,-13.560870171,-10.716919899,5.726027489],""goal"":[-3.450000048,0.0,0.18273592],""robot_root_angular_velocity"":[-1.429855824,-7.32278204,1.131841898],""robot_root_linear_velocity"":[-0.334496915,0.055773698,-0.045420364],""robot_root_pose"":[2.28364706,0.002524039,0.798163176,-0.089136057,0.011177174,0.995955944,0.001296158]}",official carrybox.pt,False,2|smooth_hold|-box_x|0.9|0.5,660,0,61338,,,0,0,0.0,,,,,,,,,,,,,
official,T0104,legged_gym/resources/ckpt/carrybox.pt,2,smooth_hold,-box_x,0.9,1.0,0.1,0.15,0.15,1.125,9.932625,0.0,1,base_tilt,0,,,,0,0,4.008299350738525,4582287138b2fc3a31a1cb25dd8705f72c204d9c,"{""box_angular_velocity"":[0.0,0.0,0.0],""box_linear_velocity"":[0.0,0.0,-0.196175486],""box_mass"":1.125,""box_pose"":[0.549999952,0.0,0.132547736,0.0,0.0,0.68435663,0.729147375],""dof_position"":[-0.237780809,-0.025950639,0.005912176,0.431112438,-0.165377572,0.055663545,0.131443098,0.032299895,0.046190694,0.269825906,-0.250445813,0.020467527,0.104477204,0.004905494,0.038970519,-0.071286865,0.109377429,-0.00606284,0.346385926,-0.141034573,-0.147619501,-0.0659502,-0.397222638,-0.156369403,0.128000021,0.657772839,0.038140442,-0.134024382,0.135641053],""dof_velocity"":[-3.723170042,-2.037189007,-0.247902557,-14.308513641,-0.969866395,-2.908161879,-8.095814705,-2.559491634,-2.739269257,5.529987812,0.007342046,-2.660553455,-0.661911964,-3.166270971,-11.513833046,1.023054957,-0.251062393,1.770554185,16.558387756,2.1219697,-13.192837715,-1.849751234,1.464424968,9.760338783,-11.547391891,15.874684334,-13.54074955,-10.804070473,5.615897655],""goal"":[-3.450000048,0.0,0.18273592],""robot_root_angular_velocity"":[-1.421434879,-7.328875542,1.125061154],""robot_root_linear_velocity"":[-0.327150285,0.055600896,-0.04376151],""robot_root_pose"":[2.28378129,0.002500449,0.798210204,-0.089273386,0.011016761,0.995945036,0.001546588]}",official carrybox.pt,False,2|smooth_hold|-box_x|0.9|1.0,1032,0,61504,,,0,0,0.0,,,,,,,,,,,,,
official,T0105,legged_gym/resources/ckpt/carrybox.pt,2,smooth_hold,-box_x,0.9,2.0,0.1,0.15,0.15,1.125,9.932625,0.0,1,box_tilt|head_low,0,,,,0,0,4.000880718231201,4b0b7d5ae6173a289933c5843e3b7379e431b518,"{""box_angular_velocity"":[0.0,0.0,0.0],""box_linear_velocity"":[0.0,0.0,-0.196175486],""box_mass"":1.125,""box_pose"":[0.549999952,0.0,0.132547736,0.0,0.0,0.68435663,0.729147375],""dof_position"":[-0.237748548,-0.025954247,0.005907661,0.431119204,-0.165391207,0.055663489,0.131489232,0.032298632,0.046187248,0.269807756,-0.250450552,0.020466929,0.104471616,0.004907302,0.039003454,-0.07129176,0.1093776,-0.00606335,0.346385568,-0.141034752,-0.147618562,-0.065949693,-0.397227854,-0.156371042,0.127999872,0.657774329,0.038142383,-0.134024605,0.135639444],""dof_velocity"":[-3.722881317,-2.037173033,-0.248235464,-14.30649662,-0.971840262,-2.908196688,-8.094276428,-2.559189796,-2.739318848,5.530779362,0.004415811,-2.660627842,-0.662354469,-3.165975809,-11.513804436,1.023863554,-0.251146257,1.770283937,16.558105469,2.121973753,-13.19277668,-1.849663734,1.464678288,9.760263443,-11.546792984,15.875024796,-13.540397644,-10.804186821,5.615562916],""goal"":[-3.450000048,0.0,0.18273592],""robot_root_angular_velocity"":[-1.421338797,-7.328232765,1.125626087],""robot_root_linear_velocity"":[-0.327293694,0.05559909,-0.043819323],""robot_root_pose"":[2.283781767,0.002500554,0.798210382,-0.089258745,0.011017564,0.995946288,0.001543432]}",official carrybox.pt,False,2|smooth_hold|-box_x|0.9|2.0,1080,0,61763,,,0,0,0.0,,,,,,,,,,,,,
official,T0106,legged_gym/resources/ckpt/carrybox.pt,2,smooth_hold,-box_x,1.1,0.5,0.1,0.15,0.15,1.125,12.13987636566162,7.890919742572979,0,,1,1.1068801879882812,1.4937714338302612,1.5574406385421753,1,0,0.1126578599214553,ab6ace443b1190b292eedd66600fe43d677e333d,"{""box_angular_velocity"":[0.166195244,-0.179032043,0.239282668],""box_linear_velocity"":[-0.018328184,-0.001935595,-0.207486793],""box_mass"":1.125,""box_pose"":[0.549690008,-3.2591e-05,0.132357374,-0.000358093,-0.002357463,0.685961366,0.727634013],""dof_position"":[-0.237504646,-0.025915002,0.005946712,0.431058258,-0.165395439,0.055672068,0.131715626,0.032334432,0.046234772,0.26985842,-0.250555724,0.020470969,0.104223683,0.004940772,0.03889405,-0.071248785,0.11224211,-0.006019786,0.346174449,-0.143478438,-0.146901563,-0.067139417,-0.394484639,-0.158618093,0.130012468,0.65354377,0.04016193,-0.132938012,0.135782287],""dof_velocity"":[-3.713320255,-2.032353878,-0.236637577,-14.31343174,-0.967423499,-2.910061359,-8.092990875,-2.558828831,-2.728682518,5.538424969,0.005241494,-2.660916805,-0.657541335,-3.164964914,-11.526277542,1.013606429,-0.184363604,1.814132929,16.558998108,2.106822491,-13.144104004,-1.953414559,1.640775204,9.731678009,-11.542102814,15.647555351,-13.566624641,-10.724930763,5.727181911],""goal"":[-3.450000048,0.0,0.18273592],""robot_root_angular_velocity"":[-1.419893146,-7.325447083,1.11750555],""robot_root_linear_velocity"":[-0.328796387,0.055231668,-0.042565256],""robot_root_pose"":[2.283754349,0.002492995,0.798218369,-0.08918488,0.011003408,0.995953023,0.001535131]}",official carrybox.pt,True,2|smooth_hold|-box_x|1.1|0.5,1344,1,62034,62230.0,196.0,160,560,7.890919742572979,12.13987636566162,0.9928571428571429,1.0,1.4737430810928345,0.2488535296571042,2.239366292953491,10.764025688171388,-0.15042595654376784,21.639066696166992,0.07412177049970653,0.9076528549194336,5.404158398083278,0.08569171466255539
official,T0107,legged_gym/resources/ckpt/carrybox.pt,2,smooth_hold,-box_x,1.1,1.0,0.1,0.15,0.15,1.125,12.139875000000002,0.0,1,box_tilt,0,,,,0,0,4.000012397766113,29eff59e735461bd159cdc0857a98120e54f9400,"{""box_angular_velocity"":[0.682578921,-0.301458985,0.1821924],""box_linear_velocity"":[0.027666418,-0.002605923,-0.188926443],""box_mass"":1.125,""box_pose"":[0.550442755,-4.4958e-05,0.132667273,0.001810394,-0.006422325,0.685563803,0.727981925],""dof_position"":[-0.237274855,-0.026341025,0.0058945,0.430980057,-0.165508568,0.055688538,0.132252991,0.032062218,0.046176486,0.269796342,-0.251015663,0.020427482,0.103864573,0.004664398,0.038424943,-0.07152231,0.111807644,-0.006100697,0.34717828,-0.14299655,-0.1471598,-0.066988446,-0.393899977,-0.158535838,0.130050689,0.653398156,0.040113144,-0.132859915,0.135728315],""dof_velocity"":[-3.699849367,-2.039807081,-0.22035715,-14.31451416,-0.976767421,-2.914415121,-8.07334137,-2.564809322,-2.710186243,5.553882599,-0.01648677,-2.66328454,-0.661597133,-3.171006203,-11.55355835,0.994125843,-0.199330986,1.804832578,16.61819458,2.118861914,-13.158717155,-1.942407966,1.676379442,9.730619431,-11.541546822,15.633790016,-13.56727314,-10.718554497,5.724895954],""goal"":[-3.450000048,0.0,0.18273592],""robot_root_angular_velocity"":[-1.431212664,-7.32525301,1.130185127],""robot_root_linear_velocity"":[-0.336399913,0.054958388,-0.045481205],""robot_root_pose"":[2.28361702,0.002506621,0.798162997,-0.089173451,0.011168624,0.995952606,0.00130657]}",official carrybox.pt,False,2|smooth_hold|-box_x|1.1|1.0,1148,0,62371,,,0,0,0.0,,,,,,,,,,,,,
official,T0108,legged_gym/resources/ckpt/carrybox.pt,2,smooth_hold,-box_x,1.1,2.0,0.1,0.15,0.15,1.125,12.139875000000002,0.0,1,head_low,0,,,,0,0,4.000012397766113,2ca4c43e9b058a9fcccad1b2232bb36b094477aa,"{""box_angular_velocity"":[0.672618151,-0.300420433,0.179238752],""box_linear_velocity"":[0.033689652,-0.002563326,-0.186210856],""box_mass"":1.125,""box_pose"":[0.550548136,-4.4258e-05,0.132714629,0.001759084,-0.00635018,0.685543656,0.728001714],""dof_position"":[-0.237285301,-0.026350558,0.005896532,0.430966944,-0.16551204,0.055689678,0.132243916,0.032053489,0.046180256,0.269787073,-0.251025379,0.020427672,0.103851572,0.004671078,0.038377546,-0.071688324,0.111822061,-0.005959525,0.347464085,-0.143093005,-0.147227928,-0.067092627,-0.393885165,-0.158520728,0.130056649,0.653409958,0.040091336,-0.132863685,0.135726064],""dof_velocity"":[-3.69987011,-2.04023695,-0.219868556,-14.315044403,-0.977586269,-2.914503098,-8.073449135,-2.565349817,-2.709582567,5.553555012,-0.017191259,-2.663327694,-0.661635637,-3.170675993,-11.556290627,0.988226235,-0.195298359,1.803678989,16.630430222,2.109781742,-13.163048744,-1.939331055,1.677898407,9.73107338,-11.54144001,15.634000778,-13.568096161,-10.718770981,5.724619389],""goal"":[-3.450000048,0.0,0.18273592],""robot_root_angular_velocity"":[-1.431528211,-7.326596737,1.130014539],""robot_root_linear_velocity"":[-0.336922407,0.054843113,-0.045488797],""robot_root_pose"":[2.28360796,0.002504884,0.79816258,-0.089187384,0.011171118,0.995951295,0.001305299]}",official carrybox.pt,False,2|smooth_hold|-box_x|1.1|2.0,560,0,62659,,,0,0,0.0,,,,,,,,,,,,,
official,T0109,legged_gym/resources/ckpt/carrybox.pt,2,smooth_hold,+box_y,0.1,0.5,0.1,0.15,0.15,1.125,1.1036250591278076,0.7173563009439488,0,,1,0.2844931185245514,0.1560332328081131,0.276760846376419,0,0,0.1666701734066009,78ed6b1ec1fa4298c2063499db218ea4a59ae88d,"{""box_angular_velocity"":[0.595645547,-0.349340051,0.262592286],""box_linear_velocity"":[0.039570536,-0.000343092,-0.182715088],""box_mass"":1.125,""box_pose"":[0.550656676,-5.814e-06,0.13277708,0.001062845,-0.006185834,0.686052084,0.727525234],""dof_position"":[-0.237320051,-0.026321961,0.005828595,0.431029916,-0.165560812,0.055721227,0.132246315,0.032109044,0.046150632,0.269777477,-0.251032889,0.02045802,0.103923313,0.004867238,0.038415268,-0.07169459,0.111504339,-0.006095158,0.347505689,-0.142860204,-0.147360072,-0.067001216,-0.395561457,-0.157192767,0.128829926,0.656108439,0.038821664,-0.133539572,0.135679454],""dof_velocity"":[-3.705679178,-2.037880182,-0.225053012,-14.31139183,-0.978952944,-2.911489725,-8.076826096,-2.561100006,-2.712108135,5.55375433,-0.017879872,-2.660452843,-0.664609253,-3.153630018,-11.557909012,0.995696366,-0.212775573,1.80564332,16.627197266,2.117321253,-13.170073509,-1.939132214,1.570679545,9.742647171,-11.54361248,15.779406548,-13.554940224,-10.767624855,5.659505367],""goal"":[-3.450000048,0.0,0.18273592],""robot_root_angular_velocity"":[-1.423133135,-7.330360889,1.133605957],""robot_root_linear_velocity"":[-0.336945593,0.052477509,-0.046080261],""robot_root_pose"":[2.283605576,0.002472678,0.798157692,-0.08919289,0.011123218,0.995951414,0.001282594]}",official carrybox.pt,True,2|smooth_hold|+box_y|0.1|0.5,1368,1,62800,63002.0,202.0,160,560,0.7173563009439488,1.1036250591278076,0.9928571428571429,1.0,0.7636327147483826,0.16798308753807625,2.184563159942627,2.4253933429718018,-1.902912670646661,59.153568267822266,0.12774397204879537,0.9958242177963256,4.5363586217164995,0.10091403930647562
official,T0110,legged_gym/resources/ckpt/carrybox.pt,2,smooth_hold,+box_y,0.1,1.0,0.1,0.15,0.15,1.125,1.1036250591278076,1.2691689527738594,0,,1,1.1450536251068115,1.8585838079452517,1.995497226715088,0,1,0.0669825300574302,7555bc16c0c5dd79647f89977610ad93277038fe,"{""box_angular_velocity"":[0.672560871,-0.300383806,0.179341704],""box_linear_velocity"":[0.033707909,-0.002564038,-0.186203182],""box_mass"":1.125,""box_pose"":[0.550548553,-4.4268e-05,0.132714778,0.001759038,-0.006349897,0.685544312,0.728000998],""dof_position"":[-0.237283856,-0.026351752,0.00589689,0.430968344,-0.165513352,0.055688929,0.132245973,0.032052513,0.046179473,0.269787699,-0.251026034,0.020426871,0.103852563,0.004665845,0.038380876,-0.071675062,0.111795455,-0.0059685,0.34747076,-0.14306967,-0.147254318,-0.067078635,-0.393885612,-0.158518687,0.130054608,0.653409719,0.040091723,-0.132863671,0.135724977],""dof_velocity"":[-3.699853897,-2.040274382,-0.219844267,-14.314961433,-0.977652073,-2.914536238,-8.073410988,-2.565372467,-2.709612846,5.553610325,-0.017200783,-2.663356304,-0.661596,-3.171017408,-11.556139946,0.988642454,-0.19605419,1.803284764,16.63104248,2.110190153,-13.164363861,-1.938727379,1.677851796,9.731162071,-11.541464806,15.633981705,-13.567969322,-10.718788147,5.724478722],""goal"":[-3.450000048,0.0,0.18273592],""robot_root_angular_velocity"":[-1.43169117,-7.326521873,1.130100965],""robot_root_linear_velocity"":[-0.336901009,0.054902289,-0.045503348],""robot_root_pose"":[2.283609629,0.002505906,0.798162699,-0.08918605,0.011172492,0.995951355,0.001304639]}",official carrybox.pt,True,2|smooth_hold|+box_y|0.1|1.0,1416,1,63143,63332.0,189.0,260,660,1.2691689527738594,1.1036251783370972,0.8409090909090909,1.0,1.224132061004639,0.3911420927919222,1.812878131866455,5.428870677947998,0.7137472872438869,21.287567138671875,0.3043233391924084,1.0,12.163130115096768,0.17536844769248008
official,T0111,legged_gym/resources/ckpt/carrybox.pt,2,smooth_hold,+box_y,0.1,2.0,0.1,0.15,0.15,1.125,1.1036250591278076,2.372793886912248,0,,1,1.537631273269653,0.4467133581638336,0.6220287084579468,0,0,0.1002427488565445,2ca4c43e9b058a9fcccad1b2232bb36b094477aa,"{""box_angular_velocity"":[0.672618151,-0.300420433,0.179238752],""box_linear_velocity"":[0.033689652,-0.002563326,-0.186210856],""box_mass"":1.125,""box_pose"":[0.550548136,-4.4258e-05,0.132714629,0.001759084,-0.00635018,0.685543656,0.728001714],""dof_position"":[-0.237285301,-0.026350558,0.005896532,0.430966944,-0.16551204,0.055689678,0.132243916,0.032053489,0.046180256,0.269787073,-0.251025379,0.020427672,0.103851572,0.004671078,0.038377546,-0.071688324,0.111822061,-0.005959525,0.347464085,-0.143093005,-0.147227928,-0.067092627,-0.393885165,-0.158520728,0.130056649,0.653409958,0.040091336,-0.132863685,0.135726064],""dof_velocity"":[-3.69987011,-2.04023695,-0.219868556,-14.315044403,-0.977586269,-2.914503098,-8.073449135,-2.565349817,-2.709582567,5.553555012,-0.017191259,-2.663327694,-0.661635637,-3.170675993,-11.556290627,0.988226235,-0.195298359,1.803678989,16.630430222,2.109781742,-13.163048744,-1.939331055,1.677898407,9.73107338,-11.54144001,15.634000778,-13.568096161,-10.718770981,5.724619389],""goal"":[-3.450000048,0.0,0.18273592],""robot_root_angular_velocity"":[-1.431528211,-7.326596737,1.130014539],""robot_root_linear_velocity"":[-0.336922407,0.054843113,-0.045488797],""robot_root_pose"":[2.28360796,0.002504884,0.79816258,-0.089187384,0.011171118,0.995951295,0.001305299]}",official carrybox.pt,True,2|smooth_hold|+box_y|0.1|2.0,1820,1,63498,63738.0,240.0,460,860,2.372793886912248,1.1036250591278076,0.4965116279069767,1.0,1.537631273269653,0.5388120687674991,1.52348530292511,3.947089672088623,-2.7321265251657296,96.8590316772461,0.6117111299728412,1.0,4.488368298858404,0.11499588462968457
official,T0112,legged_gym/resources/ckpt/carrybox.pt,2,smooth_hold,+box_y,0.3,0.5,0.1,0.15,0.15,1.125,3.310875177383423,2.152068903249777,0,,1,1.398789882659912,-0.2727792859077453,0.0284152626991271,1,0,0.6849355101585388,2ca4c43e9b058a9fcccad1b2232bb36b094477aa,"{""box_angular_velocity"":[0.672618151,-0.300420433,0.179238752],""box_linear_velocity"":[0.033689652,-0.002563326,-0.186210856],""box_mass"":1.125,""box_pose"":[0.550548136,-4.4258e-05,0.132714629,0.001759084,-0.00635018,0.685543656,0.728001714],""dof_position"":[-0.237285301,-0.026350558,0.005896532,0.430966944,-0.16551204,0.055689678,0.132243916,0.032053489,0.046180256,0.269787073,-0.251025379,0.020427672,0.103851572,0.004671078,0.038377546,-0.071688324,0.111822061,-0.005959525,0.347464085,-0.143093005,-0.147227928,-0.067092627,-0.393885165,-0.158520728,0.130056649,0.653409958,0.040091336,-0.132863685,0.135726064],""dof_velocity"":[-3.69987011,-2.04023695,-0.219868556,-14.315044403,-0.977586269,-2.914503098,-8.073449135,-2.565349817,-2.709582567,5.553555012,-0.017191259,-2.663327694,-0.661635637,-3.170675993,-11.556290627,0.988226235,-0.195298359,1.803678989,16.630430222,2.109781742,-13.163048744,-1.939331055,1.677898407,9.73107338,-11.54144001,15.634000778,-13.568096161,-10.718770981,5.724619389],""goal"":[-3.450000048,0.0,0.18273592],""robot_root_angular_velocity"":[-1.431528211,-7.326596737,1.130014539],""robot_root_linear_velocity"":[-0.336922407,0.054843113,-0.045488797],""robot_root_pose"":[2.28360796,0.002504884,0.79816258,-0.089187384,0.011171118,0.995951295,0.001305299]}",official carrybox.pt,True,2|smooth_hold|+box_y|0.3|0.5,1448,1,63954,64176.0,222.0,160,560,2.152068903249777,3.310875177383423,0.9946428571428572,1.0,1.398789882659912,0.2926239505077579,1.7123676538467407,2.831960916519165,4.22349990196526,60.55521774291992,0.26268843421213595,0.9192535281181335,10.736427447093385,0.16334698331941452
official,T0113,legged_gym/resources/ckpt/carrybox.pt,2,smooth_hold,+box_y,0.3,1.0,0.1,0.15,0.15,1.125,3.310875177383423,3.8075067350243543,0,,1,0.8273505568504333,0.9992784261703492,0.9357447624206544,1,0,0.1267470419406891,5200f7aa8b3f17b1d3896e418d9a00df86cae7d7,"{""box_angular_velocity"":[0.313740522,-0.640436828,-0.064231813],""box_linear_velocity"":[-0.005038954,-0.008451432,-0.197673947],""box_mass"":1.125,""box_pose"":[0.549930394,-0.000154046,0.132536724,-0.002263424,-0.006512336,0.683721662,0.729710221],""dof_position"":[-0.237591162,-0.025949107,0.006006649,0.431048393,-0.165344894,0.055633217,0.131574556,0.03227371,0.046245441,0.269913405,-0.25050354,0.02043172,0.104130581,0.004738592,0.039038386,-0.071831986,0.110543691,-0.005502899,0.346488267,-0.142025426,-0.146916196,-0.06639377,-0.394259214,-0.158872396,0.130354077,0.652843356,0.040484801,-0.132762834,0.135798812],""dof_velocity"":[-3.727236271,-2.037586927,-0.232679754,-14.317002296,-0.963853478,-2.912951469,-8.107467651,-2.565374851,-2.728779554,5.533074379,0.011404088,-2.66443634,-0.659991086,-3.188682318,-11.536007881,1.001251698,-0.198718011,1.770823717,16.560905457,2.092178583,-13.155854225,-1.855085015,1.667833805,9.739029884,-11.541120529,15.60816288,-13.570228577,-10.713518143,5.743324757],""goal"":[-3.450000048,0.0,0.18273592],""robot_root_angular_velocity"":[-1.431177497,-7.33829546,1.11602819],""robot_root_linear_velocity"":[-0.327715516,0.057939239,-0.043235533],""robot_root_pose"":[2.283782482,0.002523181,0.798214436,-0.089205027,0.011052405,0.995950699,0.001558412]}",official carrybox.pt,True,2|smooth_hold|+box_y|0.3|1.0,1452,1,64317,64515.0,198.0,260,660,3.8075067350243543,3.310875415802002,0.9848484848484849,1.0,1.0791743993759155,0.2540792455388741,2.0919764041900635,15.100040435791016,7.776143397035247,154.8316192626953,0.11412105711536821,0.9999999403953552,9.838111122042843,0.13424630712353527
official,T0114,legged_gym/resources/ckpt/carrybox.pt,2,smooth_hold,+box_y,0.3,2.0,0.1,0.15,0.15,1.125,3.310875,0.0,1,other,0,,,,0,0,4.00222110748291,cce30bbb26f412695ff5b3f951e9f4d4f7f6addb,"{""box_angular_velocity"":[0.672615945,-0.300419271,0.179238349],""box_linear_velocity"":[0.033689462,-0.002563328,-0.186210945],""box_mass"":1.125,""box_pose"":[0.550548136,-4.4258e-05,0.132714629,0.001759084,-0.006350178,0.685543656,0.728001714],""dof_position"":[-0.237285316,-0.026350558,0.005896528,0.430967003,-0.16551204,0.055689678,0.132243901,0.032053493,0.046180248,0.269787103,-0.251025349,0.020427668,0.103851572,0.004671094,0.038377557,-0.071688309,0.111822061,-0.005959528,0.347464085,-0.143093005,-0.147227928,-0.067092627,-0.393885165,-0.158520728,0.130056649,0.653409958,0.040091336,-0.132863685,0.135726064],""dof_velocity"":[-3.699870825,-2.040237427,-0.219868869,-14.315048218,-0.977581263,-2.914503098,-8.073449135,-2.56534934,-2.709582806,5.553553581,-0.017189197,-2.663327694,-0.661635756,-3.170675755,-11.556289673,0.988225996,-0.195298195,1.80367887,16.630432129,2.109782457,-13.163047791,-1.939330935,1.677898407,9.73107338,-11.541440964,15.634000778,-13.568096161,-10.718770981,5.724618912],""goal"":[-3.450000048,0.0,0.18273592],""robot_root_angular_velocity"":[-1.431527853,-7.326594353,1.130015969],""robot_root_linear_velocity"":[-0.336922199,0.054843143,-0.045488816],""robot_root_pose"":[2.28360796,0.002504881,0.79816258,-0.089187369,0.011171117,0.995951295,0.001305292]}",official carrybox.pt,False,2|smooth_hold|+box_y|0.3|2.0,728,0,64681,,,0,0,0.0,,,,,,,,,,,,,
official,T0115,legged_gym/resources/ckpt/carrybox.pt,2,smooth_hold,+box_y,0.5,0.5,0.1,0.15,0.15,1.125,5.518125,0.0,1,head_low,0,,,,0,0,4.000487804412842,2ca4c43e9b058a9fcccad1b2232bb36b094477aa,"{""box_angular_velocity"":[0.672618151,-0.300420433,0.179238752],""box_linear_velocity"":[0.033689652,-0.002563326,-0.186210856],""box_mass"":1.125,""box_pose"":[0.550548136,-4.4258e-05,0.132714629,0.001759084,-0.00635018,0.685543656,0.728001714],""dof_position"":[-0.237285301,-0.026350558,0.005896532,0.430966944,-0.16551204,0.055689678,0.132243916,0.032053489,0.046180256,0.269787073,-0.251025379,0.020427672,0.103851572,0.004671078,0.038377546,-0.071688324,0.111822061,-0.005959525,0.347464085,-0.143093005,-0.147227928,-0.067092627,-0.393885165,-0.158520728,0.130056649,0.653409958,0.040091336,-0.132863685,0.135726064],""dof_velocity"":[-3.69987011,-2.04023695,-0.219868556,-14.315044403,-0.977586269,-2.914503098,-8.073449135,-2.565349817,-2.709582567,5.553555012,-0.017191259,-2.663327694,-0.661635637,-3.170675993,-11.556290627,0.988226235,-0.195298359,1.803678989,16.630430222,2.109781742,-13.163048744,-1.939331055,1.677898407,9.73107338,-11.54144001,15.634000778,-13.568096161,-10.718770981,5.724619389],""goal"":[-3.450000048,0.0,0.18273592],""robot_root_angular_velocity"":[-1.431528211,-7.326596737,1.130014539],""robot_root_linear_velocity"":[-0.336922407,0.054843113,-0.045488797],""robot_root_pose"":[2.28360796,0.002504884,0.79816258,-0.089187384,0.011171118,0.995951295,0.001305299]}",official carrybox.pt,False,2|smooth_hold|+box_y|0.5|0.5,612,0,64864,,,0,0,0.0,,,,,,,,,,,,,
official,T0116,legged_gym/resources/ckpt/carrybox.pt,2,smooth_hold,+box_y,0.5,1.0,0.1,0.15,0.15,1.125,5.518125057220459,6.345844357888892,0,,1,1.3901889324188232,1.9299767017364504,2.1368563175201416,0,1,0.098169632256031,54c95e907fcfe172b1bf8c3e2ca637eda10dbe88,"{""box_angular_velocity"":[0.719844878,-0.275797427,0.285543859],""box_linear_velocity"":[0.050333515,-0.001380816,-0.180900127],""box_mass"":1.125,""box_pose"":[0.550837517,-2.496e-05,0.132806301,0.002342356,-0.00641003,0.686143339,0.727434278],""dof_position"":[-0.237210423,-0.026487317,0.005880011,0.430978686,-0.165602848,0.055684727,0.132466823,0.031988081,0.046147168,0.269755185,-0.251219481,0.020403968,0.103729419,0.004411011,0.038177874,-0.071843386,0.112107478,-0.00555003,0.346237689,-0.14308168,-0.145571366,-0.067327604,-0.393457085,-0.158529177,0.13011235,0.653078735,0.040214315,-0.132788077,0.135696903],""dof_velocity"":[-3.694449663,-2.038763285,-0.21316421,-14.314950943,-0.981295526,-2.915768862,-8.065695763,-2.562864065,-2.701809645,5.559857845,-0.02488382,-2.663152218,-0.657276869,-3.175965309,-11.567739487,0.980528355,-0.17847991,1.797882557,16.556093216,2.104169846,-13.075660706,-1.927948475,1.705822825,9.725938797,-11.542133331,15.610556602,-13.561870575,-10.711727142,5.726107121],""goal"":[-3.450000048,0.0,0.18273592],""robot_root_angular_velocity"":[-1.433731556,-7.326892853,1.135603786],""robot_root_linear_velocity"":[-0.339912921,0.055598494,-0.047280192],""robot_root_pose"":[2.283549309,0.002531364,0.798125923,-0.089189075,0.011243183,0.99595046,0.001203375]}",official carrybox.pt,True,2|smooth_hold|+box_y|0.5|1.0,1428,1,65018,65210.0,192.0,260,660,6.345844357888892,5.518125534057617,0.7954545454545454,1.0,1.7874640226364136,0.3413748373700814,2.0235869884490967,5.606015682220459,0.18870275214624901,7.971041202545166,0.3260497421715902,1.0,9.387964721791672,0.15805911489952093
official,T0117,legged_gym/resources/ckpt/carrybox.pt,2,smooth_hold,+box_y,0.5,2.0,0.1,0.15,0.15,1.125,5.518125,0.0,1,other,0,,,,0,0,4.001230716705322,2ca4c43e9b058a9fcccad1b2232bb36b094477aa,"{""box_angular_velocity"":[0.672618151,-0.300420433,0.179238752],""box_linear_velocity"":[0.033689652,-0.002563326,-0.186210856],""box_mass"":1.125,""box_pose"":[0.550548136,-4.4258e-05,0.132714629,0.001759084,-0.00635018,0.685543656,0.728001714],""dof_position"":[-0.237285301,-0.026350558,0.005896532,0.430966944,-0.16551204,0.055689678,0.132243916,0.032053489,0.046180256,0.269787073,-0.251025379,0.020427672,0.103851572,0.004671078,0.038377546,-0.071688324,0.111822061,-0.005959525,0.347464085,-0.143093005,-0.147227928,-0.067092627,-0.393885165,-0.158520728,0.130056649,0.653409958,0.040091336,-0.132863685,0.135726064],""dof_velocity"":[-3.69987011,-2.04023695,-0.219868556,-14.315044403,-0.977586269,-2.914503098,-8.073449135,-2.565349817,-2.709582567,5.553555012,-0.017191259,-2.663327694,-0.661635637,-3.170675993,-11.556290627,0.988226235,-0.195298359,1.803678989,16.630430222,2.109781742,-13.163048744,-1.939331055,1.677898407,9.73107338,-11.54144001,15.634000778,-13.568096161,-10.718770981,5.724619389],""goal"":[-3.450000048,0.0,0.18273592],""robot_root_angular_velocity"":[-1.431528211,-7.326596737,1.130014539],""robot_root_linear_velocity"":[-0.336922407,0.054843113,-0.045488797],""robot_root_pose"":[2.28360796,0.002504884,0.79816258,-0.089187384,0.011171118,0.995951295,0.001305299]}",official carrybox.pt,False,2|smooth_hold|+box_y|0.5|2.0,656,0,65376,,,0,0,0.0,,,,,,,,,,,,,
official,T0118,legged_gym/resources/ckpt/carrybox.pt,2,smooth_hold,+box_y,0.7,0.5,0.1,0.15,0.15,1.125,7.725375175476074,5.021493901090367,0,,0,0.4530273377895355,1.415360689163208,1.410646677017212,0,0,0.3677924871444702,7e8a4826171787c3fee583318e71b6513855dc7c,"{""box_angular_velocity"":[0.398000836,-0.542937696,0.333421469],""box_linear_velocity"":[0.036528949,-0.000292047,-0.182660535],""box_mass"":1.125,""box_pose"":[0.550639153,-4.285e-06,0.132790565,-0.001169605,-0.006268973,0.686505973,0.727096081],""dof_position"":[-0.23740606,-0.026255019,0.005867189,0.431102097,-0.165564507,0.05567519,0.132126167,0.03215057,0.046135064,0.269790918,-0.250927001,0.020428985,0.104070067,0.004589771,0.038577687,-0.071617201,0.110591955,-0.005793079,0.346307158,-0.141893297,-0.146501794,-0.066610262,-0.395663589,-0.157083392,0.12873967,0.656050205,0.03889551,-0.133545697,0.13564764],""dof_velocity"":[-3.713052273,-2.035524368,-0.228543475,-14.310001373,-0.975909531,-2.91160655,-8.083749771,-2.557825089,-2.718116283,5.549262524,-0.011227963,-2.660784006,-0.659236491,-3.170746803,-11.55211544,1.004634619,-0.220520571,1.780813575,16.558546066,2.11573863,-13.135371208,-1.884042859,1.566616297,9.746077538,-11.544277191,15.774990082,-13.54497242,-10.768151283,5.654193878],""goal"":[-3.450000048,0.0,0.18273592],""robot_root_angular_velocity"":[-1.426353455,-7.332746983,1.133409023],""robot_root_linear_velocity"":[-0.334459871,0.055833332,-0.046919398],""robot_root_pose"":[2.283646584,0.002527868,0.798143625,-0.089194909,0.011149583,0.995950818,0.001322239]}",official carrybox.pt,True,2|smooth_hold|+box_y|0.7|0.5,1284,1,65541,65722.0,181.0,160,560,5.021493901090367,7.725375175476074,0.9892857142857143,1.0,0.4781064093112945,0.23777926483058504,1.845866084098816,2.5496013164520264,9.144925556451614,83.1912612915039,0.1547850160445835,0.9999999403953552,11.07772955117481,0.14998655769122707
official,T0119,legged_gym/resources/ckpt/carrybox.pt,2,smooth_hold,+box_y,0.7,1.0,0.1,0.15,0.15,1.125,7.725375,0.0,1,other,0,,,,0,0,4.000012397766113,57243de240d31f9bef99ea34b52183037dcfbd69,"{""box_angular_velocity"":[0.338608474,-0.555533469,0.302594095],""box_linear_velocity"":[0.039095555,-0.001829387,-0.181603223],""box_mass"":1.125,""box_pose"":[0.550682008,-3.0875e-05,0.132807821,-0.001625329,-0.006024458,0.686323345,0.727269709],""dof_position"":[-0.237526581,-0.026184883,0.005891731,0.431082904,-0.165600464,0.055687625,0.131952882,0.03218767,0.046186637,0.269752175,-0.250876129,0.020450646,0.10404741,0.004644263,0.038375329,-0.072699606,0.111928977,-0.004684335,0.346826226,-0.143522263,-0.145568371,-0.06778951,-0.395260006,-0.157397196,0.129080787,0.655428529,0.03918026,-0.13339974,0.13569808],""dof_velocity"":[-3.715452909,-2.032929659,-0.228709668,-14.31523037,-0.976830661,-2.910303593,-8.089448929,-2.556947231,-2.716646433,5.542983055,-0.008813394,-2.659448147,-0.657079637,-3.164885044,-11.566070557,0.966232181,-0.163799256,1.793297291,16.565994263,2.047362328,-13.08955574,-1.899451256,1.597517848,9.740057945,-11.542204857,15.739349365,-13.549362183,-10.756398201,5.673013687],""goal"":[-3.450000048,0.0,0.18273592],""robot_root_angular_velocity"":[-1.421504974,-7.34131813,1.127987862],""robot_root_linear_velocity"":[-0.335822612,0.054455124,-0.046745393],""robot_root_pose"":[2.283627272,0.002508051,0.798143446,-0.089278057,0.011111584,0.995943844,0.001370838]}",official carrybox.pt,False,2|smooth_hold|+box_y|0.7|1.0,716,0,65863,,,0,0,0.0,,,,,,,,,,,,,
official,T0120,legged_gym/resources/ckpt/carrybox.pt,2,smooth_hold,+box_y,0.7,2.0,0.1,0.15,0.15,1.125,7.725375175476074,16.609556690073408,0,,1,1.4263814687728882,0.9373791217803956,1.2941429615020752,0,1,0.0720890313386917,5b510bc5e76569c3105f9a515ba61cf5a651c759,"{""box_angular_velocity"":[0.505324125,-0.320082396,0.10644386],""box_linear_velocity"":[0.010742516,-0.002554867,-0.195505828],""box_mass"":1.125,""box_pose"":[0.550159931,-4.4419e-05,0.132557705,0.000612313,-0.005513128,0.68508482,0.728442132],""dof_position"":[-0.237307414,-0.026324786,0.005882097,0.431015998,-0.165415227,0.055683471,0.132233977,0.032090042,0.046151377,0.269849896,-0.250968486,0.020420974,0.103857808,0.004560738,0.038682345,-0.071178265,0.111755006,-0.006225921,0.346511036,-0.142852888,-0.147075862,-0.066868216,-0.394055128,-0.158518121,0.129981965,0.653421342,0.040168844,-0.13289836,0.135733917],""dof_velocity"":[-3.709834337,-2.037008286,-0.221424505,-14.311141968,-0.972815275,-2.914176464,-8.081236839,-2.561196804,-2.711247444,5.553868294,-0.010874136,-2.663153887,-0.661180377,-3.174250841,-11.548555374,1.008828878,-0.203825891,1.802510977,16.590309143,2.126491308,-13.155864716,-1.943070531,1.669941545,9.729001045,-11.542590141,15.634989738,-13.561583519,-10.72059536,5.723145008],""goal"":[-3.450000048,0.0,0.18273592],""robot_root_angular_velocity"":[-1.429694891,-7.327409744,1.132315755],""robot_root_linear_velocity"":[-0.333903968,0.055710662,-0.044912092],""robot_root_pose"":[2.283660889,0.002521021,0.798174798,-0.089134067,0.011172223,0.995956182,0.001293639]}",official carrybox.pt,True,2|smooth_hold|+box_y|0.7|2.0,1624,1,66043,66234.0,191.0,460,860,16.609556690073408,7.725375175476074,0.7220930232558139,1.0,1.4581762552261353,0.35561221121528813,1.9822790622711184,4.200353145599365,-7.481575430574459,20.32193374633789,0.4243098754048629,0.9999999403953552,9.290409383125777,0.12711176381349634
official,T0121,legged_gym/resources/ckpt/carrybox.pt,2,smooth_hold,+box_y,0.9,0.5,0.1,0.15,0.15,1.125,9.932625,0.0,1,head_low,0,,,,0,0,4.005120277404785,2ca4c43e9b058a9fcccad1b2232bb36b094477aa,"{""box_angular_velocity"":[0.672618151,-0.300420433,0.179238752],""box_linear_velocity"":[0.033689652,-0.002563326,-0.186210856],""box_mass"":1.125,""box_pose"":[0.550548136,-4.4258e-05,0.132714629,0.001759084,-0.00635018,0.685543656,0.728001714],""dof_position"":[-0.237285301,-0.026350558,0.005896532,0.430966944,-0.16551204,0.055689678,0.132243916,0.032053489,0.046180256,0.269787073,-0.251025379,0.020427672,0.103851572,0.004671078,0.038377546,-0.071688324,0.111822061,-0.005959525,0.347464085,-0.143093005,-0.147227928,-0.067092627,-0.393885165,-0.158520728,0.130056649,0.653409958,0.040091336,-0.132863685,0.135726064],""dof_velocity"":[-3.69987011,-2.04023695,-0.219868556,-14.315044403,-0.977586269,-2.914503098,-8.073449135,-2.565349817,-2.709582567,5.553555012,-0.017191259,-2.663327694,-0.661635637,-3.170675993,-11.556290627,0.988226235,-0.195298359,1.803678989,16.630430222,2.109781742,-13.163048744,-1.939331055,1.677898407,9.73107338,-11.54144001,15.634000778,-13.568096161,-10.718770981,5.724619389],""goal"":[-3.450000048,0.0,0.18273592],""robot_root_angular_velocity"":[-1.431528211,-7.326596737,1.130014539],""robot_root_linear_velocity"":[-0.336922407,0.054843113,-0.045488797],""robot_root_pose"":[2.28360796,0.002504884,0.79816258,-0.089187384,0.011171118,0.995951295,0.001305299]}",official carrybox.pt,False,2|smooth_hold|+box_y|0.9|0.5,592,0,66450,,,0,0,0.0,,,,,,,,,,,,,
official,T0122,legged_gym/resources/ckpt/carrybox.pt,2,smooth_hold,+box_y,0.9,1.0,0.1,0.15,0.15,1.125,9.932624816894531,11.42251860499107,0,,1,1.5668798685073853,-0.1314728409051895,0.162352442741394,0,1,0.0444651208817958,4582287138b2fc3a31a1cb25dd8705f72c204d9c,"{""box_angular_velocity"":[0.0,0.0,0.0],""box_linear_velocity"":[0.0,0.0,-0.196175486],""box_mass"":1.125,""box_pose"":[0.549999952,0.0,0.132547736,0.0,0.0,0.68435663,0.729147375],""dof_position"":[-0.237780809,-0.025950639,0.005912176,0.431112438,-0.165377572,0.055663545,0.131443098,0.032299895,0.046190694,0.269825906,-0.250445813,0.020467527,0.104477204,0.004905494,0.038970519,-0.071286865,0.109377429,-0.00606284,0.346385926,-0.141034573,-0.147619501,-0.0659502,-0.397222638,-0.156369403,0.128000021,0.657772839,0.038140442,-0.134024382,0.135641053],""dof_velocity"":[-3.723170042,-2.037189007,-0.247902557,-14.308513641,-0.969866395,-2.908161879,-8.095814705,-2.559491634,-2.739269257,5.529987812,0.007342046,-2.660553455,-0.661911964,-3.166270971,-11.513833046,1.023054957,-0.251062393,1.770554185,16.558387756,2.1219697,-13.192837715,-1.849751234,1.464424968,9.760338783,-11.547391891,15.874684334,-13.54074955,-10.804070473,5.615897655],""goal"":[-3.450000048,0.0,0.18273592],""robot_root_angular_velocity"":[-1.421434879,-7.328875542,1.125061154],""robot_root_linear_velocity"":[-0.327150285,0.055600896,-0.04376151],""robot_root_pose"":[2.28378129,0.002500449,0.798210204,-0.089273386,0.011016761,0.995945036,0.001546588]}",official carrybox.pt,True,2|smooth_hold|+box_y|0.9|1.0,1676,1,66599,66853.0,254.0,260,660,11.42251860499107,9.932624816894531,0.7833333333333333,1.0,1.9457038640975952,0.3168681239201264,2.504238605499268,6.283632755279541,2.9616280849317485,66.93636322021484,0.34879374659874224,1.0,6.355386487823544,0.14854405798114106
official,T0123,legged_gym/resources/ckpt/carrybox.pt,2,smooth_hold,+box_y,0.9,2.0,0.1,0.15,0.15,1.125,9.932624816894531,21.35514346347335,0,,1,1.5189090967178345,0.03692027926445,0.557410717010498,0,1,0.0827317163348198,2ca4c43e9b058a9fcccad1b2232bb36b094477aa,"{""box_angular_velocity"":[0.672618151,-0.300420433,0.179238752],""box_linear_velocity"":[0.033689652,-0.002563326,-0.186210856],""box_mass"":1.125,""box_pose"":[0.550548136,-4.4258e-05,0.132714629,0.001759084,-0.00635018,0.685543656,0.728001714],""dof_position"":[-0.237285301,-0.026350558,0.005896532,0.430966944,-0.16551204,0.055689678,0.132243916,0.032053489,0.046180256,0.269787073,-0.251025379,0.020427672,0.103851572,0.004671078,0.038377546,-0.071688324,0.111822061,-0.005959525,0.347464085,-0.143093005,-0.147227928,-0.067092627,-0.393885165,-0.158520728,0.130056649,0.653409958,0.040091336,-0.132863685,0.135726064],""dof_velocity"":[-3.69987011,-2.04023695,-0.219868556,-14.315044403,-0.977586269,-2.914503098,-8.073449135,-2.565349817,-2.709582567,5.553555012,-0.017191259,-2.663327694,-0.661635637,-3.170675993,-11.556290627,0.988226235,-0.195298359,1.803678989,16.630430222,2.109781742,-13.163048744,-1.939331055,1.677898407,9.73107338,-11.54144001,15.634000778,-13.568096161,-10.718770981,5.724619389],""goal"":[-3.450000048,0.0,0.18273592],""robot_root_angular_velocity"":[-1.431528211,-7.326596737,1.130014539],""robot_root_linear_velocity"":[-0.336922407,0.054843113,-0.045488797],""robot_root_pose"":[2.28360796,0.002504884,0.79816258,-0.089187384,0.011171118,0.995951295,0.001305299]}",official carrybox.pt,True,2|smooth_hold|+box_y|0.9|2.0,1672,1,67019,67222.0,203.0,460,860,21.35514346347335,9.932624816894531,0.8116279069767441,1.0,1.5189090967178345,0.31204810132987276,2.594210147857666,7.678431510925293,-7.755713896843236,43.75621032714844,0.4290268822139952,1.0,10.431046794996012,0.1585077812698897
official,T0124,legged_gym/resources/ckpt/carrybox.pt,2,smooth_hold,+box_y,1.1,0.5,0.1,0.15,0.15,1.125,12.13987636566162,7.890920233342713,0,,1,0.393971174955368,1.482189059257507,1.41102933883667,1,0,0.4438233971595764,2ca4c43e9b058a9fcccad1b2232bb36b094477aa,"{""box_angular_velocity"":[0.672618151,-0.300420433,0.179238752],""box_linear_velocity"":[0.033689652,-0.002563326,-0.186210856],""box_mass"":1.125,""box_pose"":[0.550548136,-4.4258e-05,0.132714629,0.001759084,-0.00635018,0.685543656,0.728001714],""dof_position"":[-0.237285301,-0.026350558,0.005896532,0.430966944,-0.16551204,0.055689678,0.132243916,0.032053489,0.046180256,0.269787073,-0.251025379,0.020427672,0.103851572,0.004671078,0.038377546,-0.071688324,0.111822061,-0.005959525,0.347464085,-0.143093005,-0.147227928,-0.067092627,-0.393885165,-0.158520728,0.130056649,0.653409958,0.040091336,-0.132863685,0.135726064],""dof_velocity"":[-3.69987011,-2.04023695,-0.219868556,-14.315044403,-0.977586269,-2.914503098,-8.073449135,-2.565349817,-2.709582567,5.553555012,-0.017191259,-2.663327694,-0.661635637,-3.170675993,-11.556290627,0.988226235,-0.195298359,1.803678989,16.630430222,2.109781742,-13.163048744,-1.939331055,1.677898407,9.73107338,-11.54144001,15.634000778,-13.568096161,-10.718770981,5.724619389],""goal"":[-3.450000048,0.0,0.18273592],""robot_root_angular_velocity"":[-1.431528211,-7.326596737,1.130014539],""robot_root_linear_velocity"":[-0.336922407,0.054843113,-0.045488797],""robot_root_pose"":[2.28360796,0.002504884,0.79816258,-0.089187384,0.011171118,0.995951295,0.001305299]}",official carrybox.pt,True,2|smooth_hold|+box_y|1.1|0.5,1324,1,67438,67629.0,191.0,160,560,7.890920233342713,12.139877319335938,0.9964285714285714,1.0,0.410999447107315,0.18967495868980352,1.7662736177444458,2.1381311416625977,-3.2112129910849037,20.532859802246094,0.13750945871724976,0.8306032419204712,5.008717394354088,0.1023244929547997
official,T0125,legged_gym/resources/ckpt/carrybox.pt,2,smooth_hold,+box_y,1.1,1.0,0.1,0.15,0.15,1.125,12.13987636566162,13.960856814020714,0,,1,1.5916850566864014,1.5678062438964844,1.830228567123413,0,1,0.0876399353146553,a85fef441d4f6feca672e6186e9e4a26383155af,"{""box_angular_velocity"":[0.466365397,-0.368314564,0.121829391],""box_linear_velocity"":[0.003815694,-0.002423088,-0.19802472],""box_mass"":1.125,""box_pose"":[0.550044119,-4.2407e-05,0.132515386,0.000122559,-0.005567677,0.685163558,0.728367984],""dof_position"":[-0.237318248,-0.026311941,0.005879663,0.431027621,-0.165386289,0.055682652,0.132220596,0.032103423,0.046145815,0.26986593,-0.250945121,0.020420766,0.10386046,0.004547788,0.038759533,-0.071115427,0.111891121,-0.006266674,0.346358359,-0.142945111,-0.147041306,-0.066895068,-0.394030273,-0.158582717,0.130020812,0.653301716,0.040236808,-0.132874206,0.135736704],""dof_velocity"":[-3.712965012,-2.035907507,-0.221827373,-14.310448647,-0.971429765,-2.913942814,-8.084207535,-2.560004473,-2.71157074,5.553561687,-0.008722367,-2.662950754,-0.661005855,-3.17399931,-11.547647476,1.012257338,-0.20303084,1.805074453,16.58348465,2.128896236,-13.153561592,-1.94905901,1.672625422,9.727313042,-11.54201889,15.628647804,-13.560898781,-10.718659401,5.725864887],""goal"":[-3.450000048,0.0,0.18273592],""robot_root_angular_velocity"":[-1.428764701,-7.328270435,1.132303357],""robot_root_linear_velocity"":[-0.333065271,0.055832099,-0.044686258],""robot_root_pose"":[2.28367734,0.002524627,0.798179269,-0.089121446,0.011169855,0.995957255,0.001294796]}",official carrybox.pt,True,2|smooth_hold|+box_y|1.1|1.0,1500,1,67770,67980.0,210.0,260,660,13.960856814020714,12.139875411987305,0.8651515151515151,1.0,1.6464431285858154,0.43216006235275983,2.419180631637573,15.166736602783203,1.11949012938774,154.61827087402344,0.27192067384550517,1.0,15.009502028132028,0.1513718377457928
official,T0126,legged_gym/resources/ckpt/carrybox.pt,2,smooth_hold,+box_y,1.1,2.0,0.1,0.15,0.15,1.125,12.13987636566162,26.100734260298896,0,,1,1.58177387714386,-0.0196066424250602,0.4210973381996155,0,1,0.0776264816522598,2ca4c43e9b058a9fcccad1b2232bb36b094477aa,"{""box_angular_velocity"":[0.672618151,-0.300420433,0.179238752],""box_linear_velocity"":[0.033689652,-0.002563326,-0.186210856],""box_mass"":1.125,""box_pose"":[0.550548136,-4.4258e-05,0.132714629,0.001759084,-0.00635018,0.685543656,0.728001714],""dof_position"":[-0.237285301,-0.026350558,0.005896532,0.430966944,-0.16551204,0.055689678,0.132243916,0.032053489,0.046180256,0.269787073,-0.251025379,0.020427672,0.103851572,0.004671078,0.038377546,-0.071688324,0.111822061,-0.005959525,0.347464085,-0.143093005,-0.147227928,-0.067092627,-0.393885165,-0.158520728,0.130056649,0.653409958,0.040091336,-0.132863685,0.135726064],""dof_velocity"":[-3.69987011,-2.04023695,-0.219868556,-14.315044403,-0.977586269,-2.914503098,-8.073449135,-2.565349817,-2.709582567,5.553555012,-0.017191259,-2.663327694,-0.661635637,-3.170675993,-11.556290627,0.988226235,-0.195298359,1.803678989,16.630430222,2.109781742,-13.163048744,-1.939331055,1.677898407,9.73107338,-11.54144001,15.634000778,-13.568096161,-10.718770981,5.724619389],""goal"":[-3.450000048,0.0,0.18273592],""robot_root_angular_velocity"":[-1.431528211,-7.326596737,1.130014539],""robot_root_linear_velocity"":[-0.336922407,0.054843113,-0.045488797],""robot_root_pose"":[2.28360796,0.002504884,0.79816258,-0.089187384,0.011171118,0.995951295,0.001305299]}",official carrybox.pt,True,2|smooth_hold|+box_y|1.1|2.0,1784,1,68146,68377.0,231.0,460,860,26.100734260298896,12.13987636566162,0.7348837209302326,1.0,1.6200969219207764,0.41652154634858285,2.3174374103546143,4.700761318206787,-0.8107957920471076,19.140457153320312,0.3647415543970013,0.9999999403953552,4.627836532128412,0.08525009230066896
official,T0127,legged_gym/resources/ckpt/carrybox.pt,2,smooth_hold,-box_y,0.1,0.5,0.1,0.15,0.15,1.125,1.1036250591278076,0.717356310681217,0,,1,0.4445818960666656,-1.4553272724151611,-1.3270540237426758,0,0,0.2032935917377472,2ca4c43e9b058a9fcccad1b2232bb36b094477aa,"{""box_angular_velocity"":[0.672618151,-0.300420433,0.179238752],""box_linear_velocity"":[0.033689652,-0.002563326,-0.186210856],""box_mass"":1.125,""box_pose"":[0.550548136,-4.4258e-05,0.132714629,0.001759084,-0.00635018,0.685543656,0.728001714],""dof_position"":[-0.237285301,-0.026350558,0.005896532,0.430966944,-0.16551204,0.055689678,0.132243916,0.032053489,0.046180256,0.269787073,-0.251025379,0.020427672,0.103851572,0.004671078,0.038377546,-0.071688324,0.111822061,-0.005959525,0.347464085,-0.143093005,-0.147227928,-0.067092627,-0.393885165,-0.158520728,0.130056649,0.653409958,0.040091336,-0.132863685,0.135726064],""dof_velocity"":[-3.69987011,-2.04023695,-0.219868556,-14.315044403,-0.977586269,-2.914503098,-8.073449135,-2.565349817,-2.709582567,5.553555012,-0.017191259,-2.663327694,-0.661635637,-3.170675993,-11.556290627,0.988226235,-0.195298359,1.803678989,16.630430222,2.109781742,-13.163048744,-1.939331055,1.677898407,9.73107338,-11.54144001,15.634000778,-13.568096161,-10.718770981,5.724619389],""goal"":[-3.450000048,0.0,0.18273592],""robot_root_angular_velocity"":[-1.431528211,-7.326596737,1.130014539],""robot_root_linear_velocity"":[-0.336922407,0.054843113,-0.045488797],""robot_root_pose"":[2.28360796,0.002504884,0.79816258,-0.089187384,0.011171118,0.995951295,0.001305299]}",official carrybox.pt,True,2|smooth_hold|-box_y|0.1|0.5,1312,1,68593,68781.0,188.0,160,560,0.717356310681217,1.1036250591278076,0.9875,1.0,0.5852610468864441,0.23138416734457548,2.0364253520965576,2.617830276489258,5.457537847361527,28.449970245361328,0.302171233266459,0.9894939064979552,7.027641925242331,0.1542660461679588
official,T0128,legged_gym/resources/ckpt/carrybox.pt,2,smooth_hold,-box_y,0.1,1.0,0.1,0.15,0.15,1.125,1.1036250591278076,1.2691689545529767,0,,1,1.424818754196167,-2.7367923259735107,-2.726200580596924,1,0,0.1184791028499603,4582287138b2fc3a31a1cb25dd8705f72c204d9c,"{""box_angular_velocity"":[0.0,0.0,0.0],""box_linear_velocity"":[0.0,0.0,-0.196175486],""box_mass"":1.125,""box_pose"":[0.549999952,0.0,0.132547736,0.0,0.0,0.68435663,0.729147375],""dof_position"":[-0.237780809,-0.025950639,0.005912176,0.431112438,-0.165377572,0.055663545,0.131443098,0.032299895,0.046190694,0.269825906,-0.250445813,0.020467527,0.104477204,0.004905494,0.038970519,-0.071286865,0.109377429,-0.00606284,0.346385926,-0.141034573,-0.147619501,-0.0659502,-0.397222638,-0.156369403,0.128000021,0.657772839,0.038140442,-0.134024382,0.135641053],""dof_velocity"":[-3.723170042,-2.037189007,-0.247902557,-14.308513641,-0.969866395,-2.908161879,-8.095814705,-2.559491634,-2.739269257,5.529987812,0.007342046,-2.660553455,-0.661911964,-3.166270971,-11.513833046,1.023054957,-0.251062393,1.770554185,16.558387756,2.1219697,-13.192837715,-1.849751234,1.464424968,9.760338783,-11.547391891,15.874684334,-13.54074955,-10.804070473,5.615897655],""goal"":[-3.450000048,0.0,0.18273592],""robot_root_angular_velocity"":[-1.421434879,-7.328875542,1.125061154],""robot_root_linear_velocity"":[-0.327150285,0.055600896,-0.04376151],""robot_root_pose"":[2.28378129,0.002500449,0.798210204,-0.089273386,0.011016761,0.995945036,0.001546588]}",official carrybox.pt,True,2|smooth_hold|-box_y|0.1|1.0,1376,1,68922,69101.0,179.0,260,660,1.2691689545529767,1.1036251783370972,0.990909090909091,1.0,1.776947259902954,0.2487051474494916,2.287827014923096,5.584400177001953,0.24587465186151816,16.14472198486328,0.16047094875071763,0.9996082186698914,5.007128418688521,0.09868782178091347
official,T0129,legged_gym/resources/ckpt/carrybox.pt,2,smooth_hold,-box_y,0.1,2.0,0.1,0.15,0.15,1.125,1.1036250591278076,2.372793887068245,0,,1,1.3533616065979004,0.1480827331542968,0.0125266462564468,0,1,0.0375931151211261,8ac75466da8f3a39664776b1ba247214545059f9,"{""box_angular_velocity"":[0.672560871,-0.300383657,0.179341719],""box_linear_velocity"":[0.033707958,-0.002564036,-0.186203137],""box_mass"":1.125,""box_pose"":[0.550548553,-4.4268e-05,0.132714778,0.001759039,-0.006349897,0.685544312,0.728000998],""dof_position"":[-0.237283736,-0.026351763,0.005896923,0.430968523,-0.165513664,0.055688906,0.132245958,0.032052457,0.046179481,0.269787729,-0.251026034,0.020426875,0.103852585,0.004665805,0.038380913,-0.07167507,0.111795463,-0.005968495,0.34747076,-0.14306967,-0.147254303,-0.067078643,-0.393885612,-0.158518687,0.130054608,0.653409719,0.040091705,-0.132863715,0.135724962],""dof_velocity"":[-3.699845314,-2.040276527,-0.219841361,-14.31496048,-0.977668345,-2.914536476,-8.073414803,-2.565377712,-2.709611654,5.553610802,-0.017199876,-2.663355827,-0.661594689,-3.1710217,-11.556138039,0.988643348,-0.196053416,1.80328548,16.63104248,2.110190153,-13.164363861,-1.938728213,1.677852273,9.731162071,-11.541463852,15.633981705,-13.567970276,-10.718790054,5.724476814],""goal"":[-3.450000048,0.0,0.18273592],""robot_root_angular_velocity"":[-1.431694865,-7.326523304,1.130098343],""robot_root_linear_velocity"":[-0.336901158,0.054902017,-0.045502964],""robot_root_pose"":[2.283609629,0.002505898,0.798162699,-0.08918605,0.011172508,0.995951355,0.001304652]}",official carrybox.pt,True,2|smooth_hold|-box_y|0.1|2.0,1656,1,69267,69466.0,199.0,460,860,2.372793887068245,1.1036250591278076,0.5918604651162791,1.0,1.379076361656189,0.39298520424338274,1.550557255744934,4.352656841278076,1.3119107251250466,75.80928039550781,0.5037464319590241,1.0,2.4004759813290697,0.06872000601021659
official,T0130,legged_gym/resources/ckpt/carrybox.pt,2,smooth_hold,-box_y,0.3,0.5,0.1,0.15,0.15,1.125,3.310875,0.0,1,other,0,,,,0,0,4.00098180770874,2ca4c43e9b058a9fcccad1b2232bb36b094477aa,"{""box_angular_velocity"":[0.672618151,-0.300420433,0.179238752],""box_linear_velocity"":[0.033689652,-0.002563326,-0.186210856],""box_mass"":1.125,""box_pose"":[0.550548136,-4.4258e-05,0.132714629,0.001759084,-0.00635018,0.685543656,0.728001714],""dof_position"":[-0.237285301,-0.026350558,0.005896532,0.430966944,-0.16551204,0.055689678,0.132243916,0.032053489,0.046180256,0.269787073,-0.251025379,0.020427672,0.103851572,0.004671078,0.038377546,-0.071688324,0.111822061,-0.005959525,0.347464085,-0.143093005,-0.147227928,-0.067092627,-0.393885165,-0.158520728,0.130056649,0.653409958,0.040091336,-0.132863685,0.135726064],""dof_velocity"":[-3.69987011,-2.04023695,-0.219868556,-14.315044403,-0.977586269,-2.914503098,-8.073449135,-2.565349817,-2.709582567,5.553555012,-0.017191259,-2.663327694,-0.661635637,-3.170675993,-11.556290627,0.988226235,-0.195298359,1.803678989,16.630430222,2.109781742,-13.163048744,-1.939331055,1.677898407,9.73107338,-11.54144001,15.634000778,-13.568096161,-10.718770981,5.724619389],""goal"":[-3.450000048,0.0,0.18273592],""robot_root_angular_velocity"":[-1.431528211,-7.326596737,1.130014539],""robot_root_linear_velocity"":[-0.336922407,0.054843113,-0.045488797],""robot_root_pose"":[2.28360796,0.002504884,0.79816258,-0.089187384,0.011171118,0.995951295,0.001305299]}",official carrybox.pt,False,2|smooth_hold|-box_y|0.3|0.5,608,0,69682,,,0,0,0.0,,,,,,,,,,,,,
official,T0131,legged_gym/resources/ckpt/carrybox.pt,2,smooth_hold,-box_y,0.3,1.0,0.1,0.15,0.15,1.125,3.310875177383423,3.807506496726835,0,,1,1.7422057390213013,-1.6282000541687012,-1.705557942390442,0,1,0.0128380022943019,2ca4c43e9b058a9fcccad1b2232bb36b094477aa,"{""box_angular_velocity"":[0.672618151,-0.300420433,0.179238752],""box_linear_velocity"":[0.033689652,-0.002563326,-0.186210856],""box_mass"":1.125,""box_pose"":[0.550548136,-4.4258e-05,0.132714629,0.001759084,-0.00635018,0.685543656,0.728001714],""dof_position"":[-0.237285301,-0.026350558,0.005896532,0.430966944,-0.16551204,0.055689678,0.132243916,0.032053489,0.046180256,0.269787073,-0.251025379,0.020427672,0.103851572,0.004671078,0.038377546,-0.071688324,0.111822061,-0.005959525,0.347464085,-0.143093005,-0.147227928,-0.067092627,-0.393885165,-0.158520728,0.130056649,0.653409958,0.040091336,-0.132863685,0.135726064],""dof_velocity"":[-3.69987011,-2.04023695,-0.219868556,-14.315044403,-0.977586269,-2.914503098,-8.073449135,-2.565349817,-2.709582567,5.553555012,-0.017191259,-2.663327694,-0.661635637,-3.170675993,-11.556290627,0.988226235,-0.195298359,1.803678989,16.630430222,2.109781742,-13.163048744,-1.939331055,1.677898407,9.73107338,-11.54144001,15.634000778,-13.568096161,-10.718770981,5.724619389],""goal"":[-3.450000048,0.0,0.18273592],""robot_root_angular_velocity"":[-1.431528211,-7.326596737,1.130014539],""robot_root_linear_velocity"":[-0.336922407,0.054843113,-0.045488797],""robot_root_pose"":[2.28360796,0.002504884,0.79816258,-0.089187384,0.011171118,0.995951295,0.001305299]}",official carrybox.pt,True,2|smooth_hold|-box_y|0.3|1.0,1384,1,69835,70016.0,181.0,260,660,3.807506496726835,3.310875177383423,0.7818181818181819,1.0,1.9183269739151,0.27733637752067863,2.223460912704468,7.563538551330566,2.0906388002476004,33.690887451171875,0.3952493639578196,1.0,17.7123798871808,0.26813260808844597
official,T0132,legged_gym/resources/ckpt/carrybox.pt,2,smooth_hold,-box_y,0.3,2.0,0.1,0.15,0.15,1.125,3.310875177383423,7.1183816535526585,0,,1,1.7772579193115234,-1.7300894260406494,-1.7459466457366943,0,1,0.0856109261512756,3f222382cbbc5dcf87f02f9c03910d68f13fd5b7,"{""box_angular_velocity"":[0.672560871,-0.300383896,0.179341778],""box_linear_velocity"":[0.033707917,-0.002564035,-0.186203182],""box_mass"":1.125,""box_pose"":[0.550548553,-4.4268e-05,0.132714778,0.001759037,-0.006349897,0.685544312,0.728000998],""dof_position"":[-0.237283736,-0.026351763,0.005896922,0.430968523,-0.165513664,0.055688906,0.132245958,0.032052461,0.046179481,0.269787729,-0.251026034,0.020426875,0.103852585,0.004665805,0.038380913,-0.071675062,0.111795463,-0.005968496,0.34747076,-0.14306967,-0.147254348,-0.067078643,-0.393885612,-0.158518687,0.130054608,0.653409719,0.040091705,-0.132863715,0.135724962],""dof_velocity"":[-3.699845076,-2.040276766,-0.219841257,-14.314961433,-0.977667868,-2.914536476,-8.073414803,-2.565377474,-2.709611654,5.553611755,-0.017200684,-2.663355827,-0.66159445,-3.1710217,-11.556138039,0.98864311,-0.196053475,1.80328536,16.631044388,2.110190153,-13.164365768,-1.938727975,1.677852511,9.731162071,-11.541464806,15.633981705,-13.567970276,-10.718791008,5.724476814],""goal"":[-3.450000048,0.0,0.18273592],""robot_root_angular_velocity"":[-1.431694746,-7.326522827,1.13009882],""robot_root_linear_velocity"":[-0.336901128,0.054902129,-0.045502987],""robot_root_pose"":[2.283609629,0.002505898,0.798162699,-0.08918605,0.01117251,0.995951355,0.001304652]}",official carrybox.pt,True,2|smooth_hold|-box_y|0.3|2.0,1568,1,70182,70359.0,177.0,460,860,7.1183816535526585,3.310875177383423,0.7790697674418605,1.0,1.81627357006073,0.4059513659627978,2.2173397541046143,5.700068473815918,4.3408461332494435,132.24156188964844,0.43720996311424454,0.9999999403953552,5.585225437131039,0.12590085826017203
official,T0133,legged_gym/resources/ckpt/carrybox.pt,2,smooth_hold,-box_y,0.5,0.5,0.1,0.15,0.15,1.125,5.518125,0.0,1,head_low,0,,,,0,0,4.001388072967529,2ca4c43e9b058a9fcccad1b2232bb36b094477aa,"{""box_angular_velocity"":[0.672618151,-0.300420433,0.179238752],""box_linear_velocity"":[0.033689652,-0.002563326,-0.186210856],""box_mass"":1.125,""box_pose"":[0.550548136,-4.4258e-05,0.132714629,0.001759084,-0.00635018,0.685543656,0.728001714],""dof_position"":[-0.237285301,-0.026350558,0.005896532,0.430966944,-0.16551204,0.055689678,0.132243916,0.032053489,0.046180256,0.269787073,-0.251025379,0.020427672,0.103851572,0.004671078,0.038377546,-0.071688324,0.111822061,-0.005959525,0.347464085,-0.143093005,-0.147227928,-0.067092627,-0.393885165,-0.158520728,0.130056649,0.653409958,0.040091336,-0.132863685,0.135726064],""dof_velocity"":[-3.69987011,-2.04023695,-0.219868556,-14.315044403,-0.977586269,-2.914503098,-8.073449135,-2.565349817,-2.709582567,5.553555012,-0.017191259,-2.663327694,-0.661635637,-3.170675993,-11.556290627,0.988226235,-0.195298359,1.803678989,16.630430222,2.109781742,-13.163048744,-1.939331055,1.677898407,9.73107338,-11.54144001,15.634000778,-13.568096161,-10.718770981,5.724619389],""goal"":[-3.450000048,0.0,0.18273592],""robot_root_angular_velocity"":[-1.431528211,-7.326596737,1.130014539],""robot_root_linear_velocity"":[-0.336922407,0.054843113,-0.045488797],""robot_root_pose"":[2.28360796,0.002504884,0.79816258,-0.089187384,0.011171118,0.995951295,0.001305299]}",official carrybox.pt,False,2|smooth_hold|-box_y|0.5|0.5,796,0,70575,,,0,0,0.0,,,,,,,,,,,,,
official,T0134,legged_gym/resources/ckpt/carrybox.pt,2,smooth_hold,-box_y,0.5,1.0,0.1,0.15,0.15,1.125,5.518125,0.0,1,box_tilt|timeout,0,,,,0,0,4.000012397766113,4582287138b2fc3a31a1cb25dd8705f72c204d9c,"{""box_angular_velocity"":[0.0,0.0,0.0],""box_linear_velocity"":[0.0,0.0,-0.196175486],""box_mass"":1.125,""box_pose"":[0.549999952,0.0,0.132547736,0.0,0.0,0.68435663,0.729147375],""dof_position"":[-0.237780809,-0.025950639,0.005912176,0.431112438,-0.165377572,0.055663545,0.131443098,0.032299895,0.046190694,0.269825906,-0.250445813,0.020467527,0.104477204,0.004905494,0.038970519,-0.071286865,0.109377429,-0.00606284,0.346385926,-0.141034573,-0.147619501,-0.0659502,-0.397222638,-0.156369403,0.128000021,0.657772839,0.038140442,-0.134024382,0.135641053],""dof_velocity"":[-3.723170042,-2.037189007,-0.247902557,-14.308513641,-0.969866395,-2.908161879,-8.095814705,-2.559491634,-2.739269257,5.529987812,0.007342046,-2.660553455,-0.661911964,-3.166270971,-11.513833046,1.023054957,-0.251062393,1.770554185,16.558387756,2.1219697,-13.192837715,-1.849751234,1.464424968,9.760338783,-11.547391891,15.874684334,-13.54074955,-10.804070473,5.615897655],""goal"":[-3.450000048,0.0,0.18273592],""robot_root_angular_velocity"":[-1.421434879,-7.328875542,1.125061154],""robot_root_linear_velocity"":[-0.327150285,0.055600896,-0.04376151],""robot_root_pose"":[2.28378129,0.002500449,0.798210204,-0.089273386,0.011016761,0.995945036,0.001546588]}",official carrybox.pt,False,2|smooth_hold|-box_y|0.5|1.0,6004,0,70775,,,0,0,0.0,,,,,,,,,,,,,
official,T0135,legged_gym/resources/ckpt/carrybox.pt,2,smooth_hold,-box_y,0.5,2.0,0.1,0.15,0.15,1.125,5.518125057220459,11.863968902197543,0,,1,1.3528828620910645,-0.8557268381118774,-0.6731497049331665,0,1,0.0860424041748046,4582287138b2fc3a31a1cb25dd8705f72c204d9c,"{""box_angular_velocity"":[0.0,0.0,0.0],""box_linear_velocity"":[0.0,0.0,-0.196175486],""box_mass"":1.125,""box_pose"":[0.549999952,0.0,0.132547736,0.0,0.0,0.68435663,0.729147375],""dof_position"":[-0.237780809,-0.025950639,0.005912176,0.431112438,-0.165377572,0.055663545,0.131443098,0.032299895,0.046190694,0.269825906,-0.250445813,0.020467527,0.104477204,0.004905494,0.038970519,-0.071286865,0.109377429,-0.00606284,0.346385926,-0.141034573,-0.147619501,-0.0659502,-0.397222638,-0.156369403,0.128000021,0.657772839,0.038140442,-0.134024382,0.135641053],""dof_velocity"":[-3.723170042,-2.037189007,-0.247902557,-14.308513641,-0.969866395,-2.908161879,-8.095814705,-2.559491634,-2.739269257,5.529987812,0.007342046,-2.660553455,-0.661911964,-3.166270971,-11.513833046,1.023054957,-0.251062393,1.770554185,16.558387756,2.1219697,-13.192837715,-1.849751234,1.464424968,9.760338783,-11.547391891,15.874684334,-13.54074955,-10.804070473,5.615897655],""goal"":[-3.450000048,0.0,0.18273592],""robot_root_angular_velocity"":[-1.421434879,-7.328875542,1.125061154],""robot_root_linear_velocity"":[-0.327150285,0.055600896,-0.04376151],""robot_root_pose"":[2.28378129,0.002500449,0.798210204,-0.089273386,0.011016761,0.995945036,0.001546588]}",official carrybox.pt,True,2|smooth_hold|-box_y|0.5|2.0,2288,1,72277,72634.0,357.0,460,860,11.863968902197543,5.518125057220459,0.5965116279069768,1.0,1.3881744146347046,0.43200310206603865,1.7029376029968262,3.999993801116944,4.704722612667395,47.118408203125,0.5429521314139196,1.0,8.910365179839522,0.20344190399733042
official,T0136,legged_gym/resources/ckpt/carrybox.pt,2,smooth_hold,-box_y,0.7,0.5,0.1,0.15,0.15,1.125,7.725375,0.0,1,head_low,0,,,,0,0,4.000990390777588,2ca4c43e9b058a9fcccad1b2232bb36b094477aa,"{""box_angular_velocity"":[0.672618151,-0.300420433,0.179238752],""box_linear_velocity"":[0.033689652,-0.002563326,-0.186210856],""box_mass"":1.125,""box_pose"":[0.550548136,-4.4258e-05,0.132714629,0.001759084,-0.00635018,0.685543656,0.728001714],""dof_position"":[-0.237285301,-0.026350558,0.005896532,0.430966944,-0.16551204,0.055689678,0.132243916,0.032053489,0.046180256,0.269787073,-0.251025379,0.020427672,0.103851572,0.004671078,0.038377546,-0.071688324,0.111822061,-0.005959525,0.347464085,-0.143093005,-0.147227928,-0.067092627,-0.393885165,-0.158520728,0.130056649,0.653409958,0.040091336,-0.132863685,0.135726064],""dof_velocity"":[-3.69987011,-2.04023695,-0.219868556,-14.315044403,-0.977586269,-2.914503098,-8.073449135,-2.565349817,-2.709582567,5.553555012,-0.017191259,-2.663327694,-0.661635637,-3.170675993,-11.556290627,0.988226235,-0.195298359,1.803678989,16.630430222,2.109781742,-13.163048744,-1.939331055,1.677898407,9.73107338,-11.54144001,15.634000778,-13.568096161,-10.718770981,5.724619389],""goal"":[-3.450000048,0.0,0.18273592],""robot_root_angular_velocity"":[-1.431528211,-7.326596737,1.130014539],""robot_root_linear_velocity"":[-0.336922407,0.054843113,-0.045488797],""robot_root_pose"":[2.28360796,0.002504884,0.79816258,-0.089187384,0.011171118,0.995951295,0.001305299]}",official carrybox.pt,False,2|smooth_hold|-box_y|0.7|0.5,740,0,72850,,,0,0,0.0,,,,,,,,,,,,,
official,T0137,legged_gym/resources/ckpt/carrybox.pt,2,smooth_hold,-box_y,0.7,1.0,0.1,0.15,0.15,1.125,7.725375175476074,8.884181495355111,0,,1,0.8009414076805115,0.3202280402183532,0.3709578812122345,0,1,0.0766272842884063,8bbba098258aaae264c5388a631fdcd90b4d353b,"{""box_angular_velocity"":[0.690033495,-0.57759583,-0.344567865],""box_linear_velocity"":[0.006934756,-0.00849461,-0.193220064],""box_mass"":1.125,""box_pose"":[0.550131559,-0.000155414,0.132610008,0.000677464,-0.008471459,0.681924403,0.731373131],""dof_position"":[-0.237486318,-0.026358362,0.005971718,0.430974483,-0.165338114,0.05566008,0.131911039,0.031954348,0.046187539,0.269842893,-0.250781149,0.020419143,0.104002699,0.004466984,0.038750663,-0.071581252,0.110236496,-0.005678266,0.346849114,-0.141762003,-0.14726527,-0.066398814,-0.394139558,-0.158588082,0.130081624,0.653235018,0.040230069,-0.132859707,0.13573572],""dof_velocity"":[-3.718420267,-2.043824434,-0.224919602,-14.311917305,-0.971620917,-2.916193485,-8.091779709,-2.570244789,-2.716857433,5.544654846,-0.002531877,-2.667409182,-0.658222377,-3.190164566,-11.542536736,1.00053978,-0.212537259,1.766137719,16.591964722,2.098927736,-13.175457001,-1.860242724,1.66769278,9.736328125,-11.544354439,15.6260252,-13.564946175,-10.719420433,5.726754189],""goal"":[-3.450000048,0.0,0.18273592],""robot_root_angular_velocity"":[-1.437768102,-7.332868099,1.125528336],""robot_root_linear_velocity"":[-0.331561178,0.056922659,-0.044468839],""robot_root_pose"":[2.283699751,0.002523011,0.798186958,-0.089202829,0.011201042,0.995949507,0.001410159]}",official carrybox.pt,True,2|smooth_hold|-box_y|0.7|1.0,1564,1,73036,73262.0,226.0,260,660,8.884181495355111,7.725375175476074,0.8484848484848485,1.0,0.8627957105636597,0.25346942025829444,1.8604979515075684,3.681557893753052,4.23097355771584,30.619741439819336,0.2552871940763329,1.0,5.44563071416183,0.14665080229017552
official,T0138,legged_gym/resources/ckpt/carrybox.pt,2,smooth_hold,-box_y,0.7,2.0,0.1,0.15,0.15,1.125,7.725375175476074,16.609557706632888,0,,1,1.682367205619812,-1.1311135292053225,-0.886623203754425,0,1,0.0555739626288414,4582287138b2fc3a31a1cb25dd8705f72c204d9c,"{""box_angular_velocity"":[0.0,0.0,0.0],""box_linear_velocity"":[0.0,0.0,-0.196175486],""box_mass"":1.125,""box_pose"":[0.549999952,0.0,0.132547736,0.0,0.0,0.68435663,0.729147375],""dof_position"":[-0.237780809,-0.025950639,0.005912176,0.431112438,-0.165377572,0.055663545,0.131443098,0.032299895,0.046190694,0.269825906,-0.250445813,0.020467527,0.104477204,0.004905494,0.038970519,-0.071286865,0.109377429,-0.00606284,0.346385926,-0.141034573,-0.147619501,-0.0659502,-0.397222638,-0.156369403,0.128000021,0.657772839,0.038140442,-0.134024382,0.135641053],""dof_velocity"":[-3.723170042,-2.037189007,-0.247902557,-14.308513641,-0.969866395,-2.908161879,-8.095814705,-2.559491634,-2.739269257,5.529987812,0.007342046,-2.660553455,-0.661911964,-3.166270971,-11.513833046,1.023054957,-0.251062393,1.770554185,16.558387756,2.1219697,-13.192837715,-1.849751234,1.464424968,9.760338783,-11.547391891,15.874684334,-13.54074955,-10.804070473,5.615897655],""goal"":[-3.450000048,0.0,0.18273592],""robot_root_angular_velocity"":[-1.421434879,-7.328875542,1.125061154],""robot_root_linear_velocity"":[-0.327150285,0.055600896,-0.04376151],""robot_root_pose"":[2.28378129,0.002500449,0.798210204,-0.089273386,0.011016761,0.995945036,0.001546588]}",official carrybox.pt,True,2|smooth_hold|-box_y|0.7|2.0,1552,1,73428,73601.0,173.0,460,860,16.609557706632888,7.725375652313232,0.7430232558139535,1.0,1.7065976858139038,0.3785251093486887,2.120282888412476,8.71780014038086,-2.055119841935676,127.8785171508789,0.3500571795660721,0.9999999403953552,7.08386685845637,0.12180625898018174
official,T0139,legged_gym/resources/ckpt/carrybox.pt,2,smooth_hold,-box_y,0.9,0.5,0.1,0.15,0.15,1.125,9.932624816894531,6.456206137389921,0,,0,0.5617034435272217,-2.151569604873657,-2.052196979522705,0,0,0.2569458484649658,2ca4c43e9b058a9fcccad1b2232bb36b094477aa,"{""box_angular_velocity"":[0.672618151,-0.300420433,0.179238752],""box_linear_velocity"":[0.033689652,-0.002563326,-0.186210856],""box_mass"":1.125,""box_pose"":[0.550548136,-4.4258e-05,0.132714629,0.001759084,-0.00635018,0.685543656,0.728001714],""dof_position"":[-0.237285301,-0.026350558,0.005896532,0.430966944,-0.16551204,0.055689678,0.132243916,0.032053489,0.046180256,0.269787073,-0.251025379,0.020427672,0.103851572,0.004671078,0.038377546,-0.071688324,0.111822061,-0.005959525,0.347464085,-0.143093005,-0.147227928,-0.067092627,-0.393885165,-0.158520728,0.130056649,0.653409958,0.040091336,-0.132863685,0.135726064],""dof_velocity"":[-3.69987011,-2.04023695,-0.219868556,-14.315044403,-0.977586269,-2.914503098,-8.073449135,-2.565349817,-2.709582567,5.553555012,-0.017191259,-2.663327694,-0.661635637,-3.170675993,-11.556290627,0.988226235,-0.195298359,1.803678989,16.630430222,2.109781742,-13.163048744,-1.939331055,1.677898407,9.73107338,-11.54144001,15.634000778,-13.568096161,-10.718770981,5.724619389],""goal"":[-3.450000048,0.0,0.18273592],""robot_root_angular_velocity"":[-1.431528211,-7.326596737,1.130014539],""robot_root_linear_velocity"":[-0.336922407,0.054843113,-0.045488797],""robot_root_pose"":[2.28360796,0.002504884,0.79816258,-0.089187384,0.011171118,0.995951295,0.001305299]}",official carrybox.pt,True,2|smooth_hold|-box_y|0.9|0.5,1332,1,73817,74010.0,193.0,160,560,6.456206137389921,9.932624816894531,0.9982142857142857,1.0,0.5617034435272217,0.2811690820114953,2.063988447189331,3.754077196121216,3.411060130602813,38.343505859375,0.17941651540781356,0.8763870000839233,18.069786867712224,0.22086417782972734
official,T0140,legged_gym/resources/ckpt/carrybox.pt,2,smooth_hold,-box_y,0.9,1.0,0.1,0.15,0.15,1.125,9.932624816894531,11.422518604767555,0,,1,1.898760199546814,-1.1097009181976318,-0.8583954572677612,0,0,0.1254495084285736,4582287138b2fc3a31a1cb25dd8705f72c204d9c,"{""box_angular_velocity"":[0.0,0.0,0.0],""box_linear_velocity"":[0.0,0.0,-0.196175486],""box_mass"":1.125,""box_pose"":[0.549999952,0.0,0.132547736,0.0,0.0,0.68435663,0.729147375],""dof_position"":[-0.237780809,-0.025950639,0.005912176,0.431112438,-0.165377572,0.055663545,0.131443098,0.032299895,0.046190694,0.269825906,-0.250445813,0.020467527,0.104477204,0.004905494,0.038970519,-0.071286865,0.109377429,-0.00606284,0.346385926,-0.141034573,-0.147619501,-0.0659502,-0.397222638,-0.156369403,0.128000021,0.657772839,0.038140442,-0.134024382,0.135641053],""dof_velocity"":[-3.723170042,-2.037189007,-0.247902557,-14.308513641,-0.969866395,-2.908161879,-8.095814705,-2.559491634,-2.739269257,5.529987812,0.007342046,-2.660553455,-0.661911964,-3.166270971,-11.513833046,1.023054957,-0.251062393,1.770554185,16.558387756,2.1219697,-13.192837715,-1.849751234,1.464424968,9.760338783,-11.547391891,15.874684334,-13.54074955,-10.804070473,5.615897655],""goal"":[-3.450000048,0.0,0.18273592],""robot_root_angular_velocity"":[-1.421434879,-7.328875542,1.125061154],""robot_root_linear_velocity"":[-0.327150285,0.055600896,-0.04376151],""robot_root_pose"":[2.28378129,0.002500449,0.798210204,-0.089273386,0.011016761,0.995945036,0.001546588]}",official carrybox.pt,True,2|smooth_hold|-box_y|0.9|1.0,1416,1,74151,74340.0,189.0,260,660,11.422518604767555,9.932624816894531,0.990909090909091,1.0,1.898760199546814,0.2643660616552965,2.259803295135498,4.371659755706787,-9.826700695355733,54.260032653808594,0.18119586989509337,1.0,12.825914613270399,0.16876476492851164
official,T0141,legged_gym/resources/ckpt/carrybox.pt,2,smooth_hold,-box_y,0.9,2.0,0.1,0.15,0.15,1.125,9.932624816894531,21.35514346684474,0,,1,1.4684698581695557,-1.12348210811615,-0.9513550996780396,0,1,0.0648236274719238,8ac75466da8f3a39664776b1ba247214545059f9,"{""box_angular_velocity"":[0.672560871,-0.300383657,0.179341719],""box_linear_velocity"":[0.033707958,-0.002564036,-0.186203137],""box_mass"":1.125,""box_pose"":[0.550548553,-4.4268e-05,0.132714778,0.001759039,-0.006349897,0.685544312,0.728000998],""dof_position"":[-0.237283736,-0.026351763,0.005896923,0.430968523,-0.165513664,0.055688906,0.132245958,0.032052457,0.046179481,0.269787729,-0.251026034,0.020426875,0.103852585,0.004665805,0.038380913,-0.07167507,0.111795463,-0.005968495,0.34747076,-0.14306967,-0.147254303,-0.067078643,-0.393885612,-0.158518687,0.130054608,0.653409719,0.040091705,-0.132863715,0.135724962],""dof_velocity"":[-3.699845314,-2.040276527,-0.219841361,-14.31496048,-0.977668345,-2.914536476,-8.073414803,-2.565377712,-2.709611654,5.553610802,-0.017199876,-2.663355827,-0.661594689,-3.1710217,-11.556138039,0.988643348,-0.196053416,1.80328548,16.63104248,2.110190153,-13.164363861,-1.938728213,1.677852273,9.731162071,-11.541463852,15.633981705,-13.567970276,-10.718790054,5.724476814],""goal"":[-3.450000048,0.0,0.18273592],""robot_root_angular_velocity"":[-1.431694865,-7.326523304,1.130098343],""robot_root_linear_velocity"":[-0.336901158,0.054902017,-0.045502964],""robot_root_pose"":[2.283609629,0.002505898,0.798162699,-0.08918605,0.011172508,0.995951355,0.001304652]}",official carrybox.pt,True,2|smooth_hold|-box_y|0.9|2.0,1612,1,74506,74694.0,188.0,460,860,21.35514346684474,9.932624816894531,0.7325581395348837,1.0,1.5058906078338623,0.38226171040387696,2.181889057159424,6.08121395111084,8.230475097218918,80.5454330444336,0.4869992605532346,1.0,8.707171156413333,0.21710585110667188
official,T0142,legged_gym/resources/ckpt/carrybox.pt,2,smooth_hold,-box_y,1.1,0.5,0.1,0.15,0.15,1.125,12.13987636566162,7.890919756277391,0,,0,0.5907583832740784,-2.2157719135284424,-2.305086135864258,1,0,0.582330048084259,4582287138b2fc3a31a1cb25dd8705f72c204d9c,"{""box_angular_velocity"":[0.0,0.0,0.0],""box_linear_velocity"":[0.0,0.0,-0.196175486],""box_mass"":1.125,""box_pose"":[0.549999952,0.0,0.132547736,0.0,0.0,0.68435663,0.729147375],""dof_position"":[-0.237780809,-0.025950639,0.005912176,0.431112438,-0.165377572,0.055663545,0.131443098,0.032299895,0.046190694,0.269825906,-0.250445813,0.020467527,0.104477204,0.004905494,0.038970519,-0.071286865,0.109377429,-0.00606284,0.346385926,-0.141034573,-0.147619501,-0.0659502,-0.397222638,-0.156369403,0.128000021,0.657772839,0.038140442,-0.134024382,0.135641053],""dof_velocity"":[-3.723170042,-2.037189007,-0.247902557,-14.308513641,-0.969866395,-2.908161879,-8.095814705,-2.559491634,-2.739269257,5.529987812,0.007342046,-2.660553455,-0.661911964,-3.166270971,-11.513833046,1.023054957,-0.251062393,1.770554185,16.558387756,2.1219697,-13.192837715,-1.849751234,1.464424968,9.760338783,-11.547391891,15.874684334,-13.54074955,-10.804070473,5.615897655],""goal"":[-3.450000048,0.0,0.18273592],""robot_root_angular_velocity"":[-1.421434879,-7.328875542,1.125061154],""robot_root_linear_velocity"":[-0.327150285,0.055600896,-0.04376151],""robot_root_pose"":[2.28378129,0.002500449,0.798210204,-0.089273386,0.011016761,0.995945036,0.001546588]}",official carrybox.pt,True,2|smooth_hold|-box_y|1.1|0.5,1288,1,74910,75092.0,182.0,160,560,7.890919756277391,12.13987636566162,0.9982142857142857,1.0,0.5907583832740784,0.2477071036884029,1.4530004262924194,2.7690317630767822,-0.5169349633090731,4.186324119567871,0.09663745728487681,0.9821767807006836,8.67265146901565,0.11928406323045881
official,T0143,legged_gym/resources/ckpt/carrybox.pt,2,smooth_hold,-box_y,1.1,1.0,0.1,0.15,0.15,1.125,12.13987636566162,13.960857900585498,0,,1,0.6648290753364563,-2.737441062927246,-2.633347511291504,1,0,0.3984448611736297,4582287138b2fc3a31a1cb25dd8705f72c204d9c,"{""box_angular_velocity"":[0.0,0.0,0.0],""box_linear_velocity"":[0.0,0.0,-0.196175486],""box_mass"":1.125,""box_pose"":[0.549999952,0.0,0.132547736,0.0,0.0,0.68435663,0.729147375],""dof_position"":[-0.237780809,-0.025950639,0.005912176,0.431112438,-0.165377572,0.055663545,0.131443098,0.032299895,0.046190694,0.269825906,-0.250445813,0.020467527,0.104477204,0.004905494,0.038970519,-0.071286865,0.109377429,-0.00606284,0.346385926,-0.141034573,-0.147619501,-0.0659502,-0.397222638,-0.156369403,0.128000021,0.657772839,0.038140442,-0.134024382,0.135641053],""dof_velocity"":[-3.723170042,-2.037189007,-0.247902557,-14.308513641,-0.969866395,-2.908161879,-8.095814705,-2.559491634,-2.739269257,5.529987812,0.007342046,-2.660553455,-0.661911964,-3.166270971,-11.513833046,1.023054957,-0.251062393,1.770554185,16.558387756,2.1219697,-13.192837715,-1.849751234,1.464424968,9.760338783,-11.547391891,15.874684334,-13.54074955,-10.804070473,5.615897655],""goal"":[-3.450000048,0.0,0.18273592],""robot_root_angular_velocity"":[-1.421434879,-7.328875542,1.125061154],""robot_root_linear_velocity"":[-0.327150285,0.055600896,-0.04376151],""robot_root_pose"":[2.28378129,0.002500449,0.798210204,-0.089273386,0.011016761,0.995945036,0.001546588]}",official carrybox.pt,True,2|smooth_hold|-box_y|1.1|1.0,1520,1,75233,75448.0,215.0,260,660,13.960857900585498,12.13987636566162,0.9924242424242424,1.0,0.6648290753364563,0.26470211976574676,1.7568457126617432,3.968756437301636,-0.31135445819941887,5.951004981994629,0.12408998485532885,0.9977455139160156,5.289638396284797,0.08365071978459482
official,T0144,legged_gym/resources/ckpt/carrybox.pt,2,smooth_hold,-box_y,1.1,2.0,0.1,0.15,0.15,1.125,12.13987636566162,26.100736232132014,0,,1,1.3964297771453855,-0.6790183782577515,-0.4651459455490112,0,1,0.0913498774170875,4582287138b2fc3a31a1cb25dd8705f72c204d9c,"{""box_angular_velocity"":[0.0,0.0,0.0],""box_linear_velocity"":[0.0,0.0,-0.196175486],""box_mass"":1.125,""box_pose"":[0.549999952,0.0,0.132547736,0.0,0.0,0.68435663,0.729147375],""dof_position"":[-0.237780809,-0.025950639,0.005912176,0.431112438,-0.165377572,0.055663545,0.131443098,0.032299895,0.046190694,0.269825906,-0.250445813,0.020467527,0.104477204,0.004905494,0.038970519,-0.071286865,0.109377429,-0.00606284,0.346385926,-0.141034573,-0.147619501,-0.0659502,-0.397222638,-0.156369403,0.128000021,0.657772839,0.038140442,-0.134024382,0.135641053],""dof_velocity"":[-3.723170042,-2.037189007,-0.247902557,-14.308513641,-0.969866395,-2.908161879,-8.095814705,-2.559491634,-2.739269257,5.529987812,0.007342046,-2.660553455,-0.661911964,-3.166270971,-11.513833046,1.023054957,-0.251062393,1.770554185,16.558387756,2.1219697,-13.192837715,-1.849751234,1.464424968,9.760338783,-11.547391891,15.874684334,-13.54074955,-10.804070473,5.615897655],""goal"":[-3.450000048,0.0,0.18273592],""robot_root_angular_velocity"":[-1.421434879,-7.328875542,1.125061154],""robot_root_linear_velocity"":[-0.327150285,0.055600896,-0.04376151],""robot_root_pose"":[2.28378129,0.002500449,0.798210204,-0.089273386,0.011016761,0.995945036,0.001546588]}",official carrybox.pt,True,2|smooth_hold|-box_y|1.1|2.0,1708,1,75614,75826.0,212.0,460,860,26.100736232132014,12.139877319335938,0.7930232558139535,1.0,1.4271197319030762,0.38881088738697905,1.972217082977295,3.3633761405944824,3.9294595189089345,22.056190490722656,0.31002625481653306,1.0,8.807463459194054,0.15098313180708425
official,T0145,legged_gym/resources/ckpt/carrybox.pt,3,smooth_hold,+box_x,0.1,0.5,0.1,0.15,0.15,1.125,1.1036250591278076,0.7173563027437296,0,,1,1.4437166452407837,1.9593505859375,1.925757646560669,0,1,0.0521888695657253,65b3ca3da3b4fed74742e7742f51b170991cddfd,"{""box_angular_velocity"":[0.065279528,-0.104388289,0.200538158],""box_linear_velocity"":[-0.069472283,-0.000226536,-0.22056815],""box_mass"":1.125,""box_pose"":[0.548742473,-7.224e-06,0.132107496,-0.001243512,-6.7276e-05,0.902691185,-0.430287242],""dof_position"":[-0.146603137,0.04708875,0.020172426,0.262992918,-0.225283712,-0.010112701,-0.048153121,-0.102354668,0.029902428,0.329790801,-0.184990674,0.050723657,-0.053271219,-0.007040003,-0.002366869,-0.005494651,0.168986946,-0.0144693,1.214278221,0.08953993,0.119314954,0.049172137,-0.021819763,-0.049903084,0.004483589,1.170749784,-0.072441757,-0.01618439,0.160966918],""dof_velocity"":[-1.078764796,0.308028311,-0.807543457,1.536746025,1.188231468,-0.760668933,-0.752220392,0.307109207,-1.195692539,-1.864546061,-1.014771104,-2.360440254,2.349422455,1.012826443,-1.137371182,0.980682552,-2.086542368,0.180660978,-3.168968678,0.689441264,1.063561678,0.671994805,1.199653268,-2.57417655,-0.728176475,-3.691345215,1.243476152,-0.288155288,2.902099133],""goal"":[-3.450000048,0.0,0.398381144],""robot_root_angular_velocity"":[0.916179955,-0.789809227,-0.817331254],""robot_root_linear_velocity"":[-0.33236441,-0.083713122,-0.453683585],""robot_root_pose"":[2.289895773,-0.001958316,0.792001009,-0.021157146,-0.003355936,0.999766588,0.002782664]}",official carrybox.pt,True,3|smooth_hold|+box_x|0.1|0.5,1552,1,76042,76290.0,248.0,160,560,0.7173563027437296,1.1036250591278076,0.7946428571428571,1.0,1.6224827766418457,0.3021389454802764,2.177828788757324,9.948326110839844,2.398380968550087,44.35759735107422,0.2716853918108557,1.0,7.684820517671428,0.15058815143328108
official,T0146,legged_gym/resources/ckpt/carrybox.pt,3,smooth_hold,+box_x,0.1,1.0,0.1,0.15,0.15,1.125,1.103625,0.0,1,head_low,0,,,,0,0,4.000012397766113,bbc45e608862b6a74fab218e9cf888f212cd32da,"{""box_angular_velocity"":[0.0,0.0,0.0],""box_linear_velocity"":[0.0,0.0,-0.196175486],""box_mass"":1.125,""box_pose"":[0.549999952,0.0,0.132547736,0.0,0.0,0.903440475,-0.428713351],""dof_position"":[-0.146500841,0.047033228,0.020142149,0.262921005,-0.225358963,-0.010130201,-0.047929183,-0.102373153,0.029881055,0.32979393,-0.185163349,0.050720308,-0.053569146,-0.007076314,-0.002628669,-0.005689438,0.168055788,-0.014534873,1.214684129,0.089634404,0.119642608,0.050104354,-0.021878893,-0.049701914,0.004483263,1.170707226,-0.072597921,-0.015892157,0.160671219],""dof_velocity"":[-1.063242555,0.309288293,-0.794798434,1.535060406,1.180030227,-0.762240529,-0.73944813,0.309553802,-1.181381226,-1.857584,-1.020252824,-2.361735344,2.346219301,1.007344365,-1.140043736,0.982482135,-2.125489235,0.169006094,-3.187772751,0.686356843,1.10351336,0.698946774,1.19337213,-2.565618515,-0.724920928,-3.691363335,1.241173863,-0.280104458,2.884586573],""goal"":[-3.450000048,0.0,0.398381144],""robot_root_angular_velocity"":[0.913533032,-0.784323692,-0.816340148],""robot_root_linear_velocity"":[-0.336854547,-0.08322756,-0.455430776],""robot_root_pose"":[2.289811373,-0.001951792,0.791970432,-0.021171462,-0.003340123,0.999766707,0.002667698]}",official carrybox.pt,False,3|smooth_hold|+box_x|0.1|1.0,1280,0,76431,,,0,0,0.0,,,,,,,,,,,,,
official,T0147,legged_gym/resources/ckpt/carrybox.pt,3,smooth_hold,+box_x,0.1,2.0,0.1,0.15,0.15,1.125,1.103625,0.0,1,head_low,0,,,,0,0,4.000012397766113,c2ce9edba087c2437287ec3c3c668c7e38161653,"{""box_angular_velocity"":[0.076852784,-0.066363849,0.198526442],""box_linear_velocity"":[-0.069526948,-0.00020825,-0.220872432],""box_mass"":1.125,""box_pose"":[0.548741698,-6.763e-06,0.132102787,-0.001027034,-0.000298957,0.902693868,-0.430281848],""dof_position"":[-0.146602228,0.047065511,0.020181287,0.262996435,-0.225284711,-0.010112308,-0.048149176,-0.102377266,0.029914267,0.329787225,-0.184991911,0.050723359,-0.053278137,-0.00706961,-0.002362577,-0.005501476,0.168976352,-0.014465231,1.214281678,0.089536719,0.119322196,0.049193956,-0.021773312,-0.049886949,0.004500345,1.170734763,-0.072481826,-0.016313178,0.160937831],""dof_velocity"":[-1.078917623,0.307612717,-0.807379663,1.53711915,1.188141704,-0.760906875,-0.752187252,0.306776136,-1.195307255,-1.864411354,-1.014888048,-2.360720634,2.348756552,1.012276888,-1.136934042,0.980745852,-2.087305069,0.180513293,-3.169667006,0.688750267,1.064256668,0.672950029,1.200057268,-2.57361722,-0.728633881,-3.690013409,1.240842581,-0.293703675,2.900940657],""goal"":[-3.450000048,0.0,0.398381144],""robot_root_angular_velocity"":[0.915835023,-0.789650798,-0.817551255],""robot_root_linear_velocity"":[-0.332238972,-0.083804384,-0.453765631],""robot_root_pose"":[2.28989768,-0.00195855,0.791999757,-0.02115543,-0.003346075,0.999766648,0.002785688]}",official carrybox.pt,False,3|smooth_hold|+box_x|0.1|2.0,608,0,76752,,,0,0,0.0,,,,,,,,,,,,,
official,T0148,legged_gym/resources/ckpt/carrybox.pt,3,smooth_hold,+box_x,0.3,0.5,0.1,0.15,0.15,1.125,3.310875,0.0,1,head_low,0,,,,0,0,4.000012397766113,1ae4c5b74ec6595622644c3e7b0393f0a432e395,"{""box_angular_velocity"":[0.065176576,-0.104502693,0.200618237],""box_linear_velocity"":[-0.06946104,-0.000224431,-0.220561773],""box_mass"":1.125,""box_pose"":[0.548742712,-7.191e-06,0.132107615,-0.001243231,-6.6169e-05,0.902691126,-0.430287093],""dof_position"":[-0.146603644,0.047095027,0.020173153,0.262994856,-0.225282282,-0.010113143,-0.048158512,-0.102349393,0.029903503,0.329791963,-0.184986576,0.050722867,-0.053265803,-0.007037419,-0.002359386,-0.005497802,0.16898939,-0.014467037,1.214274287,0.089537561,0.119316369,0.049170658,-0.021795027,-0.049920578,0.004492286,1.170738339,-0.072432421,-0.016250683,0.160987094],""dof_velocity"":[-1.078983784,0.308089465,-0.807939589,1.536821723,1.188435435,-0.760598421,-0.752441287,0.30713293,-1.196113348,-1.864605069,-1.014690042,-2.360372543,2.349104643,1.012829304,-1.137110472,0.98082608,-2.086340904,0.180788085,-3.169378519,0.689117551,1.063593149,0.671993196,1.199804187,-2.574685812,-0.729206741,-3.690297842,1.242561698,-0.291357905,2.903037548],""goal"":[-3.450000048,0.0,0.398381144],""robot_root_angular_velocity"":[0.916204393,-0.789786339,-0.81742239],""robot_root_linear_velocity"":[-0.332253188,-0.083646968,-0.453666896],""robot_root_pose"":[2.289898396,-0.00195731,0.792001843,-0.021156108,-0.00335721,0.999766588,0.002786794]}",official carrybox.pt,False,3|smooth_hold|+box_x|0.3|0.5,608,0,76905,,,0,0,0.0,,,,,,,,,,,,,
official,T0149,legged_gym/resources/ckpt/carrybox.pt,3,smooth_hold,+box_x,0.3,1.0,0.1,0.15,0.15,1.125,3.310875,0.0,1,head_low,0,,,,0,0,4.00835657119751,425944e824b7e9510068bf503f75c12053de569d,"{""box_angular_velocity"":[0.065175518,-0.104507953,0.200617388],""box_linear_velocity"":[-0.06946139,-0.000224486,-0.220561847],""box_mass"":1.125,""box_pose"":[0.548742712,-7.192e-06,0.132107615,-0.001243261,-6.6139e-05,0.902691245,-0.430287123],""dof_position"":[-0.146603659,0.047095034,0.020173151,0.262994856,-0.225282282,-0.010113142,-0.048158512,-0.102349393,0.029903507,0.329791963,-0.184986576,0.050722867,-0.053265799,-0.007037419,-0.002359389,-0.005497809,0.16898939,-0.014467039,1.214274287,0.089537561,0.119316384,0.049170658,-0.021795021,-0.049920566,0.004492287,1.170738339,-0.072432436,-0.016250692,0.160987094],""dof_velocity"":[-1.078983188,0.308089316,-0.807939589,1.536821723,1.188435555,-0.760598481,-0.752440691,0.3071329,-1.19611299,-1.864604831,-1.014690161,-2.360372305,2.349104643,1.012829185,-1.137110114,0.980825663,-2.086340904,0.180788472,-3.169378281,0.689117849,1.06359303,0.671993136,1.199804544,-2.574684858,-0.729206324,-3.690296412,1.242561817,-0.291357279,2.90303731],""goal"":[-3.450000048,0.0,0.398381144],""robot_root_angular_velocity"":[0.916204333,-0.789785326,-0.817422509],""robot_root_linear_velocity"":[-0.332253397,-0.08364699,-0.453667015],""robot_root_pose"":[2.289898396,-0.001957312,0.792001843,-0.021156108,-0.00335721,0.999766588,0.002786797]}",official carrybox.pt,False,3|smooth_hold|+box_x|0.3|1.0,604,0,77058,,,0,0,0.0,,,,,,,,,,,,,
official,T0150,legged_gym/resources/ckpt/carrybox.pt,3,smooth_hold,+box_x,0.3,2.0,0.1,0.15,0.15,1.125,3.310875,0.0,1,timeout,0,,,,0,0,4.000012397766113,425944e824b7e9510068bf503f75c12053de569d,"{""box_angular_velocity"":[0.065175518,-0.104507953,0.200617388],""box_linear_velocity"":[-0.06946139,-0.000224486,-0.220561847],""box_mass"":1.125,""box_pose"":[0.548742712,-7.192e-06,0.132107615,-0.001243261,-6.6139e-05,0.902691245,-0.430287123],""dof_position"":[-0.146603659,0.047095034,0.020173151,0.262994856,-0.225282282,-0.010113142,-0.048158512,-0.102349393,0.029903507,0.329791963,-0.184986576,0.050722867,-0.053265799,-0.007037419,-0.002359389,-0.005497809,0.16898939,-0.014467039,1.214274287,0.089537561,0.119316384,0.049170658,-0.021795021,-0.049920566,0.004492287,1.170738339,-0.072432436,-0.016250692,0.160987094],""dof_velocity"":[-1.078983188,0.308089316,-0.807939589,1.536821723,1.188435555,-0.760598481,-0.752440691,0.3071329,-1.19611299,-1.864604831,-1.014690161,-2.360372305,2.349104643,1.012829185,-1.137110114,0.980825663,-2.086340904,0.180788472,-3.169378281,0.689117849,1.06359303,0.671993136,1.199804544,-2.574684858,-0.729206324,-3.690296412,1.242561817,-0.291357279,2.90303731],""goal"":[-3.450000048,0.0,0.398381144],""robot_root_angular_velocity"":[0.916204333,-0.789785326,-0.817422509],""robot_root_linear_velocity"":[-0.332253397,-0.08364699,-0.453667015],""robot_root_pose"":[2.289898396,-0.001957312,0.792001843,-0.021156108,-0.00335721,0.999766588,0.002786797]}",official carrybox.pt,False,3|smooth_hold|+box_x|0.3|2.0,6004,0,77210,,,0,0,0.0,,,,,,,,,,,,,
official,T0151,legged_gym/resources/ckpt/carrybox.pt,3,smooth_hold,+box_x,0.5,0.5,0.1,0.15,0.15,1.125,5.518125,0.0,1,timeout,0,,,,0,0,4.000012397766113,bbc45e608862b6a74fab218e9cf888f212cd32da,"{""box_angular_velocity"":[0.0,0.0,0.0],""box_linear_velocity"":[0.0,0.0,-0.196175486],""box_mass"":1.125,""box_pose"":[0.549999952,0.0,0.132547736,0.0,0.0,0.903440475,-0.428713351],""dof_position"":[-0.146500841,0.047033228,0.020142149,0.262921005,-0.225358963,-0.010130201,-0.047929183,-0.102373153,0.029881055,0.32979393,-0.185163349,0.050720308,-0.053569146,-0.007076314,-0.002628669,-0.005689438,0.168055788,-0.014534873,1.214684129,0.089634404,0.119642608,0.050104354,-0.021878893,-0.049701914,0.004483263,1.170707226,-0.072597921,-0.015892157,0.160671219],""dof_velocity"":[-1.063242555,0.309288293,-0.794798434,1.535060406,1.180030227,-0.762240529,-0.73944813,0.309553802,-1.181381226,-1.857584,-1.020252824,-2.361735344,2.346219301,1.007344365,-1.140043736,0.982482135,-2.125489235,0.169006094,-3.187772751,0.686356843,1.10351336,0.698946774,1.19337213,-2.565618515,-0.724920928,-3.691363335,1.241173863,-0.280104458,2.884586573],""goal"":[-3.450000048,0.0,0.398381144],""robot_root_angular_velocity"":[0.913533032,-0.784323692,-0.816340148],""robot_root_linear_velocity"":[-0.336854547,-0.08322756,-0.455430776],""robot_root_pose"":[2.289811373,-0.001951792,0.791970432,-0.021171462,-0.003340123,0.999766707,0.002667698]}",official carrybox.pt,False,3|smooth_hold|+box_x|0.5|0.5,6004,0,78712,,,0,0,0.0,,,,,,,,,,,,,
official,T0152,legged_gym/resources/ckpt/carrybox.pt,3,smooth_hold,+box_x,0.5,1.0,0.1,0.15,0.15,1.125,5.518125,0.0,1,box_tilt|base_tilt,0,,,,0,0,4.0011162757873535,bbc45e608862b6a74fab218e9cf888f212cd32da,"{""box_angular_velocity"":[0.0,0.0,0.0],""box_linear_velocity"":[0.0,0.0,-0.196175486],""box_mass"":1.125,""box_pose"":[0.549999952,0.0,0.132547736,0.0,0.0,0.903440475,-0.428713351],""dof_position"":[-0.146500841,0.047033228,0.020142149,0.262921005,-0.225358963,-0.010130201,-0.047929183,-0.102373153,0.029881055,0.32979393,-0.185163349,0.050720308,-0.053569146,-0.007076314,-0.002628669,-0.005689438,0.168055788,-0.014534873,1.214684129,0.089634404,0.119642608,0.050104354,-0.021878893,-0.049701914,0.004483263,1.170707226,-0.072597921,-0.015892157,0.160671219],""dof_velocity"":[-1.063242555,0.309288293,-0.794798434,1.535060406,1.180030227,-0.762240529,-0.73944813,0.309553802,-1.181381226,-1.857584,-1.020252824,-2.361735344,2.346219301,1.007344365,-1.140043736,0.982482135,-2.125489235,0.169006094,-3.187772751,0.686356843,1.10351336,0.698946774,1.19337213,-2.565618515,-0.724920928,-3.691363335,1.241173863,-0.280104458,2.884586573],""goal"":[-3.450000048,0.0,0.398381144],""robot_root_angular_velocity"":[0.913533032,-0.784323692,-0.816340148],""robot_root_linear_velocity"":[-0.336854547,-0.08322756,-0.455430776],""robot_root_pose"":[2.289811373,-0.001951792,0.791970432,-0.021171462,-0.003340123,0.999766707,0.002667698]}",official carrybox.pt,False,3|smooth_hold|+box_x|0.5|1.0,1404,0,80214,,,0,0,0.0,,,,,,,,,,,,,
official,T0153,legged_gym/resources/ckpt/carrybox.pt,3,smooth_hold,+box_x,0.5,2.0,0.1,0.15,0.15,1.125,5.518125,0.0,1,head_low,0,,,,0,0,4.000012397766113,57cb30124f1637aec5cd3ba48097e42df4c1ff60,"{""box_angular_velocity"":[0.0,0.0,0.0],""box_linear_velocity"":[0.0,0.0,-0.196175486],""box_mass"":1.125,""box_pose"":[0.549999952,0.0,0.132547736,0.0,0.0,0.903440475,-0.428713351],""dof_position"":[-0.146875992,0.047040012,0.020126967,0.263002038,-0.225106969,-0.010139022,-0.048021637,-0.102354914,0.029847857,0.32970953,-0.185125828,0.050723363,-0.05365061,-0.007066766,-0.002635794,-0.005827582,0.168070376,-0.014537938,1.214691758,0.089653634,0.11966569,0.050094146,-0.021913776,-0.04968255,0.004447594,1.170742869,-0.072568744,-0.015885416,0.160699859],""dof_velocity"":[-1.054027915,0.310263395,-0.78927958,1.524899602,1.193102956,-0.762701929,-0.720839143,0.310789227,-1.177470326,-1.863188028,-1.02359426,-2.361728907,2.347062588,1.004859567,-1.114023566,0.973775029,-2.123981953,0.168245435,-3.198335648,0.686257422,1.11051929,0.698267817,1.188328385,-2.564729452,-0.721066535,-3.694653034,1.250189185,-0.277010888,2.884689093],""goal"":[-3.450000048,0.0,0.398381144],""robot_root_angular_velocity"":[0.913245142,-0.770328641,-0.812932372],""robot_root_linear_velocity"":[-0.336011469,-0.083059736,-0.455256879],""robot_root_pose"":[2.289833784,-0.001949366,0.791970134,-0.021231409,-0.003346881,0.999765575,0.002598186]}",official carrybox.pt,False,3|smooth_hold|+box_x|0.5|2.0,608,0,80566,,,0,0,0.0,,,,,,,,,,,,,
official,T0154,legged_gym/resources/ckpt/carrybox.pt,3,smooth_hold,+box_x,0.7,0.5,0.1,0.15,0.15,1.125,7.725375,0.0,1,head_low,0,,,,0,0,4.000082969665527,bbc45e608862b6a74fab218e9cf888f212cd32da,"{""box_angular_velocity"":[0.0,0.0,0.0],""box_linear_velocity"":[0.0,0.0,-0.196175486],""box_mass"":1.125,""box_pose"":[0.549999952,0.0,0.132547736,0.0,0.0,0.903440475,-0.428713351],""dof_position"":[-0.146500841,0.047033228,0.020142149,0.262921005,-0.225358963,-0.010130201,-0.047929183,-0.102373153,0.029881055,0.32979393,-0.185163349,0.050720308,-0.053569146,-0.007076314,-0.002628669,-0.005689438,0.168055788,-0.014534873,1.214684129,0.089634404,0.119642608,0.050104354,-0.021878893,-0.049701914,0.004483263,1.170707226,-0.072597921,-0.015892157,0.160671219],""dof_velocity"":[-1.063242555,0.309288293,-0.794798434,1.535060406,1.180030227,-0.762240529,-0.73944813,0.309553802,-1.181381226,-1.857584,-1.020252824,-2.361735344,2.346219301,1.007344365,-1.140043736,0.982482135,-2.125489235,0.169006094,-3.187772751,0.686356843,1.10351336,0.698946774,1.19337213,-2.565618515,-0.724920928,-3.691363335,1.241173863,-0.280104458,2.884586573],""goal"":[-3.450000048,0.0,0.398381144],""robot_root_angular_velocity"":[0.913533032,-0.784323692,-0.816340148],""robot_root_linear_velocity"":[-0.336854547,-0.08322756,-0.455430776],""robot_root_pose"":[2.289811373,-0.001951792,0.791970432,-0.021171462,-0.003340123,0.999766707,0.002667698]}",official carrybox.pt,False,3|smooth_hold|+box_x|0.7|0.5,624,0,80719,,,0,0,0.0,,,,,,,,,,,,,
official,T0155,legged_gym/resources/ckpt/carrybox.pt,3,smooth_hold,+box_x,0.7,1.0,0.1,0.15,0.15,1.125,7.725375,0.0,1,timeout,0,,,,0,0,4.000012397766113,bbc45e608862b6a74fab218e9cf888f212cd32da,"{""box_angular_velocity"":[0.0,0.0,0.0],""box_linear_velocity"":[0.0,0.0,-0.196175486],""box_mass"":1.125,""box_pose"":[0.549999952,0.0,0.132547736,0.0,0.0,0.903440475,-0.428713351],""dof_position"":[-0.146500841,0.047033228,0.020142149,0.262921005,-0.225358963,-0.010130201,-0.047929183,-0.102373153,0.029881055,0.32979393,-0.185163349,0.050720308,-0.053569146,-0.007076314,-0.002628669,-0.005689438,0.168055788,-0.014534873,1.214684129,0.089634404,0.119642608,0.050104354,-0.021878893,-0.049701914,0.004483263,1.170707226,-0.072597921,-0.015892157,0.160671219],""dof_velocity"":[-1.063242555,0.309288293,-0.794798434,1.535060406,1.180030227,-0.762240529,-0.73944813,0.309553802,-1.181381226,-1.857584,-1.020252824,-2.361735344,2.346219301,1.007344365,-1.140043736,0.982482135,-2.125489235,0.169006094,-3.187772751,0.686356843,1.10351336,0.698946774,1.19337213,-2.565618515,-0.724920928,-3.691363335,1.241173863,-0.280104458,2.884586573],""goal"":[-3.450000048,0.0,0.398381144],""robot_root_angular_velocity"":[0.913533032,-0.784323692,-0.816340148],""robot_root_linear_velocity"":[-0.336854547,-0.08322756,-0.455430776],""robot_root_pose"":[2.289811373,-0.001951792,0.791970432,-0.021171462,-0.003340123,0.999766707,0.002667698]}",official carrybox.pt,False,3|smooth_hold|+box_x|0.7|1.0,6004,0,80876,,,0,0,0.0,,,,,,,,,,,,,
official,T0156,legged_gym/resources/ckpt/carrybox.pt,3,smooth_hold,+box_x,0.7,2.0,0.1,0.15,0.15,1.125,7.725375,0.0,1,base_tilt,0,,,,0,0,4.000012397766113,bbc45e608862b6a74fab218e9cf888f212cd32da,"{""box_angular_velocity"":[0.0,0.0,0.0],""box_linear_velocity"":[0.0,0.0,-0.196175486],""box_mass"":1.125,""box_pose"":[0.549999952,0.0,0.132547736,0.0,0.0,0.903440475,-0.428713351],""dof_position"":[-0.146500841,0.047033228,0.020142149,0.262921005,-0.225358963,-0.010130201,-0.047929183,-0.102373153,0.029881055,0.32979393,-0.185163349,0.050720308,-0.053569146,-0.007076314,-0.002628669,-0.005689438,0.168055788,-0.014534873,1.214684129,0.089634404,0.119642608,0.050104354,-0.021878893,-0.049701914,0.004483263,1.170707226,-0.072597921,-0.015892157,0.160671219],""dof_velocity"":[-1.063242555,0.309288293,-0.794798434,1.535060406,1.180030227,-0.762240529,-0.73944813,0.309553802,-1.181381226,-1.857584,-1.020252824,-2.361735344,2.346219301,1.007344365,-1.140043736,0.982482135,-2.125489235,0.169006094,-3.187772751,0.686356843,1.10351336,0.698946774,1.19337213,-2.565618515,-0.724920928,-3.691363335,1.241173863,-0.280104458,2.884586573],""goal"":[-3.450000048,0.0,0.398381144],""robot_root_angular_velocity"":[0.913533032,-0.784323692,-0.816340148],""robot_root_linear_velocity"":[-0.336854547,-0.08322756,-0.455430776],""robot_root_pose"":[2.289811373,-0.001951792,0.791970432,-0.021171462,-0.003340123,0.999766707,0.002667698]}",official carrybox.pt,False,3|smooth_hold|+box_x|0.7|2.0,1448,0,82378,,,0,0,0.0,,,,,,,,,,,,,
official,T0157,legged_gym/resources/ckpt/carrybox.pt,3,smooth_hold,+box_x,0.9,0.5,0.1,0.15,0.15,1.125,9.932625,0.0,1,timeout,0,,,,0,0,4.000012397766113,65b3ca3da3b4fed74742e7742f51b170991cddfd,"{""box_angular_velocity"":[0.065279528,-0.104388289,0.200538158],""box_linear_velocity"":[-0.069472283,-0.000226536,-0.22056815],""box_mass"":1.125,""box_pose"":[0.548742473,-7.224e-06,0.132107496,-0.001243512,-6.7276e-05,0.902691185,-0.430287242],""dof_position"":[-0.146603137,0.04708875,0.020172426,0.262992918,-0.225283712,-0.010112701,-0.048153121,-0.102354668,0.029902428,0.329790801,-0.184990674,0.050723657,-0.053271219,-0.007040003,-0.002366869,-0.005494651,0.168986946,-0.0144693,1.214278221,0.08953993,0.119314954,0.049172137,-0.021819763,-0.049903084,0.004483589,1.170749784,-0.072441757,-0.01618439,0.160966918],""dof_velocity"":[-1.078764796,0.308028311,-0.807543457,1.536746025,1.188231468,-0.760668933,-0.752220392,0.307109207,-1.195692539,-1.864546061,-1.014771104,-2.360440254,2.349422455,1.012826443,-1.137371182,0.980682552,-2.086542368,0.180660978,-3.168968678,0.689441264,1.063561678,0.671994805,1.199653268,-2.57417655,-0.728176475,-3.691345215,1.243476152,-0.288155288,2.902099133],""goal"":[-3.450000048,0.0,0.398381144],""robot_root_angular_velocity"":[0.916179955,-0.789809227,-0.817331254],""robot_root_linear_velocity"":[-0.33236441,-0.083713122,-0.453683585],""robot_root_pose"":[2.289895773,-0.001958316,0.792001009,-0.021157146,-0.003355936,0.999766588,0.002782664]}",official carrybox.pt,False,3|smooth_hold|+box_x|0.9|0.5,6004,0,82741,,,0,0,0.0,,,,,,,,,,,,,
official,T0158,legged_gym/resources/ckpt/carrybox.pt,3,smooth_hold,+box_x,0.9,1.0,0.1,0.15,0.15,1.125,9.932624816894531,11.422519628218812,0,,1,1.693002700805664,1.8103713989257808,1.881269574165344,0,1,0.0392760783433914,bbc45e608862b6a74fab218e9cf888f212cd32da,"{""box_angular_velocity"":[0.0,0.0,0.0],""box_linear_velocity"":[0.0,0.0,-0.196175486],""box_mass"":1.125,""box_pose"":[0.549999952,0.0,0.132547736,0.0,0.0,0.903440475,-0.428713351],""dof_position"":[-0.146500841,0.047033228,0.020142149,0.262921005,-0.225358963,-0.010130201,-0.047929183,-0.102373153,0.029881055,0.32979393,-0.185163349,0.050720308,-0.053569146,-0.007076314,-0.002628669,-0.005689438,0.168055788,-0.014534873,1.214684129,0.089634404,0.119642608,0.050104354,-0.021878893,-0.049701914,0.004483263,1.170707226,-0.072597921,-0.015892157,0.160671219],""dof_velocity"":[-1.063242555,0.309288293,-0.794798434,1.535060406,1.180030227,-0.762240529,-0.73944813,0.309553802,-1.181381226,-1.857584,-1.020252824,-2.361735344,2.346219301,1.007344365,-1.140043736,0.982482135,-2.125489235,0.169006094,-3.187772751,0.686356843,1.10351336,0.698946774,1.19337213,-2.565618515,-0.724920928,-3.691363335,1.241173863,-0.280104458,2.884586573],""goal"":[-3.450000048,0.0,0.398381144],""robot_root_angular_velocity"":[0.913533032,-0.784323692,-0.816340148],""robot_root_linear_velocity"":[-0.336854547,-0.08322756,-0.455430776],""robot_root_pose"":[2.289811373,-0.001951792,0.791970432,-0.021171462,-0.003340123,0.999766707,0.002667698]}",official carrybox.pt,True,3|smooth_hold|+box_x|0.9|1.0,1436,1,84243,84437.0,194.0,260,660,11.422519628218812,9.932625770568848,0.8242424242424242,1.0,1.8672066926956177,0.3482613932059118,2.106274366378784,9.538653373718262,-0.9844012205503091,382.61920166015625,0.26906667514069177,0.9999999403953552,11.71910750050888,0.17168967163123658
official,T0159,legged_gym/resources/ckpt/carrybox.pt,3,smooth_hold,+box_x,0.9,2.0,0.1,0.15,0.15,1.125,9.932625,0.0,1,head_low,0,,,,0,0,4.000012397766113,bbc45e608862b6a74fab218e9cf888f212cd32da,"{""box_angular_velocity"":[0.0,0.0,0.0],""box_linear_velocity"":[0.0,0.0,-0.196175486],""box_mass"":1.125,""box_pose"":[0.549999952,0.0,0.132547736,0.0,0.0,0.903440475,-0.428713351],""dof_position"":[-0.146500841,0.047033228,0.020142149,0.262921005,-0.225358963,-0.010130201,-0.047929183,-0.102373153,0.029881055,0.32979393,-0.185163349,0.050720308,-0.053569146,-0.007076314,-0.002628669,-0.005689438,0.168055788,-0.014534873,1.214684129,0.089634404,0.119642608,0.050104354,-0.021878893,-0.049701914,0.004483263,1.170707226,-0.072597921,-0.015892157,0.160671219],""dof_velocity"":[-1.063242555,0.309288293,-0.794798434,1.535060406,1.180030227,-0.762240529,-0.73944813,0.309553802,-1.181381226,-1.857584,-1.020252824,-2.361735344,2.346219301,1.007344365,-1.140043736,0.982482135,-2.125489235,0.169006094,-3.187772751,0.686356843,1.10351336,0.698946774,1.19337213,-2.565618515,-0.724920928,-3.691363335,1.241173863,-0.280104458,2.884586573],""goal"":[-3.450000048,0.0,0.398381144],""robot_root_angular_velocity"":[0.913533032,-0.784323692,-0.816340148],""robot_root_linear_velocity"":[-0.336854547,-0.08322756,-0.455430776],""robot_root_pose"":[2.289811373,-0.001951792,0.791970432,-0.021171462,-0.003340123,0.999766707,0.002667698]}",official carrybox.pt,False,3|smooth_hold|+box_x|0.9|2.0,640,0,84603,,,0,0,0.0,,,,,,,,,,,,,
official,T0160,legged_gym/resources/ckpt/carrybox.pt,3,smooth_hold,+box_x,1.1,0.5,0.1,0.15,0.15,1.125,12.139875000000002,0.0,1,timeout,0,,,,0,0,4.000012397766113,daf23a14c7deae9be066e80b73dfc2c7455982f2,"{""box_angular_velocity"":[0.094006754,-0.076894917,0.214633584],""box_linear_velocity"":[-0.06917014,0.000147334,-0.221022055],""box_mass"":1.125,""box_pose"":[0.548747718,-6.45e-07,0.132098988,-0.001123334,-0.000416985,0.902639925,-0.430394828],""dof_position"":[-0.146604925,0.047084,0.0201678,0.262995392,-0.225276932,-0.010113948,-0.048151802,-0.102353096,0.029903056,0.329802543,-0.184986845,0.050722107,-0.053285316,-0.007040342,-0.002353979,-0.00550537,0.168974981,-0.014470533,1.214276791,0.089543171,0.119322851,0.049180917,-0.021763483,-0.049921375,0.004503645,1.170717835,-0.072426975,-0.01636729,0.161091596],""dof_velocity"":[-1.079032779,0.308004469,-0.807229936,1.53671968,1.188547254,-0.760727823,-0.752444327,0.307359904,-1.195259094,-1.864443421,-1.01392591,-2.3604877,2.348711967,1.01299274,-1.136952639,0.980684876,-2.08717227,0.180707633,-3.169825554,0.689538658,1.064180493,0.672210634,1.200217128,-2.574667692,-0.730075061,-3.689356327,1.241761088,-0.297473103,2.90642333],""goal"":[-3.450000048,0.0,0.398381144],""robot_root_angular_velocity"":[0.916041911,-0.789576173,-0.81662333],""robot_root_linear_velocity"":[-0.332216889,-0.083671153,-0.453671724],""robot_root_pose"":[2.289898634,-0.001957262,0.792001247,-0.021153077,-0.003354321,0.999766767,0.002773646]}",official carrybox.pt,False,3|smooth_hold|+box_x|1.1|0.5,6004,0,84764,,,0,0,0.0,,,,,,,,,,,,,
official,T0161,legged_gym/resources/ckpt/carrybox.pt,3,smooth_hold,+box_x,1.1,1.0,0.1,0.15,0.15,1.125,12.13987636566162,13.960857993983176,0,,1,1.7653309106826782,1.6948111057281494,1.9639393091201784,0,1,0.038290150463581,2d649cc2e56680518ea78c309f76afff87db08a9,"{""box_angular_velocity"":[0.097230218,-0.070039257,0.21578832],""box_linear_velocity"":[-0.06927634,0.0001916,-0.221139878],""box_mass"":1.125,""box_pose"":[0.548745811,9.3e-08,0.132096916,-0.00108099,-0.000467606,0.902636647,-0.430401832],""dof_position"":[-0.14660491,0.047076698,0.020166827,0.262993604,-0.225277722,-0.010113616,-0.048146121,-0.102358982,0.029901961,0.329802066,-0.184990913,0.050722774,-0.053291913,-0.007043664,-0.00236072,-0.005503345,0.168970704,-0.01447316,1.214280367,0.089545995,0.119322121,0.049184073,-0.021785852,-0.049902968,0.004497568,1.17072475,-0.072444186,-0.016309293,0.161094591],""dof_velocity"":[-1.078856707,0.307923347,-0.806787908,1.536647677,1.188361049,-0.760808587,-0.752251863,0.307339132,-1.194772959,-1.864358544,-1.013970733,-2.360564947,2.349005461,1.012986898,-1.137199283,0.980508804,-2.087479591,0.180563971,-3.169451475,0.689897537,1.064201832,0.672264099,1.20004487,-2.574111938,-0.729033411,-3.690351248,1.242188096,-0.294915855,2.906466007],""goal"":[-3.450000048,0.0,0.398381144],""robot_root_angular_velocity"":[0.915990353,-0.789595723,-0.816473007],""robot_root_linear_velocity"":[-0.332312942,-0.083737418,-0.453687489],""robot_root_pose"":[2.289897442,-0.001958187,0.792001247,-0.021153992,-0.003352865,0.999766707,0.002768842]}",official carrybox.pt,True,3|smooth_hold|+box_x|1.1|1.0,1524,1,86266,86482.0,216.0,260,660,13.960857993983176,12.13987636566162,0.7424242424242424,1.0,1.7866477966308594,0.46208800558339463,2.328700304031372,5.41129732131958,0.9304578200434194,448.1821594238281,0.2896100316348373,0.9999999403953552,7.7842718092781125,0.09064866442910867
official,T0162,legged_gym/resources/ckpt/carrybox.pt,3,smooth_hold,+box_x,1.1,2.0,0.1,0.15,0.15,1.125,12.139875000000002,0.0,1,timeout,0,,,,0,0,4.000012397766113,3357acc1898aa166c86afcb278ec841934c3146b,"{""box_angular_velocity"":[0.060624361,-0.106055729,0.210634485],""box_linear_velocity"":[-0.069450036,-0.000140496,-0.220573008],""box_mass"":1.125,""box_pose"":[0.548743546,-6.011e-06,0.132107556,-0.001245692,-3.1219e-05,0.902663589,-0.430345118],""dof_position"":[-0.146657541,0.047294412,0.020227667,0.262995213,-0.225279599,-0.010106369,-0.048352599,-0.102212504,0.029878212,0.329866678,-0.18496047,0.050741579,-0.053073969,-0.006640936,-0.002323106,-0.005534784,0.168837652,-0.014486006,1.214238405,0.089508794,0.119300842,0.049135007,-0.021958813,-0.049987085,0.004477682,1.170722365,-0.072511315,-0.016760746,0.161017373],""dof_velocity"":[-1.076144457,0.298837394,-0.820920289,1.533907294,1.192198873,-0.757787704,-0.740114629,0.29780817,-1.211492658,-1.876026869,-1.016144872,-2.358031273,2.337679386,1.016360283,-1.134396315,0.984252512,-2.087117672,0.18013753,-3.171575069,0.686959803,1.061996222,0.668932617,1.209640384,-2.584142208,-0.728567064,-3.698025227,1.234820127,-0.32397145,2.89662528],""goal"":[-3.450000048,0.0,0.398381144],""robot_root_angular_velocity"":[0.915054977,-0.786882937,-0.807386398],""robot_root_linear_velocity"":[-0.332950324,-0.084689513,-0.453613967],""robot_root_pose"":[2.28991127,-0.001991143,0.792004108,-0.021187166,-0.003457784,0.999765456,0.002874257]}",official carrybox.pt,False,3|smooth_hold|+box_x|1.1|2.0,6004,0,86648,,,0,0,0.0,,,,,,,,,,,,,
official,T0163,legged_gym/resources/ckpt/carrybox.pt,3,smooth_hold,-box_x,0.1,0.5,0.1,0.15,0.15,1.125,1.103625,0.0,1,timeout,0,,,,0,0,4.000012397766113,78f454b194c5934cc6769cb27793b7cc4d2a11d4,"{""box_angular_velocity"":[0.097091384,-0.070018195,0.21579361],""box_linear_velocity"":[-0.069265805,0.00019312,-0.221134707],""box_mass"":1.125,""box_pose"":[0.548746049,1.18e-07,0.132097006,-0.00108028,-0.000466852,0.902636528,-0.4304021],""dof_position"":[-0.14660579,0.047083128,0.020167621,0.26299566,-0.225276262,-0.010113996,-0.048152141,-0.102353476,0.029903453,0.329803139,-0.184986472,0.050721966,-0.053285964,-0.007041178,-0.002353279,-0.005506566,0.168973297,-0.014470831,1.214277148,0.089543633,0.119323686,0.049182668,-0.021762146,-0.049918674,0.004506626,1.170711756,-0.07243412,-0.016374949,0.161111951],""dof_velocity"":[-1.079086781,0.308005035,-0.80721128,1.53672123,1.188569546,-0.760733783,-0.752488136,0.307388783,-1.195209265,-1.864440084,-1.013870835,-2.360497236,2.348700047,1.013011575,-1.136926532,0.980655313,-2.087285995,0.180689991,-3.16989851,0.689563572,1.064249635,0.672270298,1.200094938,-2.574536562,-0.730064929,-3.689327478,1.241299152,-0.298110366,2.907218933],""goal"":[-3.450000048,0.0,0.398381144],""robot_root_angular_velocity"":[0.916034162,-0.789578617,-0.816583455],""robot_root_linear_velocity"":[-0.332197338,-0.083670184,-0.453672379],""robot_root_pose"":[2.289898872,-0.001957135,0.792001247,-0.021153126,-0.003353987,0.999766707,0.002773132]}",official carrybox.pt,False,3|smooth_hold|-box_x|0.1|0.5,6004,0,88150,,,0,0,0.0,,,,,,,,,,,,,
official,T0164,legged_gym/resources/ckpt/carrybox.pt,3,smooth_hold,-box_x,0.1,1.0,0.1,0.15,0.15,1.125,1.103625,0.0,1,head_low,0,,,,0,0,4.000256538391113,bbc45e608862b6a74fab218e9cf888f212cd32da,"{""box_angular_velocity"":[0.0,0.0,0.0],""box_linear_velocity"":[0.0,0.0,-0.196175486],""box_mass"":1.125,""box_pose"":[0.549999952,0.0,0.132547736,0.0,0.0,0.903440475,-0.428713351],""dof_position"":[-0.146500841,0.047033228,0.020142149,0.262921005,-0.225358963,-0.010130201,-0.047929183,-0.102373153,0.029881055,0.32979393,-0.185163349,0.050720308,-0.053569146,-0.007076314,-0.002628669,-0.005689438,0.168055788,-0.014534873,1.214684129,0.089634404,0.119642608,0.050104354,-0.021878893,-0.049701914,0.004483263,1.170707226,-0.072597921,-0.015892157,0.160671219],""dof_velocity"":[-1.063242555,0.309288293,-0.794798434,1.535060406,1.180030227,-0.762240529,-0.73944813,0.309553802,-1.181381226,-1.857584,-1.020252824,-2.361735344,2.346219301,1.007344365,-1.140043736,0.982482135,-2.125489235,0.169006094,-3.187772751,0.686356843,1.10351336,0.698946774,1.19337213,-2.565618515,-0.724920928,-3.691363335,1.241173863,-0.280104458,2.884586573],""goal"":[-3.450000048,0.0,0.398381144],""robot_root_angular_velocity"":[0.913533032,-0.784323692,-0.816340148],""robot_root_linear_velocity"":[-0.336854547,-0.08322756,-0.455430776],""robot_root_pose"":[2.289811373,-0.001951792,0.791970432,-0.021171462,-0.003340123,0.999766707,0.002667698]}",official carrybox.pt,False,3|smooth_hold|-box_x|0.1|1.0,688,0,89652,,,0,0,0.0,,,,,,,,,,,,,
official,T0165,legged_gym/resources/ckpt/carrybox.pt,3,smooth_hold,-box_x,0.1,2.0,0.1,0.15,0.15,1.125,1.103625,0.0,1,base_tilt,0,,,,0,0,4.000012397766113,73d418b79435acd28abb26c726d43e3100c0e712,"{""box_angular_velocity"":[-0.150009513,-0.495339453,-0.111263208],""box_linear_velocity"":[-0.017234793,-0.002887551,-0.199486002],""box_mass"":1.125,""box_pose"":[0.549655616,-5.5849e-05,0.132481217,-0.003835082,0.003195681,0.90391773,-0.427677304],""dof_position"":[-0.146326035,0.047296178,0.020220354,0.262949198,-0.225466594,-0.010136692,-0.047972854,-0.10218785,0.029929766,0.329791874,-0.185105771,0.050709318,-0.05330988,-0.006996322,-0.002536871,-0.005511156,0.168430641,-0.014484601,1.21456039,0.089549929,0.119494155,0.049792711,-0.021826224,-0.049914062,0.004508614,1.170853496,-0.072566092,-0.016092146,0.161176518],""dof_velocity"":[-1.066185594,0.313947111,-0.80982995,1.540216446,1.179880261,-0.758799613,-0.743205845,0.311127216,-1.197558761,-1.861022472,-1.020368934,-2.359030485,2.345130205,1.009194613,-1.144965291,0.987074077,-2.107675314,0.17402789,-3.175376177,0.683289349,1.085720778,0.690907121,1.198862076,-2.571486235,-0.728263974,-3.688992739,1.235284448,-0.282178819,2.90993166],""goal"":[-3.450000048,0.0,0.398381144],""robot_root_angular_velocity"":[0.918114126,-0.786908329,-0.821590483],""robot_root_linear_velocity"":[-0.336615354,-0.08226119,-0.455308318],""robot_root_pose"":[2.289819717,-0.001942864,0.791974366,-0.021133948,-0.003404988,0.999766827,0.002837958]}",official carrybox.pt,False,3|smooth_hold|-box_x|0.1|2.0,984,0,89825,,,0,0,0.0,,,,,,,,,,,,,
official,T0166,legged_gym/resources/ckpt/carrybox.pt,3,smooth_hold,-box_x,0.3,0.5,0.1,0.15,0.15,1.125,3.310875,0.0,1,head_low,0,,,,0,0,4.000012397766113,bbc45e608862b6a74fab218e9cf888f212cd32da,"{""box_angular_velocity"":[0.0,0.0,0.0],""box_linear_velocity"":[0.0,0.0,-0.196175486],""box_mass"":1.125,""box_pose"":[0.549999952,0.0,0.132547736,0.0,0.0,0.903440475,-0.428713351],""dof_position"":[-0.146500841,0.047033228,0.020142149,0.262921005,-0.225358963,-0.010130201,-0.047929183,-0.102373153,0.029881055,0.32979393,-0.185163349,0.050720308,-0.053569146,-0.007076314,-0.002628669,-0.005689438,0.168055788,-0.014534873,1.214684129,0.089634404,0.119642608,0.050104354,-0.021878893,-0.049701914,0.004483263,1.170707226,-0.072597921,-0.015892157,0.160671219],""dof_velocity"":[-1.063242555,0.309288293,-0.794798434,1.535060406,1.180030227,-0.762240529,-0.73944813,0.309553802,-1.181381226,-1.857584,-1.020252824,-2.361735344,2.346219301,1.007344365,-1.140043736,0.982482135,-2.125489235,0.169006094,-3.187772751,0.686356843,1.10351336,0.698946774,1.19337213,-2.565618515,-0.724920928,-3.691363335,1.241173863,-0.280104458,2.884586573],""goal"":[-3.450000048,0.0,0.398381144],""robot_root_angular_velocity"":[0.913533032,-0.784323692,-0.816340148],""robot_root_linear_velocity"":[-0.336854547,-0.08322756,-0.455430776],""robot_root_pose"":[2.289811373,-0.001951792,0.791970432,-0.021171462,-0.003340123,0.999766707,0.002667698]}",official carrybox.pt,False,3|smooth_hold|-box_x|0.3|0.5,700,0,90072,,,0,0,0.0,,,,,,,,,,,,,
official,T0167,legged_gym/resources/ckpt/carrybox.pt,3,smooth_hold,-box_x,0.3,1.0,0.1,0.15,0.15,1.125,3.310875,0.0,1,head_low,0,,,,0,0,4.005507469177246,425944e824b7e9510068bf503f75c12053de569d,"{""box_angular_velocity"":[0.065175518,-0.104507953,0.200617388],""box_linear_velocity"":[-0.06946139,-0.000224486,-0.220561847],""box_mass"":1.125,""box_pose"":[0.548742712,-7.192e-06,0.132107615,-0.001243261,-6.6139e-05,0.902691245,-0.430287123],""dof_position"":[-0.146603659,0.047095034,0.020173151,0.262994856,-0.225282282,-0.010113142,-0.048158512,-0.102349393,0.029903507,0.329791963,-0.184986576,0.050722867,-0.053265799,-0.007037419,-0.002359389,-0.005497809,0.16898939,-0.014467039,1.214274287,0.089537561,0.119316384,0.049170658,-0.021795021,-0.049920566,0.004492287,1.170738339,-0.072432436,-0.016250692,0.160987094],""dof_velocity"":[-1.078983188,0.308089316,-0.807939589,1.536821723,1.188435555,-0.760598481,-0.752440691,0.3071329,-1.19611299,-1.864604831,-1.014690161,-2.360372305,2.349104643,1.012829185,-1.137110114,0.980825663,-2.086340904,0.180788472,-3.169378281,0.689117849,1.06359303,0.671993136,1.199804544,-2.574684858,-0.729206324,-3.690296412,1.242561817,-0.291357279,2.90303731],""goal"":[-3.450000048,0.0,0.398381144],""robot_root_angular_velocity"":[0.916204333,-0.789785326,-0.817422509],""robot_root_linear_velocity"":[-0.332253397,-0.08364699,-0.453667015],""robot_root_pose"":[2.289898396,-0.001957312,0.792001843,-0.021156108,-0.00335721,0.999766588,0.002786797]}",official carrybox.pt,False,3|smooth_hold|-box_x|0.3|1.0,1580,0,90248,,,0,0,0.0,,,,,,,,,,,,,
official,T0168,legged_gym/resources/ckpt/carrybox.pt,3,smooth_hold,-box_x,0.3,2.0,0.1,0.15,0.15,1.125,3.310875,0.0,1,head_low,0,,,,0,0,4.000012397766113,3357acc1898aa166c86afcb278ec841934c3146b,"{""box_angular_velocity"":[0.060624361,-0.106055729,0.210634485],""box_linear_velocity"":[-0.069450036,-0.000140496,-0.220573008],""box_mass"":1.125,""box_pose"":[0.548743546,-6.011e-06,0.132107556,-0.001245692,-3.1219e-05,0.902663589,-0.430345118],""dof_position"":[-0.146657541,0.047294412,0.020227667,0.262995213,-0.225279599,-0.010106369,-0.048352599,-0.102212504,0.029878212,0.329866678,-0.18496047,0.050741579,-0.053073969,-0.006640936,-0.002323106,-0.005534784,0.168837652,-0.014486006,1.214238405,0.089508794,0.119300842,0.049135007,-0.021958813,-0.049987085,0.004477682,1.170722365,-0.072511315,-0.016760746,0.161017373],""dof_velocity"":[-1.076144457,0.298837394,-0.820920289,1.533907294,1.192198873,-0.757787704,-0.740114629,0.29780817,-1.211492658,-1.876026869,-1.016144872,-2.358031273,2.337679386,1.016360283,-1.134396315,0.984252512,-2.087117672,0.18013753,-3.171575069,0.686959803,1.061996222,0.668932617,1.209640384,-2.584142208,-0.728567064,-3.698025227,1.234820127,-0.32397145,2.89662528],""goal"":[-3.450000048,0.0,0.398381144],""robot_root_angular_velocity"":[0.915054977,-0.786882937,-0.807386398],""robot_root_linear_velocity"":[-0.332950324,-0.084689513,-0.453613967],""robot_root_pose"":[2.28991127,-0.001991143,0.792004108,-0.021187166,-0.003457784,0.999765456,0.002874257]}",official carrybox.pt,False,3|smooth_hold|-box_x|0.3|2.0,644,0,90644,,,0,0,0.0,,,,,,,,,,,,,
official,T0169,legged_gym/resources/ckpt/carrybox.pt,3,smooth_hold,-box_x,0.5,0.5,0.1,0.15,0.15,1.125,5.518125,0.0,1,head_low,0,,,,0,0,4.000012397766113,bbc45e608862b6a74fab218e9cf888f212cd32da,"{""box_angular_velocity"":[0.0,0.0,0.0],""box_linear_velocity"":[0.0,0.0,-0.196175486],""box_mass"":1.125,""box_pose"":[0.549999952,0.0,0.132547736,0.0,0.0,0.903440475,-0.428713351],""dof_position"":[-0.146500841,0.047033228,0.020142149,0.262921005,-0.225358963,-0.010130201,-0.047929183,-0.102373153,0.029881055,0.32979393,-0.185163349,0.050720308,-0.053569146,-0.007076314,-0.002628669,-0.005689438,0.168055788,-0.014534873,1.214684129,0.089634404,0.119642608,0.050104354,-0.021878893,-0.049701914,0.004483263,1.170707226,-0.072597921,-0.015892157,0.160671219],""dof_velocity"":[-1.063242555,0.309288293,-0.794798434,1.535060406,1.180030227,-0.762240529,-0.73944813,0.309553802,-1.181381226,-1.857584,-1.020252824,-2.361735344,2.346219301,1.007344365,-1.140043736,0.982482135,-2.125489235,0.169006094,-3.187772751,0.686356843,1.10351336,0.698946774,1.19337213,-2.565618515,-0.724920928,-3.691363335,1.241173863,-0.280104458,2.884586573],""goal"":[-3.450000048,0.0,0.398381144],""robot_root_angular_velocity"":[0.913533032,-0.784323692,-0.816340148],""robot_root_linear_velocity"":[-0.336854547,-0.08322756,-0.455430776],""robot_root_pose"":[2.289811373,-0.001951792,0.791970432,-0.021171462,-0.003340123,0.999766707,0.002667698]}",official carrybox.pt,False,3|smooth_hold|-box_x|0.5|0.5,616,0,90806,,,0,0,0.0,,,,,,,,,,,,,
official,T0170,legged_gym/resources/ckpt/carrybox.pt,3,smooth_hold,-box_x,0.5,1.0,0.1,0.15,0.15,1.125,5.518125,0.0,1,head_low,0,,,,0,0,4.00835657119751,bbc45e608862b6a74fab218e9cf888f212cd32da,"{""box_angular_velocity"":[0.0,0.0,0.0],""box_linear_velocity"":[0.0,0.0,-0.196175486],""box_mass"":1.125,""box_pose"":[0.549999952,0.0,0.132547736,0.0,0.0,0.903440475,-0.428713351],""dof_position"":[-0.146500841,0.047033228,0.020142149,0.262921005,-0.225358963,-0.010130201,-0.047929183,-0.102373153,0.029881055,0.32979393,-0.185163349,0.050720308,-0.053569146,-0.007076314,-0.002628669,-0.005689438,0.168055788,-0.014534873,1.214684129,0.089634404,0.119642608,0.050104354,-0.021878893,-0.049701914,0.004483263,1.170707226,-0.072597921,-0.015892157,0.160671219],""dof_velocity"":[-1.063242555,0.309288293,-0.794798434,1.535060406,1.180030227,-0.762240529,-0.73944813,0.309553802,-1.181381226,-1.857584,-1.020252824,-2.361735344,2.346219301,1.007344365,-1.140043736,0.982482135,-2.125489235,0.169006094,-3.187772751,0.686356843,1.10351336,0.698946774,1.19337213,-2.565618515,-0.724920928,-3.691363335,1.241173863,-0.280104458,2.884586573],""goal"":[-3.450000048,0.0,0.398381144],""robot_root_angular_velocity"":[0.913533032,-0.784323692,-0.816340148],""robot_root_linear_velocity"":[-0.336854547,-0.08322756,-0.455430776],""robot_root_pose"":[2.289811373,-0.001951792,0.791970432,-0.021171462,-0.003340123,0.999766707,0.002667698]}",official carrybox.pt,False,3|smooth_hold|-box_x|0.5|1.0,604,0,90961,,,0,0,0.0,,,,,,,,,,,,,
official,T0171,legged_gym/resources/ckpt/carrybox.pt,3,smooth_hold,-box_x,0.5,2.0,0.1,0.15,0.15,1.125,5.518125,0.0,1,head_low,0,,,,0,0,4.00835657119751,425944e824b7e9510068bf503f75c12053de569d,"{""box_angular_velocity"":[0.065175518,-0.104507953,0.200617388],""box_linear_velocity"":[-0.06946139,-0.000224486,-0.220561847],""box_mass"":1.125,""box_pose"":[0.548742712,-7.192e-06,0.132107615,-0.001243261,-6.6139e-05,0.902691245,-0.430287123],""dof_position"":[-0.146603659,0.047095034,0.020173151,0.262994856,-0.225282282,-0.010113142,-0.048158512,-0.102349393,0.029903507,0.329791963,-0.184986576,0.050722867,-0.053265799,-0.007037419,-0.002359389,-0.005497809,0.16898939,-0.014467039,1.214274287,0.089537561,0.119316384,0.049170658,-0.021795021,-0.049920566,0.004492287,1.170738339,-0.072432436,-0.016250692,0.160987094],""dof_velocity"":[-1.078983188,0.308089316,-0.807939589,1.536821723,1.188435555,-0.760598481,-0.752440691,0.3071329,-1.19611299,-1.864604831,-1.014690161,-2.360372305,2.349104643,1.012829185,-1.137110114,0.980825663,-2.086340904,0.180788472,-3.169378281,0.689117849,1.06359303,0.671993136,1.199804544,-2.574684858,-0.729206324,-3.690296412,1.242561817,-0.291357279,2.90303731],""goal"":[-3.450000048,0.0,0.398381144],""robot_root_angular_velocity"":[0.916204333,-0.789785326,-0.817422509],""robot_root_linear_velocity"":[-0.332253397,-0.08364699,-0.453667015],""robot_root_pose"":[2.289898396,-0.001957312,0.792001843,-0.021156108,-0.00335721,0.999766588,0.002786797]}",official carrybox.pt,False,3|smooth_hold|-box_x|0.5|2.0,604,0,91113,,,0,0,0.0,,,,,,,,,,,,,
official,T0172,legged_gym/resources/ckpt/carrybox.pt,3,smooth_hold,-box_x,0.7,0.5,0.1,0.15,0.15,1.125,7.725375,0.0,1,timeout,0,,,,0,0,4.000012397766113,bbc45e608862b6a74fab218e9cf888f212cd32da,"{""box_angular_velocity"":[0.0,0.0,0.0],""box_linear_velocity"":[0.0,0.0,-0.196175486],""box_mass"":1.125,""box_pose"":[0.549999952,0.0,0.132547736,0.0,0.0,0.903440475,-0.428713351],""dof_position"":[-0.146500841,0.047033228,0.020142149,0.262921005,-0.225358963,-0.010130201,-0.047929183,-0.102373153,0.029881055,0.32979393,-0.185163349,0.050720308,-0.053569146,-0.007076314,-0.002628669,-0.005689438,0.168055788,-0.014534873,1.214684129,0.089634404,0.119642608,0.050104354,-0.021878893,-0.049701914,0.004483263,1.170707226,-0.072597921,-0.015892157,0.160671219],""dof_velocity"":[-1.063242555,0.309288293,-0.794798434,1.535060406,1.180030227,-0.762240529,-0.73944813,0.309553802,-1.181381226,-1.857584,-1.020252824,-2.361735344,2.346219301,1.007344365,-1.140043736,0.982482135,-2.125489235,0.169006094,-3.187772751,0.686356843,1.10351336,0.698946774,1.19337213,-2.565618515,-0.724920928,-3.691363335,1.241173863,-0.280104458,2.884586573],""goal"":[-3.450000048,0.0,0.398381144],""robot_root_angular_velocity"":[0.913533032,-0.784323692,-0.816340148],""robot_root_linear_velocity"":[-0.336854547,-0.08322756,-0.455430776],""robot_root_pose"":[2.289811373,-0.001951792,0.791970432,-0.021171462,-0.003340123,0.999766707,0.002667698]}",official carrybox.pt,False,3|smooth_hold|-box_x|0.7|0.5,6004,0,91265,,,0,0,0.0,,,,,,,,,,,,,
official,T0173,legged_gym/resources/ckpt/carrybox.pt,3,smooth_hold,-box_x,0.7,1.0,0.1,0.15,0.15,1.125,7.725375,0.0,1,other,0,,,,0,0,4.000012397766113,425944e824b7e9510068bf503f75c12053de569d,"{""box_angular_velocity"":[0.065175518,-0.104507953,0.200617388],""box_linear_velocity"":[-0.06946139,-0.000224486,-0.220561847],""box_mass"":1.125,""box_pose"":[0.548742712,-7.192e-06,0.132107615,-0.001243261,-6.6139e-05,0.902691245,-0.430287123],""dof_position"":[-0.146603659,0.047095034,0.020173151,0.262994856,-0.225282282,-0.010113142,-0.048158512,-0.102349393,0.029903507,0.329791963,-0.184986576,0.050722867,-0.053265799,-0.007037419,-0.002359389,-0.005497809,0.16898939,-0.014467039,1.214274287,0.089537561,0.119316384,0.049170658,-0.021795021,-0.049920566,0.004492287,1.170738339,-0.072432436,-0.016250692,0.160987094],""dof_velocity"":[-1.078983188,0.308089316,-0.807939589,1.536821723,1.188435555,-0.760598481,-0.752440691,0.3071329,-1.19611299,-1.864604831,-1.014690161,-2.360372305,2.349104643,1.012829185,-1.137110114,0.980825663,-2.086340904,0.180788472,-3.169378281,0.689117849,1.06359303,0.671993136,1.199804544,-2.574684858,-0.729206324,-3.690296412,1.242561817,-0.291357279,2.90303731],""goal"":[-3.450000048,0.0,0.398381144],""robot_root_angular_velocity"":[0.916204333,-0.789785326,-0.817422509],""robot_root_linear_velocity"":[-0.332253397,-0.08364699,-0.453667015],""robot_root_pose"":[2.289898396,-0.001957312,0.792001843,-0.021156108,-0.00335721,0.999766588,0.002786797]}",official carrybox.pt,False,3|smooth_hold|-box_x|0.7|1.0,700,0,92767,,,0,0,0.0,,,,,,,,,,,,,
official,T0174,legged_gym/resources/ckpt/carrybox.pt,3,smooth_hold,-box_x,0.7,2.0,0.1,0.15,0.15,1.125,7.725375,0.0,1,timeout,0,,,,0,0,4.000012397766113,bbc45e608862b6a74fab218e9cf888f212cd32da,"{""box_angular_velocity"":[0.0,0.0,0.0],""box_linear_velocity"":[0.0,0.0,-0.196175486],""box_mass"":1.125,""box_pose"":[0.549999952,0.0,0.132547736,0.0,0.0,0.903440475,-0.428713351],""dof_position"":[-0.146500841,0.047033228,0.020142149,0.262921005,-0.225358963,-0.010130201,-0.047929183,-0.102373153,0.029881055,0.32979393,-0.185163349,0.050720308,-0.053569146,-0.007076314,-0.002628669,-0.005689438,0.168055788,-0.014534873,1.214684129,0.089634404,0.119642608,0.050104354,-0.021878893,-0.049701914,0.004483263,1.170707226,-0.072597921,-0.015892157,0.160671219],""dof_velocity"":[-1.063242555,0.309288293,-0.794798434,1.535060406,1.180030227,-0.762240529,-0.73944813,0.309553802,-1.181381226,-1.857584,-1.020252824,-2.361735344,2.346219301,1.007344365,-1.140043736,0.982482135,-2.125489235,0.169006094,-3.187772751,0.686356843,1.10351336,0.698946774,1.19337213,-2.565618515,-0.724920928,-3.691363335,1.241173863,-0.280104458,2.884586573],""goal"":[-3.450000048,0.0,0.398381144],""robot_root_angular_velocity"":[0.913533032,-0.784323692,-0.816340148],""robot_root_linear_velocity"":[-0.336854547,-0.08322756,-0.455430776],""robot_root_pose"":[2.289811373,-0.001951792,0.791970432,-0.021171462,-0.003340123,0.999766707,0.002667698]}",official carrybox.pt,False,3|smooth_hold|-box_x|0.7|2.0,6004,0,92943,,,0,0,0.0,,,,,,,,,,,,,
official,T0175,legged_gym/resources/ckpt/carrybox.pt,3,smooth_hold,-box_x,0.9,0.5,0.1,0.15,0.15,1.125,9.932625,0.0,1,other,0,,,,0,0,4.004863739013672,dbcb48f2e77d8b939796b72fdee970253d2a360f,"{""box_angular_velocity"":[0.076250792,-0.126390487,0.022719231],""box_linear_velocity"":[-0.064994454,-0.002547674,-0.218516201],""box_mass"":1.125,""box_pose"":[0.548819542,-5.0664e-05,0.132143661,-0.001556688,-0.000117884,0.903424919,-0.428743273],""dof_position"":[-0.146592721,0.047079708,0.020211505,0.262989253,-0.225306705,-0.010129824,-0.048171267,-0.102375098,0.029942047,0.329797179,-0.185000077,0.05070895,-0.053360231,-0.00717374,-0.002386146,-0.005675733,0.168444127,-0.014469581,1.214447856,0.089531064,0.119532481,0.049824454,-0.021729514,-0.049817987,0.004538488,1.17068541,-0.072537392,-0.016419318,0.160839513],""dof_velocity"":[-1.077562928,0.309002966,-0.805681765,1.536244631,1.187197447,-0.761365831,-0.752981126,0.307416081,-1.193531632,-1.865148425,-1.014026642,-2.361211061,2.343670845,1.00613153,-1.137871504,0.983397603,-2.10981822,0.173997119,-3.185038805,0.681265891,1.086626887,0.693397641,1.198498726,-2.569531918,-0.729045749,-3.686065435,1.235629082,-0.301594764,2.897109032],""goal"":[-3.450000048,0.0,0.398381144],""robot_root_angular_velocity"":[0.914218724,-0.790764093,-0.820995986],""robot_root_linear_velocity"":[-0.332880557,-0.08272586,-0.454528779],""robot_root_pose"":[2.289887905,-0.001939347,0.791987479,-0.021165919,-0.003329387,0.999766469,0.002807454]}",official carrybox.pt,False,3|smooth_hold|-box_x|0.9|0.5,768,0,94445,,,0,0,0.0,,,,,,,,,,,,,
official,T0176,legged_gym/resources/ckpt/carrybox.pt,3,smooth_hold,-box_x,0.9,1.0,0.1,0.15,0.15,1.125,9.932624816894531,11.422518647573463,0,,1,1.61708402633667,-0.421018123626709,-0.2677881717681885,0,1,0.04069759324193,bbc45e608862b6a74fab218e9cf888f212cd32da,"{""box_angular_velocity"":[0.0,0.0,0.0],""box_linear_velocity"":[0.0,0.0,-0.196175486],""box_mass"":1.125,""box_pose"":[0.549999952,0.0,0.132547736,0.0,0.0,0.903440475,-0.428713351],""dof_position"":[-0.146500841,0.047033228,0.020142149,0.262921005,-0.225358963,-0.010130201,-0.047929183,-0.102373153,0.029881055,0.32979393,-0.185163349,0.050720308,-0.053569146,-0.007076314,-0.002628669,-0.005689438,0.168055788,-0.014534873,1.214684129,0.089634404,0.119642608,0.050104354,-0.021878893,-0.049701914,0.004483263,1.170707226,-0.072597921,-0.015892157,0.160671219],""dof_velocity"":[-1.063242555,0.309288293,-0.794798434,1.535060406,1.180030227,-0.762240529,-0.73944813,0.309553802,-1.181381226,-1.857584,-1.020252824,-2.361735344,2.346219301,1.007344365,-1.140043736,0.982482135,-2.125489235,0.169006094,-3.187772751,0.686356843,1.10351336,0.698946774,1.19337213,-2.565618515,-0.724920928,-3.691363335,1.241173863,-0.280104458,2.884586573],""goal"":[-3.450000048,0.0,0.398381144],""robot_root_angular_velocity"":[0.913533032,-0.784323692,-0.816340148],""robot_root_linear_velocity"":[-0.336854547,-0.08322756,-0.455430776],""robot_root_pose"":[2.289811373,-0.001951792,0.791970432,-0.021171462,-0.003340123,0.999766707,0.002667698]}",official carrybox.pt,True,3|smooth_hold|-box_x|0.9|1.0,2660,1,94638,95138.0,500.0,260,660,11.422518647573463,9.932624816894531,0.21363636363636362,1.0,1.6594834327697754,0.5839410316311952,1.5085574388504028,6.080129146575928,-0.33677590738869073,6.87748908996582,0.8139070276895037,1.0,1.9931074306820378,0.10188154937702965
official,T0177,legged_gym/resources/ckpt/carrybox.pt,3,smooth_hold,-box_x,0.9,2.0,0.1,0.15,0.15,1.125,9.932625,0.0,1,timeout,0,,,,0,0,4.000012397766113,3e2113374151ef29d79f16504636989cd329c572,"{""box_angular_velocity"":[0.076207697,-0.126442075,0.022870194],""box_linear_velocity"":[-0.064997904,-0.002546666,-0.218517736],""box_mass"":1.125,""box_pose"":[0.548819482,-5.0648e-05,0.132143632,-0.001556944,-0.000117207,0.903424561,-0.428744256],""dof_position"":[-0.146592185,0.047083899,0.020207802,0.262988001,-0.225306928,-0.01012966,-0.048168838,-0.10237059,0.029937301,0.329799056,-0.185002148,0.050709587,-0.053361267,-0.007163179,-0.002389744,-0.005674712,0.168439895,-0.014472061,1.214449167,0.089534394,0.119532213,0.049822278,-0.021750893,-0.049817454,0.004533441,1.170681119,-0.072513558,-0.016334776,0.160834536],""dof_velocity"":[-1.077490449,0.309053183,-0.805502892,1.536068916,1.187205315,-0.761336088,-0.75296551,0.307456911,-1.193412066,-1.865124822,-1.013970375,-2.36116457,2.343940496,1.006304383,-1.13823235,0.983425617,-2.109875441,0.17393814,-3.184903622,0.681602418,1.086636662,0.693193555,1.197999477,-2.569416046,-0.729077578,-3.686237574,1.236766577,-0.29870522,2.896772146],""goal"":[-3.450000048,0.0,0.398381144],""robot_root_angular_velocity"":[0.914264858,-0.790865541,-0.820833325],""robot_root_linear_velocity"":[-0.332963854,-0.08272855,-0.45453918],""robot_root_pose"":[2.289886951,-0.001939956,0.791987062,-0.02116715,-0.00333223,0.999766469,0.002804005]}",official carrybox.pt,False,3|smooth_hold|-box_x|0.9|2.0,6004,0,95304,,,0,0,0.0,,,,,,,,,,,,,
official,T0178,legged_gym/resources/ckpt/carrybox.pt,3,smooth_hold,-box_x,1.1,0.5,0.1,0.15,0.15,1.125,12.139875000000002,0.0,1,timeout,0,,,,0,0,4.000012397766113,656499c7737269bbf99659f8a1e472b972be2dec,"{""box_angular_velocity"":[0.065278083,-0.104395993,0.200537011],""box_linear_velocity"":[-0.069472849,-0.000226621,-0.220568269],""box_mass"":1.125,""box_pose"":[0.548742473,-7.226e-06,0.132107496,-0.001243555,-6.7233e-05,0.902691185,-0.430287242],""dof_position"":[-0.146603167,0.047088746,0.020172425,0.262992918,-0.225283712,-0.010112696,-0.048153121,-0.102354668,0.029902421,0.329790801,-0.184990674,0.050723653,-0.05327123,-0.007040003,-0.002366861,-0.005494672,0.168986946,-0.014469297,1.21427834,0.08953993,0.119314909,0.049172137,-0.021819754,-0.049903102,0.004483583,1.170749784,-0.072441772,-0.016184391,0.160966843],""dof_velocity"":[-1.078763843,0.308026761,-0.807544768,1.536745071,1.188232183,-0.760668635,-0.752218544,0.307107925,-1.195693612,-1.864547849,-1.014770508,-2.360440493,2.349421263,1.012825608,-1.137369514,0.980680466,-2.086541891,0.18066138,-3.168963432,0.689441264,1.063557506,0.671995103,1.199653745,-2.574178219,-0.728176773,-3.69134593,1.24347508,-0.288153946,2.902095795],""goal"":[-3.450000048,0.0,0.398381144],""robot_root_angular_velocity"":[0.916179121,-0.789807796,-0.817330301],""robot_root_linear_velocity"":[-0.33236438,-0.083713159,-0.453683645],""robot_root_pose"":[2.289895773,-0.001958312,0.792001009,-0.02115714,-0.003355937,0.999766588,0.002782667]}",official carrybox.pt,False,3|smooth_hold|-box_x|1.1|0.5,6004,0,96806,,,0,0,0.0,,,,,,,,,,,,,
official,T0179,legged_gym/resources/ckpt/carrybox.pt,3,smooth_hold,-box_x,1.1,1.0,0.1,0.15,0.15,1.125,12.139875000000002,0.0,1,head_low,0,,,,0,0,4.00835657119751,bbc45e608862b6a74fab218e9cf888f212cd32da,"{""box_angular_velocity"":[0.0,0.0,0.0],""box_linear_velocity"":[0.0,0.0,-0.196175486],""box_mass"":1.125,""box_pose"":[0.549999952,0.0,0.132547736,0.0,0.0,0.903440475,-0.428713351],""dof_position"":[-0.146500841,0.047033228,0.020142149,0.262921005,-0.225358963,-0.010130201,-0.047929183,-0.102373153,0.029881055,0.32979393,-0.185163349,0.050720308,-0.053569146,-0.007076314,-0.002628669,-0.005689438,0.168055788,-0.014534873,1.214684129,0.089634404,0.119642608,0.050104354,-0.021878893,-0.049701914,0.004483263,1.170707226,-0.072597921,-0.015892157,0.160671219],""dof_velocity"":[-1.063242555,0.309288293,-0.794798434,1.535060406,1.180030227,-0.762240529,-0.73944813,0.309553802,-1.181381226,-1.857584,-1.020252824,-2.361735344,2.346219301,1.007344365,-1.140043736,0.982482135,-2.125489235,0.169006094,-3.187772751,0.686356843,1.10351336,0.698946774,1.19337213,-2.565618515,-0.724920928,-3.691363335,1.241173863,-0.280104458,2.884586573],""goal"":[-3.450000048,0.0,0.398381144],""robot_root_angular_velocity"":[0.913533032,-0.784323692,-0.816340148],""robot_root_linear_velocity"":[-0.336854547,-0.08322756,-0.455430776],""robot_root_pose"":[2.289811373,-0.001951792,0.791970432,-0.021171462,-0.003340123,0.999766707,0.002667698]}",official carrybox.pt,False,3|smooth_hold|-box_x|1.1|1.0,604,0,98308,,,0,0,0.0,,,,,,,,,,,,,
official,T0180,legged_gym/resources/ckpt/carrybox.pt,3,smooth_hold,-box_x,1.1,2.0,0.1,0.15,0.15,1.125,12.139875000000002,0.0,1,head_low,0,,,,0,0,4.000012397766113,335308ea98e67657bbe36ff8355a86ed87821451,"{""box_angular_velocity"":[0.097091414,-0.070018813,0.21579352],""box_linear_velocity"":[-0.069265805,0.000193116,-0.221134663],""box_mass"":1.125,""box_pose"":[0.548746049,1.18e-07,0.132097006,-0.001080284,-0.000466849,0.902636528,-0.4304021],""dof_position"":[-0.14660576,0.047083132,0.020167626,0.26299566,-0.225276262,-0.010113996,-0.04815216,-0.102353469,0.029903453,0.329803169,-0.184986472,0.050721973,-0.05328596,-0.007041152,-0.002353282,-0.005506558,0.168973267,-0.014470829,1.214277148,0.089543618,0.119323678,0.049182661,-0.021762153,-0.049918674,0.004506625,1.170711756,-0.072434112,-0.016374959,0.161111906],""dof_velocity"":[-1.079087257,0.308006257,-0.807211399,1.536721349,1.188570023,-0.760733724,-0.75248903,0.307389975,-1.195209026,-1.86444068,-1.013868928,-2.360497236,2.348699808,1.013014555,-1.136925697,0.980655253,-2.087286949,0.180689752,-3.169897795,0.689563036,1.064248919,0.672270119,1.20009315,-2.574539185,-0.730065644,-3.689326763,1.241298556,-0.298111379,2.907208204],""goal"":[-3.450000048,0.0,0.398381144],""robot_root_angular_velocity"":[0.916035652,-0.789578974,-0.816583872],""robot_root_linear_velocity"":[-0.33219707,-0.083670378,-0.453672349],""robot_root_pose"":[2.289898872,-0.001957134,0.792001247,-0.021153126,-0.003353987,0.999766707,0.00277313]}",official carrybox.pt,False,3|smooth_hold|-box_x|1.1|2.0,596,0,98460,,,0,0,0.0,,,,,,,,,,,,,
official,T0181,legged_gym/resources/ckpt/carrybox.pt,3,smooth_hold,+box_y,0.1,0.5,0.1,0.15,0.15,1.125,1.103625,0.0,1,head_low,0,,,,0,0,4.000256538391113,bbc45e608862b6a74fab218e9cf888f212cd32da,"{""box_angular_velocity"":[0.0,0.0,0.0],""box_linear_velocity"":[0.0,0.0,-0.196175486],""box_mass"":1.125,""box_pose"":[0.549999952,0.0,0.132547736,0.0,0.0,0.903440475,-0.428713351],""dof_position"":[-0.146500841,0.047033228,0.020142149,0.262921005,-0.225358963,-0.010130201,-0.047929183,-0.102373153,0.029881055,0.32979393,-0.185163349,0.050720308,-0.053569146,-0.007076314,-0.002628669,-0.005689438,0.168055788,-0.014534873,1.214684129,0.089634404,0.119642608,0.050104354,-0.021878893,-0.049701914,0.004483263,1.170707226,-0.072597921,-0.015892157,0.160671219],""dof_velocity"":[-1.063242555,0.309288293,-0.794798434,1.535060406,1.180030227,-0.762240529,-0.73944813,0.309553802,-1.181381226,-1.857584,-1.020252824,-2.361735344,2.346219301,1.007344365,-1.140043736,0.982482135,-2.125489235,0.169006094,-3.187772751,0.686356843,1.10351336,0.698946774,1.19337213,-2.565618515,-0.724920928,-3.691363335,1.241173863,-0.280104458,2.884586573],""goal"":[-3.450000048,0.0,0.398381144],""robot_root_angular_velocity"":[0.913533032,-0.784323692,-0.816340148],""robot_root_linear_velocity"":[-0.336854547,-0.08322756,-0.455430776],""robot_root_pose"":[2.289811373,-0.001951792,0.791970432,-0.021171462,-0.003340123,0.999766707,0.002667698]}",official carrybox.pt,False,3|smooth_hold|+box_y|0.1|0.5,688,0,98610,,,0,0,0.0,,,,,,,,,,,,,
official,T0182,legged_gym/resources/ckpt/carrybox.pt,3,smooth_hold,+box_y,0.1,1.0,0.1,0.15,0.15,1.125,1.103625,0.0,1,timeout,0,,,,0,0,4.000012397766113,bbc45e608862b6a74fab218e9cf888f212cd32da,"{""box_angular_velocity"":[0.0,0.0,0.0],""box_linear_velocity"":[0.0,0.0,-0.196175486],""box_mass"":1.125,""box_pose"":[0.549999952,0.0,0.132547736,0.0,0.0,0.903440475,-0.428713351],""dof_position"":[-0.146500841,0.047033228,0.020142149,0.262921005,-0.225358963,-0.010130201,-0.047929183,-0.102373153,0.029881055,0.32979393,-0.185163349,0.050720308,-0.053569146,-0.007076314,-0.002628669,-0.005689438,0.168055788,-0.014534873,1.214684129,0.089634404,0.119642608,0.050104354,-0.021878893,-0.049701914,0.004483263,1.170707226,-0.072597921,-0.015892157,0.160671219],""dof_velocity"":[-1.063242555,0.309288293,-0.794798434,1.535060406,1.180030227,-0.762240529,-0.73944813,0.309553802,-1.181381226,-1.857584,-1.020252824,-2.361735344,2.346219301,1.007344365,-1.140043736,0.982482135,-2.125489235,0.169006094,-3.187772751,0.686356843,1.10351336,0.698946774,1.19337213,-2.565618515,-0.724920928,-3.691363335,1.241173863,-0.280104458,2.884586573],""goal"":[-3.450000048,0.0,0.398381144],""robot_root_angular_velocity"":[0.913533032,-0.784323692,-0.816340148],""robot_root_linear_velocity"":[-0.336854547,-0.08322756,-0.455430776],""robot_root_pose"":[2.289811373,-0.001951792,0.791970432,-0.021171462,-0.003340123,0.999766707,0.002667698]}",official carrybox.pt,False,3|smooth_hold|+box_y|0.1|1.0,6004,0,98783,,,0,0,0.0,,,,,,,,,,,,,
official,T0183,legged_gym/resources/ckpt/carrybox.pt,3,smooth_hold,+box_y,0.1,2.0,0.1,0.15,0.15,1.125,1.1036250591278076,2.372793889781013,0,,1,1.9679712057113647,-0.7215926647186279,-0.8953176140785217,0,1,0.0185439214110374,8d7f5f3c0411fe95ace296d21e373e031da5289c,"{""box_angular_velocity"":[-0.170314685,-0.134877637,-0.188566804],""box_linear_velocity"":[-0.059874095,-0.003195193,-0.217434347],""box_mass"":1.125,""box_pose"":[0.548919737,-6.0662e-05,0.132166654,-0.00065614,0.001907437,0.904178798,-0.427149355],""dof_position"":[-0.146516383,0.047301218,0.020192567,0.262966782,-0.225331947,-0.010134964,-0.048084453,-0.102175094,0.029881729,0.32982105,-0.185051993,0.050718021,-0.053370383,-0.006939616,-0.002376671,-0.005606497,0.168518126,-0.014490074,1.214422584,0.089537986,0.119484469,0.049683306,-0.021777991,-0.049996607,0.004513917,1.170658708,-0.072500184,-0.016372273,0.161156774],""dof_velocity"":[-1.077620506,0.313730121,-0.806508839,1.535770535,1.187162638,-0.758969963,-0.753050327,0.311127961,-1.195498109,-1.86156559,-1.016638637,-2.358945608,2.343882799,1.010672331,-1.14287138,0.984240353,-2.103874207,0.17548205,-3.179208994,0.68520087,1.081239462,0.687288463,1.199986339,-2.574881077,-0.731844306,-3.690366983,1.235156536,-0.300325811,2.907564163],""goal"":[-3.450000048,0.0,0.398381144],""robot_root_angular_velocity"":[0.918359578,-0.791803122,-0.817752421],""robot_root_linear_velocity"":[-0.333465874,-0.082671501,-0.454756379],""robot_root_pose"":[2.28987813,-0.001951802,0.791984022,-0.021145253,-0.003421983,0.999766707,0.002780508]}",official carrybox.pt,True,3|smooth_hold|+box_y|0.1|2.0,1772,1,100285,100513.0,228.0,460,860,2.372793889781013,1.1036250591278076,0.641860465116279,1.0,1.9846135377883911,0.4138168744482966,2.0536391735076904,7.5522003173828125,-8.034739988557128,70.12486267089844,0.47439378944420535,0.9999999403953552,10.522159557001189,0.1895712281273222
official,T0184,legged_gym/resources/ckpt/carrybox.pt,3,smooth_hold,+box_y,0.3,0.5,0.1,0.15,0.15,1.125,3.310875,0.0,1,timeout,0,,,,0,0,4.000012397766113,65b3ca3da3b4fed74742e7742f51b170991cddfd,"{""box_angular_velocity"":[0.065279528,-0.104388289,0.200538158],""box_linear_velocity"":[-0.069472283,-0.000226536,-0.22056815],""box_mass"":1.125,""box_pose"":[0.548742473,-7.224e-06,0.132107496,-0.001243512,-6.7276e-05,0.902691185,-0.430287242],""dof_position"":[-0.146603137,0.04708875,0.020172426,0.262992918,-0.225283712,-0.010112701,-0.048153121,-0.102354668,0.029902428,0.329790801,-0.184990674,0.050723657,-0.053271219,-0.007040003,-0.002366869,-0.005494651,0.168986946,-0.0144693,1.214278221,0.08953993,0.119314954,0.049172137,-0.021819763,-0.049903084,0.004483589,1.170749784,-0.072441757,-0.01618439,0.160966918],""dof_velocity"":[-1.078764796,0.308028311,-0.807543457,1.536746025,1.188231468,-0.760668933,-0.752220392,0.307109207,-1.195692539,-1.864546061,-1.014771104,-2.360440254,2.349422455,1.012826443,-1.137371182,0.980682552,-2.086542368,0.180660978,-3.168968678,0.689441264,1.063561678,0.671994805,1.199653268,-2.57417655,-0.728176475,-3.691345215,1.243476152,-0.288155288,2.902099133],""goal"":[-3.450000048,0.0,0.398381144],""robot_root_angular_velocity"":[0.916179955,-0.789809227,-0.817331254],""robot_root_linear_velocity"":[-0.33236441,-0.083713122,-0.453683585],""robot_root_pose"":[2.289895773,-0.001958316,0.792001009,-0.021157146,-0.003355936,0.999766588,0.002782664]}",official carrybox.pt,False,3|smooth_hold|+box_y|0.3|0.5,6004,0,100729,,,0,0,0.0,,,,,,,,,,,,,
official,T0185,legged_gym/resources/ckpt/carrybox.pt,3,smooth_hold,+box_y,0.3,1.0,0.1,0.15,0.15,1.125,3.310875177383423,3.807506486296021,0,,1,1.6870554685592651,-0.7218277454376221,-0.8301140069961548,0,1,0.0498743914067745,bbc45e608862b6a74fab218e9cf888f212cd32da,"{""box_angular_velocity"":[0.0,0.0,0.0],""box_linear_velocity"":[0.0,0.0,-0.196175486],""box_mass"":1.125,""box_pose"":[0.549999952,0.0,0.132547736,0.0,0.0,0.903440475,-0.428713351],""dof_position"":[-0.146500841,0.047033228,0.020142149,0.262921005,-0.225358963,-0.010130201,-0.047929183,-0.102373153,0.029881055,0.32979393,-0.185163349,0.050720308,-0.053569146,-0.007076314,-0.002628669,-0.005689438,0.168055788,-0.014534873,1.214684129,0.089634404,0.119642608,0.050104354,-0.021878893,-0.049701914,0.004483263,1.170707226,-0.072597921,-0.015892157,0.160671219],""dof_velocity"":[-1.063242555,0.309288293,-0.794798434,1.535060406,1.180030227,-0.762240529,-0.73944813,0.309553802,-1.181381226,-1.857584,-1.020252824,-2.361735344,2.346219301,1.007344365,-1.140043736,0.982482135,-2.125489235,0.169006094,-3.187772751,0.686356843,1.10351336,0.698946774,1.19337213,-2.565618515,-0.724920928,-3.691363335,1.241173863,-0.280104458,2.884586573],""goal"":[-3.450000048,0.0,0.398381144],""robot_root_angular_velocity"":[0.913533032,-0.784323692,-0.816340148],""robot_root_linear_velocity"":[-0.336854547,-0.08322756,-0.455430776],""robot_root_pose"":[2.289811373,-0.001951792,0.791970432,-0.021171462,-0.003340123,0.999766707,0.002667698]}",official carrybox.pt,True,3|smooth_hold|+box_y|0.3|1.0,1488,1,102231,102438.0,207.0,260,660,3.807506486296021,3.310875177383423,0.8469696969696969,1.0,1.6870554685592651,0.3292999904094772,2.090693473815918,10.530884742736816,-6.206864261294179,135.89382934570312,0.24326471639700079,1.0,9.952441522840298,0.16122520699679044
official,T0186,legged_gym/resources/ckpt/carrybox.pt,3,smooth_hold,+box_y,0.3,2.0,0.1,0.15,0.15,1.125,3.310875,0.0,1,head_low,0,,,,0,0,4.000082969665527,65b3ca3da3b4fed74742e7742f51b170991cddfd,"{""box_angular_velocity"":[0.065279528,-0.104388289,0.200538158],""box_linear_velocity"":[-0.069472283,-0.000226536,-0.22056815],""box_mass"":1.125,""box_pose"":[0.548742473,-7.224e-06,0.132107496,-0.001243512,-6.7276e-05,0.902691185,-0.430287242],""dof_position"":[-0.146603137,0.04708875,0.020172426,0.262992918,-0.225283712,-0.010112701,-0.048153121,-0.102354668,0.029902428,0.329790801,-0.184990674,0.050723657,-0.053271219,-0.007040003,-0.002366869,-0.005494651,0.168986946,-0.0144693,1.214278221,0.08953993,0.119314954,0.049172137,-0.021819763,-0.049903084,0.004483589,1.170749784,-0.072441757,-0.01618439,0.160966918],""dof_velocity"":[-1.078764796,0.308028311,-0.807543457,1.536746025,1.188231468,-0.760668933,-0.752220392,0.307109207,-1.195692539,-1.864546061,-1.014771104,-2.360440254,2.349422455,1.012826443,-1.137371182,0.980682552,-2.086542368,0.180660978,-3.168968678,0.689441264,1.063561678,0.671994805,1.199653268,-2.57417655,-0.728176475,-3.691345215,1.243476152,-0.288155288,2.902099133],""goal"":[-3.450000048,0.0,0.398381144],""robot_root_angular_velocity"":[0.916179955,-0.789809227,-0.817331254],""robot_root_linear_velocity"":[-0.33236441,-0.083713122,-0.453683585],""robot_root_pose"":[2.289895773,-0.001958316,0.792001009,-0.021157146,-0.003355936,0.999766588,0.002782664]}",official carrybox.pt,False,3|smooth_hold|+box_y|0.3|2.0,624,0,102604,,,0,0,0.0,,,,,,,,,,,,,
official,T0187,legged_gym/resources/ckpt/carrybox.pt,3,smooth_hold,+box_y,0.5,0.5,0.1,0.15,0.15,1.125,5.518125,0.0,1,head_low,0,,,,0,0,4.000012397766113,bbc45e608862b6a74fab218e9cf888f212cd32da,"{""box_angular_velocity"":[0.0,0.0,0.0],""box_linear_velocity"":[0.0,0.0,-0.196175486],""box_mass"":1.125,""box_pose"":[0.549999952,0.0,0.132547736,0.0,0.0,0.903440475,-0.428713351],""dof_position"":[-0.146500841,0.047033228,0.020142149,0.262921005,-0.225358963,-0.010130201,-0.047929183,-0.102373153,0.029881055,0.32979393,-0.185163349,0.050720308,-0.053569146,-0.007076314,-0.002628669,-0.005689438,0.168055788,-0.014534873,1.214684129,0.089634404,0.119642608,0.050104354,-0.021878893,-0.049701914,0.004483263,1.170707226,-0.072597921,-0.015892157,0.160671219],""dof_velocity"":[-1.063242555,0.309288293,-0.794798434,1.535060406,1.180030227,-0.762240529,-0.73944813,0.309553802,-1.181381226,-1.857584,-1.020252824,-2.361735344,2.346219301,1.007344365,-1.140043736,0.982482135,-2.125489235,0.169006094,-3.187772751,0.686356843,1.10351336,0.698946774,1.19337213,-2.565618515,-0.724920928,-3.691363335,1.241173863,-0.280104458,2.884586573],""goal"":[-3.450000048,0.0,0.398381144],""robot_root_angular_velocity"":[0.913533032,-0.784323692,-0.816340148],""robot_root_linear_velocity"":[-0.336854547,-0.08322756,-0.455430776],""robot_root_pose"":[2.289811373,-0.001951792,0.791970432,-0.021171462,-0.003340123,0.999766707,0.002667698]}",official carrybox.pt,False,3|smooth_hold|+box_y|0.5|0.5,588,0,102761,,,0,0,0.0,,,,,,,,,,,,,
official,T0188,legged_gym/resources/ckpt/carrybox.pt,3,smooth_hold,+box_y,0.5,1.0,0.1,0.15,0.15,1.125,5.518125,0.0,1,timeout,0,,,,0,0,4.000012397766113,425944e824b7e9510068bf503f75c12053de569d,"{""box_angular_velocity"":[0.065175518,-0.104507953,0.200617388],""box_linear_velocity"":[-0.06946139,-0.000224486,-0.220561847],""box_mass"":1.125,""box_pose"":[0.548742712,-7.192e-06,0.132107615,-0.001243261,-6.6139e-05,0.902691245,-0.430287123],""dof_position"":[-0.146603659,0.047095034,0.020173151,0.262994856,-0.225282282,-0.010113142,-0.048158512,-0.102349393,0.029903507,0.329791963,-0.184986576,0.050722867,-0.053265799,-0.007037419,-0.002359389,-0.005497809,0.16898939,-0.014467039,1.214274287,0.089537561,0.119316384,0.049170658,-0.021795021,-0.049920566,0.004492287,1.170738339,-0.072432436,-0.016250692,0.160987094],""dof_velocity"":[-1.078983188,0.308089316,-0.807939589,1.536821723,1.188435555,-0.760598481,-0.752440691,0.3071329,-1.19611299,-1.864604831,-1.014690161,-2.360372305,2.349104643,1.012829185,-1.137110114,0.980825663,-2.086340904,0.180788472,-3.169378281,0.689117849,1.06359303,0.671993136,1.199804544,-2.574684858,-0.729206324,-3.690296412,1.242561817,-0.291357279,2.90303731],""goal"":[-3.450000048,0.0,0.398381144],""robot_root_angular_velocity"":[0.916204333,-0.789785326,-0.817422509],""robot_root_linear_velocity"":[-0.332253397,-0.08364699,-0.453667015],""robot_root_pose"":[2.289898396,-0.001957312,0.792001843,-0.021156108,-0.00335721,0.999766588,0.002786797]}",official carrybox.pt,False,3|smooth_hold|+box_y|0.5|1.0,6004,0,102909,,,0,0,0.0,,,,,,,,,,,,,
official,T0189,legged_gym/resources/ckpt/carrybox.pt,3,smooth_hold,+box_y,0.5,2.0,0.1,0.15,0.15,1.125,5.518125,0.0,1,other,0,,,,0,0,4.00162410736084,bbc45e608862b6a74fab218e9cf888f212cd32da,"{""box_angular_velocity"":[0.0,0.0,0.0],""box_linear_velocity"":[0.0,0.0,-0.196175486],""box_mass"":1.125,""box_pose"":[0.549999952,0.0,0.132547736,0.0,0.0,0.903440475,-0.428713351],""dof_position"":[-0.146500841,0.047033228,0.020142149,0.262921005,-0.225358963,-0.010130201,-0.047929183,-0.102373153,0.029881055,0.32979393,-0.185163349,0.050720308,-0.053569146,-0.007076314,-0.002628669,-0.005689438,0.168055788,-0.014534873,1.214684129,0.089634404,0.119642608,0.050104354,-0.021878893,-0.049701914,0.004483263,1.170707226,-0.072597921,-0.015892157,0.160671219],""dof_velocity"":[-1.063242555,0.309288293,-0.794798434,1.535060406,1.180030227,-0.762240529,-0.73944813,0.309553802,-1.181381226,-1.857584,-1.020252824,-2.361735344,2.346219301,1.007344365,-1.140043736,0.982482135,-2.125489235,0.169006094,-3.187772751,0.686356843,1.10351336,0.698946774,1.19337213,-2.565618515,-0.724920928,-3.691363335,1.241173863,-0.280104458,2.884586573],""goal"":[-3.450000048,0.0,0.398381144],""robot_root_angular_velocity"":[0.913533032,-0.784323692,-0.816340148],""robot_root_linear_velocity"":[-0.336854547,-0.08322756,-0.455430776],""robot_root_pose"":[2.289811373,-0.001951792,0.791970432,-0.021171462,-0.003340123,0.999766707,0.002667698]}",official carrybox.pt,False,3|smooth_hold|+box_y|0.5|2.0,856,0,104411,,,0,0,0.0,,,,,,,,,,,,,
official,T0190,legged_gym/resources/ckpt/carrybox.pt,3,smooth_hold,+box_y,0.7,0.5,0.1,0.15,0.15,1.125,7.725375175476074,5.021493884252053,0,,1,1.8777148723602293,-0.9080983996391296,-0.8501414060592651,0,1,0.0512859784066677,4e4b770b175c58773332b588264ed9c427d71290,"{""box_angular_velocity"":[0.069574654,-0.104288787,0.20232445],""box_linear_velocity"":[-0.069475502,-0.000183972,-0.220570266],""box_mass"":1.125,""box_pose"":[0.548742592,-6.41e-06,0.132107571,-0.001261516,-0.000105014,0.902683139,-0.430303991],""dof_position"":[-0.146602899,0.047085922,0.020172423,0.262993097,-0.225283638,-0.010112944,-0.048151407,-0.102357231,0.029902285,0.329790652,-0.184991464,0.050723534,-0.053271081,-0.007042293,-0.002367203,-0.005495421,0.168987319,-0.014469856,1.214278698,0.089541413,0.119315691,0.049171176,-0.02181912,-0.049902648,0.004486011,1.170752525,-0.072443917,-0.016183186,0.160965577],""dof_velocity"":[-1.07880199,0.307975143,-0.807504356,1.536781073,1.188211203,-0.760697484,-0.752197266,0.307071507,-1.195648909,-1.864512086,-1.014788032,-2.360465765,2.349456787,1.012799382,-1.137422442,0.980672359,-2.086573124,0.180682182,-3.169020653,0.689570785,1.063630104,0.671956599,1.199765325,-2.574155807,-0.728299797,-3.691337109,1.243115425,-0.28799808,2.902131081],""goal"":[-3.450000048,0.0,0.398381144],""robot_root_angular_velocity"":[0.916111767,-0.789820313,-0.817240298],""robot_root_linear_velocity"":[-0.332368016,-0.083708346,-0.453683257],""robot_root_pose"":[2.28989625,-0.001958065,0.792001069,-0.021156749,-0.00335484,0.999766648,0.002781747]}",official carrybox.pt,True,3|smooth_hold|+box_y|0.7|0.5,1396,1,104626,104835.0,209.0,160,560,5.021493884252053,7.725375175476074,0.9410714285714286,1.0,1.8777148723602293,0.27626982526853683,2.077864408493042,5.622525691986084,-10.202233605895058,111.52919006347656,0.20533047470255822,1.0,12.74896762282255,0.17930433985548005
official,T0191,legged_gym/resources/ckpt/carrybox.pt,3,smooth_hold,+box_y,0.7,1.0,0.1,0.15,0.15,1.125,7.725375,0.0,1,head_low,0,,,,0,0,4.000012397766113,bbc45e608862b6a74fab218e9cf888f212cd32da,"{""box_angular_velocity"":[0.0,0.0,0.0],""box_linear_velocity"":[0.0,0.0,-0.196175486],""box_mass"":1.125,""box_pose"":[0.549999952,0.0,0.132547736,0.0,0.0,0.903440475,-0.428713351],""dof_position"":[-0.146500841,0.047033228,0.020142149,0.262921005,-0.225358963,-0.010130201,-0.047929183,-0.102373153,0.029881055,0.32979393,-0.185163349,0.050720308,-0.053569146,-0.007076314,-0.002628669,-0.005689438,0.168055788,-0.014534873,1.214684129,0.089634404,0.119642608,0.050104354,-0.021878893,-0.049701914,0.004483263,1.170707226,-0.072597921,-0.015892157,0.160671219],""dof_velocity"":[-1.063242555,0.309288293,-0.794798434,1.535060406,1.180030227,-0.762240529,-0.73944813,0.309553802,-1.181381226,-1.857584,-1.020252824,-2.361735344,2.346219301,1.007344365,-1.140043736,0.982482135,-2.125489235,0.169006094,-3.187772751,0.686356843,1.10351336,0.698946774,1.19337213,-2.565618515,-0.724920928,-3.691363335,1.241173863,-0.280104458,2.884586573],""goal"":[-3.450000048,0.0,0.398381144],""robot_root_angular_velocity"":[0.913533032,-0.784323692,-0.816340148],""robot_root_linear_velocity"":[-0.336854547,-0.08322756,-0.455430776],""robot_root_pose"":[2.289811373,-0.001951792,0.791970432,-0.021171462,-0.003340123,0.999766707,0.002667698]}",official carrybox.pt,False,3|smooth_hold|+box_y|0.7|1.0,640,0,104976,,,0,0,0.0,,,,,,,,,,,,,
official,T0192,legged_gym/resources/ckpt/carrybox.pt,3,smooth_hold,+box_y,0.7,2.0,0.1,0.15,0.15,1.125,7.725375,0.0,1,timeout,0,,,,0,0,4.000012397766113,bbc45e608862b6a74fab218e9cf888f212cd32da,"{""box_angular_velocity"":[0.0,0.0,0.0],""box_linear_velocity"":[0.0,0.0,-0.196175486],""box_mass"":1.125,""box_pose"":[0.549999952,0.0,0.132547736,0.0,0.0,0.903440475,-0.428713351],""dof_position"":[-0.146500841,0.047033228,0.020142149,0.262921005,-0.225358963,-0.010130201,-0.047929183,-0.102373153,0.029881055,0.32979393,-0.185163349,0.050720308,-0.053569146,-0.007076314,-0.002628669,-0.005689438,0.168055788,-0.014534873,1.214684129,0.089634404,0.119642608,0.050104354,-0.021878893,-0.049701914,0.004483263,1.170707226,-0.072597921,-0.015892157,0.160671219],""dof_velocity"":[-1.063242555,0.309288293,-0.794798434,1.535060406,1.180030227,-0.762240529,-0.73944813,0.309553802,-1.181381226,-1.857584,-1.020252824,-2.361735344,2.346219301,1.007344365,-1.140043736,0.982482135,-2.125489235,0.169006094,-3.187772751,0.686356843,1.10351336,0.698946774,1.19337213,-2.565618515,-0.724920928,-3.691363335,1.241173863,-0.280104458,2.884586573],""goal"":[-3.450000048,0.0,0.398381144],""robot_root_angular_velocity"":[0.913533032,-0.784323692,-0.816340148],""robot_root_linear_velocity"":[-0.336854547,-0.08322756,-0.455430776],""robot_root_pose"":[2.289811373,-0.001951792,0.791970432,-0.021171462,-0.003340123,0.999766707,0.002667698]}",official carrybox.pt,False,3|smooth_hold|+box_y|0.7|2.0,6004,0,105137,,,0,0,0.0,,,,,,,,,,,,,
official,T0193,legged_gym/resources/ckpt/carrybox.pt,3,smooth_hold,+box_y,0.9,0.5,0.1,0.15,0.15,1.125,9.932625,0.0,1,head_low,0,,,,0,0,4.000012397766113,425944e824b7e9510068bf503f75c12053de569d,"{""box_angular_velocity"":[0.065175518,-0.104507953,0.200617388],""box_linear_velocity"":[-0.06946139,-0.000224486,-0.220561847],""box_mass"":1.125,""box_pose"":[0.548742712,-7.192e-06,0.132107615,-0.001243261,-6.6139e-05,0.902691245,-0.430287123],""dof_position"":[-0.146603659,0.047095034,0.020173151,0.262994856,-0.225282282,-0.010113142,-0.048158512,-0.102349393,0.029903507,0.329791963,-0.184986576,0.050722867,-0.053265799,-0.007037419,-0.002359389,-0.005497809,0.16898939,-0.014467039,1.214274287,0.089537561,0.119316384,0.049170658,-0.021795021,-0.049920566,0.004492287,1.170738339,-0.072432436,-0.016250692,0.160987094],""dof_velocity"":[-1.078983188,0.308089316,-0.807939589,1.536821723,1.188435555,-0.760598481,-0.752440691,0.3071329,-1.19611299,-1.864604831,-1.014690161,-2.360372305,2.349104643,1.012829185,-1.137110114,0.980825663,-2.086340904,0.180788472,-3.169378281,0.689117849,1.06359303,0.671993136,1.199804544,-2.574684858,-0.729206324,-3.690296412,1.242561817,-0.291357279,2.90303731],""goal"":[-3.450000048,0.0,0.398381144],""robot_root_angular_velocity"":[0.916204333,-0.789785326,-0.817422509],""robot_root_linear_velocity"":[-0.332253397,-0.08364699,-0.453667015],""robot_root_pose"":[2.289898396,-0.001957312,0.792001843,-0.021156108,-0.00335721,0.999766588,0.002786797]}",official carrybox.pt,False,3|smooth_hold|+box_y|0.9|0.5,600,0,106639,,,0,0,0.0,,,,,,,,,,,,,
official,T0194,legged_gym/resources/ckpt/carrybox.pt,3,smooth_hold,+box_y,0.9,1.0,0.1,0.15,0.15,1.125,9.932625,0.0,1,timeout,0,,,,0,0,4.000012397766113,425944e824b7e9510068bf503f75c12053de569d,"{""box_angular_velocity"":[0.065175518,-0.104507953,0.200617388],""box_linear_velocity"":[-0.06946139,-0.000224486,-0.220561847],""box_mass"":1.125,""box_pose"":[0.548742712,-7.192e-06,0.132107615,-0.001243261,-6.6139e-05,0.902691245,-0.430287123],""dof_position"":[-0.146603659,0.047095034,0.020173151,0.262994856,-0.225282282,-0.010113142,-0.048158512,-0.102349393,0.029903507,0.329791963,-0.184986576,0.050722867,-0.053265799,-0.007037419,-0.002359389,-0.005497809,0.16898939,-0.014467039,1.214274287,0.089537561,0.119316384,0.049170658,-0.021795021,-0.049920566,0.004492287,1.170738339,-0.072432436,-0.016250692,0.160987094],""dof_velocity"":[-1.078983188,0.308089316,-0.807939589,1.536821723,1.188435555,-0.760598481,-0.752440691,0.3071329,-1.19611299,-1.864604831,-1.014690161,-2.360372305,2.349104643,1.012829185,-1.137110114,0.980825663,-2.086340904,0.180788472,-3.169378281,0.689117849,1.06359303,0.671993136,1.199804544,-2.574684858,-0.729206324,-3.690296412,1.242561817,-0.291357279,2.90303731],""goal"":[-3.450000048,0.0,0.398381144],""robot_root_angular_velocity"":[0.916204333,-0.789785326,-0.817422509],""robot_root_linear_velocity"":[-0.332253397,-0.08364699,-0.453667015],""robot_root_pose"":[2.289898396,-0.001957312,0.792001843,-0.021156108,-0.00335721,0.999766588,0.002786797]}",official carrybox.pt,False,3|smooth_hold|+box_y|0.9|1.0,6004,0,106790,,,0,0,0.0,,,,,,,,,,,,,
official,T0195,legged_gym/resources/ckpt/carrybox.pt,3,smooth_hold,+box_y,0.9,2.0,0.1,0.15,0.15,1.125,9.932625,0.0,1,box_tilt|head_low,0,,,,0,0,4.002022743225098,bbc45e608862b6a74fab218e9cf888f212cd32da,"{""box_angular_velocity"":[0.0,0.0,0.0],""box_linear_velocity"":[0.0,0.0,-0.196175486],""box_mass"":1.125,""box_pose"":[0.549999952,0.0,0.132547736,0.0,0.0,0.903440475,-0.428713351],""dof_position"":[-0.146500841,0.047033228,0.020142149,0.262921005,-0.225358963,-0.010130201,-0.047929183,-0.102373153,0.029881055,0.32979393,-0.185163349,0.050720308,-0.053569146,-0.007076314,-0.002628669,-0.005689438,0.168055788,-0.014534873,1.214684129,0.089634404,0.119642608,0.050104354,-0.021878893,-0.049701914,0.004483263,1.170707226,-0.072597921,-0.015892157,0.160671219],""dof_velocity"":[-1.063242555,0.309288293,-0.794798434,1.535060406,1.180030227,-0.762240529,-0.73944813,0.309553802,-1.181381226,-1.857584,-1.020252824,-2.361735344,2.346219301,1.007344365,-1.140043736,0.982482135,-2.125489235,0.169006094,-3.187772751,0.686356843,1.10351336,0.698946774,1.19337213,-2.565618515,-0.724920928,-3.691363335,1.241173863,-0.280104458,2.884586573],""goal"":[-3.450000048,0.0,0.398381144],""robot_root_angular_velocity"":[0.913533032,-0.784323692,-0.816340148],""robot_root_linear_velocity"":[-0.336854547,-0.08322756,-0.455430776],""robot_root_pose"":[2.289811373,-0.001951792,0.791970432,-0.021171462,-0.003340123,0.999766707,0.002667698]}",official carrybox.pt,False,3|smooth_hold|+box_y|0.9|2.0,1204,0,108292,,,0,0,0.0,,,,,,,,,,,,,
official,T0196,legged_gym/resources/ckpt/carrybox.pt,3,smooth_hold,+box_y,1.1,0.5,0.1,0.15,0.15,1.125,12.139875000000002,0.0,1,timeout,0,,,,0,0,4.000012397766113,65b3ca3da3b4fed74742e7742f51b170991cddfd,"{""box_angular_velocity"":[0.065279528,-0.104388289,0.200538158],""box_linear_velocity"":[-0.069472283,-0.000226536,-0.22056815],""box_mass"":1.125,""box_pose"":[0.548742473,-7.224e-06,0.132107496,-0.001243512,-6.7276e-05,0.902691185,-0.430287242],""dof_position"":[-0.146603137,0.04708875,0.020172426,0.262992918,-0.225283712,-0.010112701,-0.048153121,-0.102354668,0.029902428,0.329790801,-0.184990674,0.050723657,-0.053271219,-0.007040003,-0.002366869,-0.005494651,0.168986946,-0.0144693,1.214278221,0.08953993,0.119314954,0.049172137,-0.021819763,-0.049903084,0.004483589,1.170749784,-0.072441757,-0.01618439,0.160966918],""dof_velocity"":[-1.078764796,0.308028311,-0.807543457,1.536746025,1.188231468,-0.760668933,-0.752220392,0.307109207,-1.195692539,-1.864546061,-1.014771104,-2.360440254,2.349422455,1.012826443,-1.137371182,0.980682552,-2.086542368,0.180660978,-3.168968678,0.689441264,1.063561678,0.671994805,1.199653268,-2.57417655,-0.728176475,-3.691345215,1.243476152,-0.288155288,2.902099133],""goal"":[-3.450000048,0.0,0.398381144],""robot_root_angular_velocity"":[0.916179955,-0.789809227,-0.817331254],""robot_root_linear_velocity"":[-0.33236441,-0.083713122,-0.453683585],""robot_root_pose"":[2.289895773,-0.001958316,0.792001009,-0.021157146,-0.003355936,0.999766588,0.002782664]}",official carrybox.pt,False,3|smooth_hold|+box_y|1.1|0.5,6004,0,108594,,,0,0,0.0,,,,,,,,,,,,,
official,T0197,legged_gym/resources/ckpt/carrybox.pt,3,smooth_hold,+box_y,1.1,1.0,0.1,0.15,0.15,1.125,12.139875000000002,0.0,1,head_low,0,,,,0,0,4.001134395599365,425944e824b7e9510068bf503f75c12053de569d,"{""box_angular_velocity"":[0.065175518,-0.104507953,0.200617388],""box_linear_velocity"":[-0.06946139,-0.000224486,-0.220561847],""box_mass"":1.125,""box_pose"":[0.548742712,-7.192e-06,0.132107615,-0.001243261,-6.6139e-05,0.902691245,-0.430287123],""dof_position"":[-0.146603659,0.047095034,0.020173151,0.262994856,-0.225282282,-0.010113142,-0.048158512,-0.102349393,0.029903507,0.329791963,-0.184986576,0.050722867,-0.053265799,-0.007037419,-0.002359389,-0.005497809,0.16898939,-0.014467039,1.214274287,0.089537561,0.119316384,0.049170658,-0.021795021,-0.049920566,0.004492287,1.170738339,-0.072432436,-0.016250692,0.160987094],""dof_velocity"":[-1.078983188,0.308089316,-0.807939589,1.536821723,1.188435555,-0.760598481,-0.752440691,0.3071329,-1.19611299,-1.864604831,-1.014690161,-2.360372305,2.349104643,1.012829185,-1.137110114,0.980825663,-2.086340904,0.180788472,-3.169378281,0.689117849,1.06359303,0.671993136,1.199804544,-2.574684858,-0.729206324,-3.690296412,1.242561817,-0.291357279,2.90303731],""goal"":[-3.450000048,0.0,0.398381144],""robot_root_angular_velocity"":[0.916204333,-0.789785326,-0.817422509],""robot_root_linear_velocity"":[-0.332253397,-0.08364699,-0.453667015],""robot_root_pose"":[2.289898396,-0.001957312,0.792001843,-0.021156108,-0.00335721,0.999766588,0.002786797]}",official carrybox.pt,False,3|smooth_hold|+box_y|1.1|1.0,684,0,110096,,,0,0,0.0,,,,,,,,,,,,,
official,T0198,legged_gym/resources/ckpt/carrybox.pt,3,smooth_hold,+box_y,1.1,2.0,0.1,0.15,0.15,1.125,12.139875000000002,0.0,1,head_low,0,,,,0,0,4.005405426025391,bbc45e608862b6a74fab218e9cf888f212cd32da,"{""box_angular_velocity"":[0.0,0.0,0.0],""box_linear_velocity"":[0.0,0.0,-0.196175486],""box_mass"":1.125,""box_pose"":[0.549999952,0.0,0.132547736,0.0,0.0,0.903440475,-0.428713351],""dof_position"":[-0.146500841,0.047033228,0.020142149,0.262921005,-0.225358963,-0.010130201,-0.047929183,-0.102373153,0.029881055,0.32979393,-0.185163349,0.050720308,-0.053569146,-0.007076314,-0.002628669,-0.005689438,0.168055788,-0.014534873,1.214684129,0.089634404,0.119642608,0.050104354,-0.021878893,-0.049701914,0.004483263,1.170707226,-0.072597921,-0.015892157,0.160671219],""dof_velocity"":[-1.063242555,0.309288293,-0.794798434,1.535060406,1.180030227,-0.762240529,-0.73944813,0.309553802,-1.181381226,-1.857584,-1.020252824,-2.361735344,2.346219301,1.007344365,-1.140043736,0.982482135,-2.125489235,0.169006094,-3.187772751,0.686356843,1.10351336,0.698946774,1.19337213,-2.565618515,-0.724920928,-3.691363335,1.241173863,-0.280104458,2.884586573],""goal"":[-3.450000048,0.0,0.398381144],""robot_root_angular_velocity"":[0.913533032,-0.784323692,-0.816340148],""robot_root_linear_velocity"":[-0.336854547,-0.08322756,-0.455430776],""robot_root_pose"":[2.289811373,-0.001951792,0.791970432,-0.021171462,-0.003340123,0.999766707,0.002667698]}",official carrybox.pt,False,3|smooth_hold|+box_y|1.1|2.0,636,0,110268,,,0,0,0.0,,,,,,,,,,,,,
official,T0199,legged_gym/resources/ckpt/carrybox.pt,3,smooth_hold,-box_y,0.1,0.5,0.1,0.15,0.15,1.125,1.103625,0.0,1,timeout,0,,,,0,0,4.000012397766113,52bc86f7eaa16351643fe23b0ad8305f56a40391,"{""box_angular_velocity"":[0.445745468,-0.054849487,0.028247943],""box_linear_velocity"":[-0.083117977,-0.001452092,-0.227375761],""box_mass"":1.125,""box_pose"":[0.548509061,-2.9113e-05,0.131989613,-0.002348807,-0.003367691,0.903333843,-0.428918421],""dof_position"":[-0.146622047,0.047063209,0.020157648,0.263013065,-0.22523585,-0.01010565,-0.04820789,-0.102384873,0.0298783,0.329843193,-0.184937775,0.050729007,-0.053233102,-0.006901438,-0.002239866,-0.005611301,0.168852761,-0.014470151,1.214242339,0.08954031,0.119386911,0.049167447,-0.021516349,-0.050146043,0.00467465,1.170268893,-0.072353721,-0.016633475,0.161266252],""dof_velocity"":[-1.0842731,0.303740352,-0.808886111,1.536751747,1.192042351,-0.761069179,-0.757800519,0.302772105,-1.197810769,-1.864842892,-1.01107502,-2.360711336,2.3452034,1.015919924,-1.136560321,0.983395576,-2.090270519,0.18140997,-3.180156469,0.687080979,1.069380879,0.670521677,1.196772814,-2.578827858,-0.746873438,-3.6746912,1.220309258,-0.332240164,2.91385746],""goal"":[-3.450000048,0.0,0.398381144],""robot_root_angular_velocity"":[0.913348019,-0.791006744,-0.815448105],""robot_root_linear_velocity"":[-0.330618203,-0.083842002,-0.453204989],""robot_root_pose"":[2.289929628,-0.001964494,0.792011261,-0.021133617,-0.003355412,0.999767125,0.002784846]}",official carrybox.pt,False,3|smooth_hold|-box_y|0.1|0.5,6004,0,110428,,,0,0,0.0,,,,,,,,,,,,,
official,T0200,legged_gym/resources/ckpt/carrybox.pt,3,smooth_hold,-box_y,0.1,1.0,0.1,0.15,0.15,1.125,1.103625,0.0,1,timeout,0,,,,0,0,4.000012397766113,656499c7737269bbf99659f8a1e472b972be2dec,"{""box_angular_velocity"":[0.065278083,-0.104395993,0.200537011],""box_linear_velocity"":[-0.069472849,-0.000226621,-0.220568269],""box_mass"":1.125,""box_pose"":[0.548742473,-7.226e-06,0.132107496,-0.001243555,-6.7233e-05,0.902691185,-0.430287242],""dof_position"":[-0.146603167,0.047088746,0.020172425,0.262992918,-0.225283712,-0.010112696,-0.048153121,-0.102354668,0.029902421,0.329790801,-0.184990674,0.050723653,-0.05327123,-0.007040003,-0.002366861,-0.005494672,0.168986946,-0.014469297,1.21427834,0.08953993,0.119314909,0.049172137,-0.021819754,-0.049903102,0.004483583,1.170749784,-0.072441772,-0.016184391,0.160966843],""dof_velocity"":[-1.078763843,0.308026761,-0.807544768,1.536745071,1.188232183,-0.760668635,-0.752218544,0.307107925,-1.195693612,-1.864547849,-1.014770508,-2.360440493,2.349421263,1.012825608,-1.137369514,0.980680466,-2.086541891,0.18066138,-3.168963432,0.689441264,1.063557506,0.671995103,1.199653745,-2.574178219,-0.728176773,-3.69134593,1.24347508,-0.288153946,2.902095795],""goal"":[-3.450000048,0.0,0.398381144],""robot_root_angular_velocity"":[0.916179121,-0.789807796,-0.817330301],""robot_root_linear_velocity"":[-0.33236438,-0.083713159,-0.453683645],""robot_root_pose"":[2.289895773,-0.001958312,0.792001009,-0.02115714,-0.003355937,0.999766588,0.002782667]}",official carrybox.pt,False,3|smooth_hold|-box_y|0.1|1.0,6004,0,111930,,,0,0,0.0,,,,,,,,,,,,,
official,T0201,legged_gym/resources/ckpt/carrybox.pt,3,smooth_hold,-box_y,0.1,2.0,0.1,0.15,0.15,1.125,1.1036250591278076,2.372794128415552,0,,1,1.712344765663147,1.2087920904159546,1.4192283153533936,0,1,0.0492011234164238,ae81624605d967b489d4dd7ca06ab80446610dee,"{""box_angular_velocity"":[-0.178802148,-0.157583952,-0.173491955],""box_linear_velocity"":[-0.053991627,-0.003701269,-0.21485287],""box_mass"":1.125,""box_pose"":[0.549016893,-6.9829e-05,0.132210717,-0.000859768,0.002086067,0.904130101,-0.427251101],""dof_position"":[-0.146469712,0.04730092,0.020217927,0.262972713,-0.225369379,-0.010134405,-0.048074968,-0.102187961,0.029909812,0.329802245,-0.185054272,0.050715003,-0.053326543,-0.006980094,-0.002392709,-0.005572982,0.16853489,-0.014477784,1.214433432,0.089522138,0.119472817,0.049694821,-0.021752389,-0.049987555,0.004515423,1.170730591,-0.072520897,-0.016463935,0.161106095],""dof_velocity"":[-1.076133013,0.313645929,-0.80878818,1.537436724,1.185855865,-0.758818209,-0.751943052,0.310577869,-1.197475553,-1.861837745,-1.017882824,-2.35896492,2.343774557,1.009828448,-1.143084407,0.985231757,-2.103461027,0.175723121,-3.17755127,0.683464289,1.080307126,0.688298404,1.201023102,-2.574772835,-0.731298387,-3.689804792,1.234681964,-0.300012499,2.906410217],""goal"":[-3.450000048,0.0,0.398381144],""robot_root_angular_velocity"":[0.918351352,-0.791268051,-0.820149064],""robot_root_linear_velocity"":[-0.33384949,-0.08260978,-0.454843163],""robot_root_pose"":[2.289870262,-0.001949143,0.791982353,-0.021141514,-0.003413152,0.999766707,0.002821468]}",official carrybox.pt,True,3|smooth_hold|-box_y|0.1|2.0,1652,1,113432,113630.0,198.0,460,860,2.372794128415552,1.1036251783370972,0.6883720930232559,1.0,1.7559006214141846,0.4567426080360662,2.057272434234619,9.08708667755127,5.2628175023076835,129.0362548828125,0.37239518822976225,1.0,8.19429455773775,0.1285219886888436
official,T0202,legged_gym/resources/ckpt/carrybox.pt,3,smooth_hold,-box_y,0.3,0.5,0.1,0.15,0.15,1.125,3.310875177383423,2.152068763951863,0,,1,1.7933653593063354,0.0658113956451416,0.4115149676799774,0,1,0.040652047842741,bbc45e608862b6a74fab218e9cf888f212cd32da,"{""box_angular_velocity"":[0.0,0.0,0.0],""box_linear_velocity"":[0.0,0.0,-0.196175486],""box_mass"":1.125,""box_pose"":[0.549999952,0.0,0.132547736,0.0,0.0,0.903440475,-0.428713351],""dof_position"":[-0.146500841,0.047033228,0.020142149,0.262921005,-0.225358963,-0.010130201,-0.047929183,-0.102373153,0.029881055,0.32979393,-0.185163349,0.050720308,-0.053569146,-0.007076314,-0.002628669,-0.005689438,0.168055788,-0.014534873,1.214684129,0.089634404,0.119642608,0.050104354,-0.021878893,-0.049701914,0.004483263,1.170707226,-0.072597921,-0.015892157,0.160671219],""dof_velocity"":[-1.063242555,0.309288293,-0.794798434,1.535060406,1.180030227,-0.762240529,-0.73944813,0.309553802,-1.181381226,-1.857584,-1.020252824,-2.361735344,2.346219301,1.007344365,-1.140043736,0.982482135,-2.125489235,0.169006094,-3.187772751,0.686356843,1.10351336,0.698946774,1.19337213,-2.565618515,-0.724920928,-3.691363335,1.241173863,-0.280104458,2.884586573],""goal"":[-3.450000048,0.0,0.398381144],""robot_root_angular_velocity"":[0.913533032,-0.784323692,-0.816340148],""robot_root_linear_velocity"":[-0.336854547,-0.08322756,-0.455430776],""robot_root_pose"":[2.289811373,-0.001951792,0.791970432,-0.021171462,-0.003340123,0.999766707,0.002667698]}",official carrybox.pt,True,3|smooth_hold|-box_y|0.3|0.5,1580,1,113846,114101.0,255.0,160,560,2.152068763951863,3.310874938964844,0.7785714285714286,1.0,1.7933653593063354,0.33166009224951265,1.98883318901062,7.795935153961182,-7.433430859672704,48.26710891723633,0.3756353112684987,1.0,9.780405526475183,0.19770571713852406
official,T0203,legged_gym/resources/ckpt/carrybox.pt,3,smooth_hold,-box_y,0.3,1.0,0.1,0.15,0.15,1.125,3.310875177383423,3.80750647504448,0,,1,1.3227332830429075,-0.7675540447235107,-0.4031133651733398,0,1,0.0331532247364521,30026a99c361e2211d84bc62d2bbe509683af084,"{""box_angular_velocity"":[0.12362548,-0.068352096,0.22592862],""box_linear_velocity"":[-0.070142433,0.000559004,-0.221806929],""box_mass"":1.125,""box_pose"":[0.548731804,6.859e-06,0.132085666,-0.001169323,-0.000692818,0.902596593,-0.430485129],""dof_position"":[-0.146600291,0.047058191,0.020164231,0.262996495,-0.225276276,-0.010114586,-0.04813033,-0.102374621,0.029899439,0.329804897,-0.184995547,0.05072242,-0.053297542,-0.007056671,-0.002357697,-0.005511228,0.16897063,-0.014476166,1.214282036,0.089555681,0.119330108,0.049179446,-0.021766437,-0.049887091,0.00453001,1.170654297,-0.072477214,-0.016253976,0.161043748],""dof_velocity"":[-1.079303861,0.307636172,-0.806351364,1.53688097,1.188379765,-0.760984182,-0.752378047,0.307206511,-1.194263339,-1.864043713,-1.013800263,-2.360722303,2.348976851,1.012962222,-1.137846708,0.980658114,-2.087784529,0.180677891,-3.170018911,0.690627754,1.064889073,0.672052443,1.198986769,-2.573284149,-0.730823457,-3.688351393,1.237668633,-0.296454966,2.904877663],""goal"":[-3.450000048,0.0,0.398381144],""robot_root_angular_velocity"":[0.915621102,-0.789712727,-0.815805733],""robot_root_linear_velocity"":[-0.332285315,-0.08373671,-0.453671992],""robot_root_pose"":[2.289897919,-0.001956996,0.792001307,-0.021148739,-0.003345419,0.999766886,0.002758973]}",official carrybox.pt,True,3|smooth_hold|-box_y|0.3|1.0,1572,1,114242,114470.0,228.0,260,660,3.80750647504448,3.310875177383423,0.8560606060606061,1.0,1.508854866027832,0.2901198215048873,1.7539937496185305,6.738670349121094,-1.0053945212258082,41.76826858520508,0.2242585734409107,1.0,6.73637154506463,0.13620586460769338
official,T0204,legged_gym/resources/ckpt/carrybox.pt,3,smooth_hold,-box_y,0.3,2.0,0.1,0.15,0.15,1.125,3.310875,0.0,1,head_low,0,,,,0,0,4.005405426025391,bbc45e608862b6a74fab218e9cf888f212cd32da,"{""box_angular_velocity"":[0.0,0.0,0.0],""box_linear_velocity"":[0.0,0.0,-0.196175486],""box_mass"":1.125,""box_pose"":[0.549999952,0.0,0.132547736,0.0,0.0,0.903440475,-0.428713351],""dof_position"":[-0.146500841,0.047033228,0.020142149,0.262921005,-0.225358963,-0.010130201,-0.047929183,-0.102373153,0.029881055,0.32979393,-0.185163349,0.050720308,-0.053569146,-0.007076314,-0.002628669,-0.005689438,0.168055788,-0.014534873,1.214684129,0.089634404,0.119642608,0.050104354,-0.021878893,-0.049701914,0.004483263,1.170707226,-0.072597921,-0.015892157,0.160671219],""dof_velocity"":[-1.063242555,0.309288293,-0.794798434,1.535060406,1.180030227,-0.762240529,-0.73944813,0.309553802,-1.181381226,-1.857584,-1.020252824,-2.361735344,2.346219301,1.007344365,-1.140043736,0.982482135,-2.125489235,0.169006094,-3.187772751,0.686356843,1.10351336,0.698946774,1.19337213,-2.565618515,-0.724920928,-3.691363335,1.241173863,-0.280104458,2.884586573],""goal"":[-3.450000048,0.0,0.398381144],""robot_root_angular_velocity"":[0.913533032,-0.784323692,-0.816340148],""robot_root_linear_velocity"":[-0.336854547,-0.08322756,-0.455430776],""robot_root_pose"":[2.289811373,-0.001951792,0.791970432,-0.021171462,-0.003340123,0.999766707,0.002667698]}",official carrybox.pt,False,3|smooth_hold|-box_y|0.3|2.0,636,0,114636,,,0,0,0.0,,,,,,,,,,,,,
official,T0205,legged_gym/resources/ckpt/carrybox.pt,3,smooth_hold,-box_y,0.5,0.5,0.1,0.15,0.15,1.125,5.518125,0.0,1,head_low,0,,,,0,0,4.000012397766113,bbc45e608862b6a74fab218e9cf888f212cd32da,"{""box_angular_velocity"":[0.0,0.0,0.0],""box_linear_velocity"":[0.0,0.0,-0.196175486],""box_mass"":1.125,""box_pose"":[0.549999952,0.0,0.132547736,0.0,0.0,0.903440475,-0.428713351],""dof_position"":[-0.146500841,0.047033228,0.020142149,0.262921005,-0.225358963,-0.010130201,-0.047929183,-0.102373153,0.029881055,0.32979393,-0.185163349,0.050720308,-0.053569146,-0.007076314,-0.002628669,-0.005689438,0.168055788,-0.014534873,1.214684129,0.089634404,0.119642608,0.050104354,-0.021878893,-0.049701914,0.004483263,1.170707226,-0.072597921,-0.015892157,0.160671219],""dof_velocity"":[-1.063242555,0.309288293,-0.794798434,1.535060406,1.180030227,-0.762240529,-0.73944813,0.309553802,-1.181381226,-1.857584,-1.020252824,-2.361735344,2.346219301,1.007344365,-1.140043736,0.982482135,-2.125489235,0.169006094,-3.187772751,0.686356843,1.10351336,0.698946774,1.19337213,-2.565618515,-0.724920928,-3.691363335,1.241173863,-0.280104458,2.884586573],""goal"":[-3.450000048,0.0,0.398381144],""robot_root_angular_velocity"":[0.913533032,-0.784323692,-0.816340148],""robot_root_linear_velocity"":[-0.336854547,-0.08322756,-0.455430776],""robot_root_pose"":[2.289811373,-0.001951792,0.791970432,-0.021171462,-0.003340123,0.999766707,0.002667698]}",official carrybox.pt,False,3|smooth_hold|-box_y|0.5|0.5,588,0,114796,,,0,0,0.0,,,,,,,,,,,,,
official,T0206,legged_gym/resources/ckpt/carrybox.pt,3,smooth_hold,-box_y,0.5,1.0,0.1,0.15,0.15,1.125,5.518125,0.0,1,timeout,0,,,,0,0,4.000012397766113,bbc45e608862b6a74fab218e9cf888f212cd32da,"{""box_angular_velocity"":[0.0,0.0,0.0],""box_linear_velocity"":[0.0,0.0,-0.196175486],""box_mass"":1.125,""box_pose"":[0.549999952,0.0,0.132547736,0.0,0.0,0.903440475,-0.428713351],""dof_position"":[-0.146500841,0.047033228,0.020142149,0.262921005,-0.225358963,-0.010130201,-0.047929183,-0.102373153,0.029881055,0.32979393,-0.185163349,0.050720308,-0.053569146,-0.007076314,-0.002628669,-0.005689438,0.168055788,-0.014534873,1.214684129,0.089634404,0.119642608,0.050104354,-0.021878893,-0.049701914,0.004483263,1.170707226,-0.072597921,-0.015892157,0.160671219],""dof_velocity"":[-1.063242555,0.309288293,-0.794798434,1.535060406,1.180030227,-0.762240529,-0.73944813,0.309553802,-1.181381226,-1.857584,-1.020252824,-2.361735344,2.346219301,1.007344365,-1.140043736,0.982482135,-2.125489235,0.169006094,-3.187772751,0.686356843,1.10351336,0.698946774,1.19337213,-2.565618515,-0.724920928,-3.691363335,1.241173863,-0.280104458,2.884586573],""goal"":[-3.450000048,0.0,0.398381144],""robot_root_angular_velocity"":[0.913533032,-0.784323692,-0.816340148],""robot_root_linear_velocity"":[-0.336854547,-0.08322756,-0.455430776],""robot_root_pose"":[2.289811373,-0.001951792,0.791970432,-0.021171462,-0.003340123,0.999766707,0.002667698]}",official carrybox.pt,False,3|smooth_hold|-box_y|0.5|1.0,6004,0,114944,,,0,0,0.0,,,,,,,,,,,,,
official,T0207,legged_gym/resources/ckpt/carrybox.pt,3,smooth_hold,-box_y,0.5,2.0,0.1,0.15,0.15,1.125,5.518125057220459,11.863968908159167,0,,1,1.617134928703308,1.7782777547836304,1.934692621231079,0,1,0.0384736210107803,656499c7737269bbf99659f8a1e472b972be2dec,"{""box_angular_velocity"":[0.065278083,-0.104395993,0.200537011],""box_linear_velocity"":[-0.069472849,-0.000226621,-0.220568269],""box_mass"":1.125,""box_pose"":[0.548742473,-7.226e-06,0.132107496,-0.001243555,-6.7233e-05,0.902691185,-0.430287242],""dof_position"":[-0.146603167,0.047088746,0.020172425,0.262992918,-0.225283712,-0.010112696,-0.048153121,-0.102354668,0.029902421,0.329790801,-0.184990674,0.050723653,-0.05327123,-0.007040003,-0.002366861,-0.005494672,0.168986946,-0.014469297,1.21427834,0.08953993,0.119314909,0.049172137,-0.021819754,-0.049903102,0.004483583,1.170749784,-0.072441772,-0.016184391,0.160966843],""dof_velocity"":[-1.078763843,0.308026761,-0.807544768,1.536745071,1.188232183,-0.760668635,-0.752218544,0.307107925,-1.195693612,-1.864547849,-1.014770508,-2.360440493,2.349421263,1.012825608,-1.137369514,0.980680466,-2.086541891,0.18066138,-3.168963432,0.689441264,1.063557506,0.671995103,1.199653745,-2.574178219,-0.728176773,-3.69134593,1.24347508,-0.288153946,2.902095795],""goal"":[-3.450000048,0.0,0.398381144],""robot_root_angular_velocity"":[0.916179121,-0.789807796,-0.817330301],""robot_root_linear_velocity"":[-0.33236438,-0.083713159,-0.453683645],""robot_root_pose"":[2.289895773,-0.001958312,0.792001009,-0.02115714,-0.003355937,0.999766588,0.002782667]}",official carrybox.pt,True,3|smooth_hold|-box_y|0.5|2.0,1648,1,116446,116643.0,197.0,460,860,11.863968908159167,5.518125057220459,0.7441860465116279,1.0,1.617134928703308,0.36780850568049867,2.13881778717041,5.466183662414551,7.999348331831915,165.9220733642578,0.3133944239034209,1.0,9.545181835096242,0.15335698774782264
official,T0208,legged_gym/resources/ckpt/carrybox.pt,3,smooth_hold,-box_y,0.7,0.5,0.1,0.15,0.15,1.125,7.725375,0.0,1,box_tilt|head_low,0,,,,0,0,4.000012397766113,65b3ca3da3b4fed74742e7742f51b170991cddfd,"{""box_angular_velocity"":[0.065279528,-0.104388289,0.200538158],""box_linear_velocity"":[-0.069472283,-0.000226536,-0.22056815],""box_mass"":1.125,""box_pose"":[0.548742473,-7.224e-06,0.132107496,-0.001243512,-6.7276e-05,0.902691185,-0.430287242],""dof_position"":[-0.146603137,0.04708875,0.020172426,0.262992918,-0.225283712,-0.010112701,-0.048153121,-0.102354668,0.029902428,0.329790801,-0.184990674,0.050723657,-0.053271219,-0.007040003,-0.002366869,-0.005494651,0.168986946,-0.0144693,1.214278221,0.08953993,0.119314954,0.049172137,-0.021819763,-0.049903084,0.004483589,1.170749784,-0.072441757,-0.01618439,0.160966918],""dof_velocity"":[-1.078764796,0.308028311,-0.807543457,1.536746025,1.188231468,-0.760668933,-0.752220392,0.307109207,-1.195692539,-1.864546061,-1.014771104,-2.360440254,2.349422455,1.012826443,-1.137371182,0.980682552,-2.086542368,0.180660978,-3.168968678,0.689441264,1.063561678,0.671994805,1.199653268,-2.57417655,-0.728176475,-3.691345215,1.243476152,-0.288155288,2.902099133],""goal"":[-3.450000048,0.0,0.398381144],""robot_root_angular_velocity"":[0.916179955,-0.789809227,-0.817331254],""robot_root_linear_velocity"":[-0.33236441,-0.083713122,-0.453683585],""robot_root_pose"":[2.289895773,-0.001958316,0.792001009,-0.021157146,-0.003355936,0.999766588,0.002782664]}",official carrybox.pt,False,3|smooth_hold|-box_y|0.7|0.5,2788,0,116859,,,0,0,0.0,,,,,,,,,,,,,
official,T0209,legged_gym/resources/ckpt/carrybox.pt,3,smooth_hold,-box_y,0.7,1.0,0.1,0.15,0.15,1.125,7.725375,0.0,1,box_tilt|timeout,0,,,,0,0,4.000012397766113,65b3ca3da3b4fed74742e7742f51b170991cddfd,"{""box_angular_velocity"":[0.065279528,-0.104388289,0.200538158],""box_linear_velocity"":[-0.069472283,-0.000226536,-0.22056815],""box_mass"":1.125,""box_pose"":[0.548742473,-7.224e-06,0.132107496,-0.001243512,-6.7276e-05,0.902691185,-0.430287242],""dof_position"":[-0.146603137,0.04708875,0.020172426,0.262992918,-0.225283712,-0.010112701,-0.048153121,-0.102354668,0.029902428,0.329790801,-0.184990674,0.050723657,-0.053271219,-0.007040003,-0.002366869,-0.005494651,0.168986946,-0.0144693,1.214278221,0.08953993,0.119314954,0.049172137,-0.021819763,-0.049903084,0.004483589,1.170749784,-0.072441757,-0.01618439,0.160966918],""dof_velocity"":[-1.078764796,0.308028311,-0.807543457,1.536746025,1.188231468,-0.760668933,-0.752220392,0.307109207,-1.195692539,-1.864546061,-1.014771104,-2.360440254,2.349422455,1.012826443,-1.137371182,0.980682552,-2.086542368,0.180660978,-3.168968678,0.689441264,1.063561678,0.671994805,1.199653268,-2.57417655,-0.728176475,-3.691345215,1.243476152,-0.288155288,2.902099133],""goal"":[-3.450000048,0.0,0.398381144],""robot_root_angular_velocity"":[0.916179955,-0.789809227,-0.817331254],""robot_root_linear_velocity"":[-0.33236441,-0.083713122,-0.453683585],""robot_root_pose"":[2.289895773,-0.001958316,0.792001009,-0.021157146,-0.003355936,0.999766588,0.002782664]}",official carrybox.pt,False,3|smooth_hold|-box_y|0.7|1.0,6004,0,117557,,,0,0,0.0,,,,,,,,,,,,,
official,T0210,legged_gym/resources/ckpt/carrybox.pt,3,smooth_hold,-box_y,0.7,2.0,0.1,0.15,0.15,1.125,7.725375175476074,16.60955669549371,0,,1,1.705004096031189,-1.0117968320846558,-0.887682318687439,0,1,0.0174257215112447,bbc45e608862b6a74fab218e9cf888f212cd32da,"{""box_angular_velocity"":[0.0,0.0,0.0],""box_linear_velocity"":[0.0,0.0,-0.196175486],""box_mass"":1.125,""box_pose"":[0.549999952,0.0,0.132547736,0.0,0.0,0.903440475,-0.428713351],""dof_position"":[-0.146500841,0.047033228,0.020142149,0.262921005,-0.225358963,-0.010130201,-0.047929183,-0.102373153,0.029881055,0.32979393,-0.185163349,0.050720308,-0.053569146,-0.007076314,-0.002628669,-0.005689438,0.168055788,-0.014534873,1.214684129,0.089634404,0.119642608,0.050104354,-0.021878893,-0.049701914,0.004483263,1.170707226,-0.072597921,-0.015892157,0.160671219],""dof_velocity"":[-1.063242555,0.309288293,-0.794798434,1.535060406,1.180030227,-0.762240529,-0.73944813,0.309553802,-1.181381226,-1.857584,-1.020252824,-2.361735344,2.346219301,1.007344365,-1.140043736,0.982482135,-2.125489235,0.169006094,-3.187772751,0.686356843,1.10351336,0.698946774,1.19337213,-2.565618515,-0.724920928,-3.691363335,1.241173863,-0.280104458,2.884586573],""goal"":[-3.450000048,0.0,0.398381144],""robot_root_angular_velocity"":[0.913533032,-0.784323692,-0.816340148],""robot_root_linear_velocity"":[-0.336854547,-0.08322756,-0.455430776],""robot_root_pose"":[2.289811373,-0.001951792,0.791970432,-0.021171462,-0.003340123,0.999766707,0.002667698]}",official carrybox.pt,True,3|smooth_hold|-box_y|0.7|2.0,2632,1,119059,119502.0,443.0,460,860,16.60955669549371,7.725375175476074,0.3569767441860465,1.0,1.705004096031189,0.45742555619650627,2.00559139251709,8.588624000549316,-0.6298194733686572,1.3807458877563477,0.681523393843388,1.0,3.223744486519244,0.0733585421565675
official,T0211,legged_gym/resources/ckpt/carrybox.pt,3,smooth_hold,-box_y,0.9,0.5,0.1,0.15,0.15,1.125,9.932625,0.0,1,head_low,0,,,,0,0,4.000012397766113,656499c7737269bbf99659f8a1e472b972be2dec,"{""box_angular_velocity"":[0.065278083,-0.104395993,0.200537011],""box_linear_velocity"":[-0.069472849,-0.000226621,-0.220568269],""box_mass"":1.125,""box_pose"":[0.548742473,-7.226e-06,0.132107496,-0.001243555,-6.7233e-05,0.902691185,-0.430287242],""dof_position"":[-0.146603167,0.047088746,0.020172425,0.262992918,-0.225283712,-0.010112696,-0.048153121,-0.102354668,0.029902421,0.329790801,-0.184990674,0.050723653,-0.05327123,-0.007040003,-0.002366861,-0.005494672,0.168986946,-0.014469297,1.21427834,0.08953993,0.119314909,0.049172137,-0.021819754,-0.049903102,0.004483583,1.170749784,-0.072441772,-0.016184391,0.160966843],""dof_velocity"":[-1.078763843,0.308026761,-0.807544768,1.536745071,1.188232183,-0.760668635,-0.752218544,0.307107925,-1.195693612,-1.864547849,-1.014770508,-2.360440493,2.349421263,1.012825608,-1.137369514,0.980680466,-2.086541891,0.18066138,-3.168963432,0.689441264,1.063557506,0.671995103,1.199653745,-2.574178219,-0.728176773,-3.69134593,1.24347508,-0.288153946,2.902095795],""goal"":[-3.450000048,0.0,0.398381144],""robot_root_angular_velocity"":[0.916179121,-0.789807796,-0.817330301],""robot_root_linear_velocity"":[-0.33236438,-0.083713159,-0.453683645],""robot_root_pose"":[2.289895773,-0.001958312,0.792001009,-0.02115714,-0.003355937,0.999766588,0.002782667]}",official carrybox.pt,False,3|smooth_hold|-box_y|0.9|0.5,640,0,119718,,,0,0,0.0,,,,,,,,,,,,,
official,T0212,legged_gym/resources/ckpt/carrybox.pt,3,smooth_hold,-box_y,0.9,1.0,0.1,0.15,0.15,1.125,9.932625,0.0,1,box_tilt|head_low,0,,,,0,0,4.005890846252441,1ae4c5b74ec6595622644c3e7b0393f0a432e395,"{""box_angular_velocity"":[0.065176576,-0.104502693,0.200618237],""box_linear_velocity"":[-0.06946104,-0.000224431,-0.220561773],""box_mass"":1.125,""box_pose"":[0.548742712,-7.191e-06,0.132107615,-0.001243231,-6.6169e-05,0.902691126,-0.430287093],""dof_position"":[-0.146603644,0.047095027,0.020173153,0.262994856,-0.225282282,-0.010113143,-0.048158512,-0.102349393,0.029903503,0.329791963,-0.184986576,0.050722867,-0.053265803,-0.007037419,-0.002359386,-0.005497802,0.16898939,-0.014467037,1.214274287,0.089537561,0.119316369,0.049170658,-0.021795027,-0.049920578,0.004492286,1.170738339,-0.072432421,-0.016250683,0.160987094],""dof_velocity"":[-1.078983784,0.308089465,-0.807939589,1.536821723,1.188435435,-0.760598421,-0.752441287,0.30713293,-1.196113348,-1.864605069,-1.014690042,-2.360372543,2.349104643,1.012829304,-1.137110472,0.98082608,-2.086340904,0.180788085,-3.169378519,0.689117551,1.063593149,0.671993196,1.199804187,-2.574685812,-0.729206741,-3.690297842,1.242561698,-0.291357905,2.903037548],""goal"":[-3.450000048,0.0,0.398381144],""robot_root_angular_velocity"":[0.916204393,-0.789786339,-0.81742239],""robot_root_linear_velocity"":[-0.332253188,-0.083646968,-0.453666896],""robot_root_pose"":[2.289898396,-0.00195731,0.792001843,-0.021156108,-0.00335721,0.999766588,0.002786794]}",official carrybox.pt,False,3|smooth_hold|-box_y|0.9|1.0,964,0,119879,,,0,0,0.0,,,,,,,,,,,,,
official,T0213,legged_gym/resources/ckpt/carrybox.pt,3,smooth_hold,-box_y,0.9,2.0,0.1,0.15,0.15,1.125,9.932625,0.0,1,timeout,0,,,,0,0,4.000012397766113,bbc45e608862b6a74fab218e9cf888f212cd32da,"{""box_angular_velocity"":[0.0,0.0,0.0],""box_linear_velocity"":[0.0,0.0,-0.196175486],""box_mass"":1.125,""box_pose"":[0.549999952,0.0,0.132547736,0.0,0.0,0.903440475,-0.428713351],""dof_position"":[-0.146500841,0.047033228,0.020142149,0.262921005,-0.225358963,-0.010130201,-0.047929183,-0.102373153,0.029881055,0.32979393,-0.185163349,0.050720308,-0.053569146,-0.007076314,-0.002628669,-0.005689438,0.168055788,-0.014534873,1.214684129,0.089634404,0.119642608,0.050104354,-0.021878893,-0.049701914,0.004483263,1.170707226,-0.072597921,-0.015892157,0.160671219],""dof_velocity"":[-1.063242555,0.309288293,-0.794798434,1.535060406,1.180030227,-0.762240529,-0.73944813,0.309553802,-1.181381226,-1.857584,-1.020252824,-2.361735344,2.346219301,1.007344365,-1.140043736,0.982482135,-2.125489235,0.169006094,-3.187772751,0.686356843,1.10351336,0.698946774,1.19337213,-2.565618515,-0.724920928,-3.691363335,1.241173863,-0.280104458,2.884586573],""goal"":[-3.450000048,0.0,0.398381144],""robot_root_angular_velocity"":[0.913533032,-0.784323692,-0.816340148],""robot_root_linear_velocity"":[-0.336854547,-0.08322756,-0.455430776],""robot_root_pose"":[2.289811373,-0.001951792,0.791970432,-0.021171462,-0.003340123,0.999766707,0.002667698]}",official carrybox.pt,False,3|smooth_hold|-box_y|0.9|2.0,6004,0,120121,,,0,0,0.0,,,,,,,,,,,,,
official,T0214,legged_gym/resources/ckpt/carrybox.pt,3,smooth_hold,-box_y,1.1,0.5,0.1,0.15,0.15,1.125,12.139875000000002,0.0,1,head_low,0,,,,0,0,4.00835657119751,1e53fa6ce042c6192a42866cdda4c05d9f58b85d,"{""box_angular_velocity"":[0.103869297,-0.06623362,0.21868211],""box_linear_velocity"":[-0.06943319,0.000424679,-0.221355662],""box_mass"":1.125,""box_pose"":[0.548743665,4.355e-06,0.132093281,-0.001075491,-0.000539312,0.902625442,-0.430425107],""dof_position"":[-0.146601841,0.047065873,0.020167176,0.26299414,-0.225277454,-0.01011448,-0.048137411,-0.102368966,0.029901426,0.329802334,-0.184993729,0.050722491,-0.053297665,-0.007054988,-0.002360561,-0.00550509,0.168971866,-0.014474364,1.214282751,0.089548759,0.119324461,0.049184296,-0.021774674,-0.049887367,0.004517698,1.170702934,-0.072536521,-0.016320862,0.161089107],""dof_velocity"":[-1.07889092,0.307840317,-0.806420088,1.536815643,1.188220978,-0.760925949,-0.752188921,0.307298034,-1.194379091,-1.864142418,-1.013976812,-2.360672235,2.349083185,1.012851954,-1.13733995,0.980408311,-2.087636709,0.180539161,-3.169444084,0.690170705,1.064436197,0.672292352,1.19989562,-2.573480844,-0.728689313,-3.689707756,1.237321377,-0.296958297,2.906873226],""goal"":[-3.450000048,0.0,0.398381144],""robot_root_angular_velocity"":[0.915792406,-0.789535999,-0.816276789],""robot_root_linear_velocity"":[-0.332315654,-0.083729438,-0.453686118],""robot_root_pose"":[2.289896965,-0.001957202,0.792001069,-0.021151306,-0.003347797,0.999766827,0.002763931]}",official carrybox.pt,False,3|smooth_hold|-box_y|1.1|0.5,604,0,121623,,,0,0,0.0,,,,,,,,,,,,,
official,T0215,legged_gym/resources/ckpt/carrybox.pt,3,smooth_hold,-box_y,1.1,1.0,0.1,0.15,0.15,1.125,12.139875000000002,0.0,1,head_low,0,,,,0,0,4.00835657119751,425944e824b7e9510068bf503f75c12053de569d,"{""box_angular_velocity"":[0.065175518,-0.104507953,0.200617388],""box_linear_velocity"":[-0.06946139,-0.000224486,-0.220561847],""box_mass"":1.125,""box_pose"":[0.548742712,-7.192e-06,0.132107615,-0.001243261,-6.6139e-05,0.902691245,-0.430287123],""dof_position"":[-0.146603659,0.047095034,0.020173151,0.262994856,-0.225282282,-0.010113142,-0.048158512,-0.102349393,0.029903507,0.329791963,-0.184986576,0.050722867,-0.053265799,-0.007037419,-0.002359389,-0.005497809,0.16898939,-0.014467039,1.214274287,0.089537561,0.119316384,0.049170658,-0.021795021,-0.049920566,0.004492287,1.170738339,-0.072432436,-0.016250692,0.160987094],""dof_velocity"":[-1.078983188,0.308089316,-0.807939589,1.536821723,1.188435555,-0.760598481,-0.752440691,0.3071329,-1.19611299,-1.864604831,-1.014690161,-2.360372305,2.349104643,1.012829185,-1.137110114,0.980825663,-2.086340904,0.180788472,-3.169378281,0.689117849,1.06359303,0.671993136,1.199804544,-2.574684858,-0.729206324,-3.690296412,1.242561817,-0.291357279,2.90303731],""goal"":[-3.450000048,0.0,0.398381144],""robot_root_angular_velocity"":[0.916204333,-0.789785326,-0.817422509],""robot_root_linear_velocity"":[-0.332253397,-0.08364699,-0.453667015],""robot_root_pose"":[2.289898396,-0.001957312,0.792001843,-0.021156108,-0.00335721,0.999766588,0.002786797]}",official carrybox.pt,False,3|smooth_hold|-box_y|1.1|1.0,604,0,121775,,,0,0,0.0,,,,,,,,,,,,,
official,T0216,legged_gym/resources/ckpt/carrybox.pt,3,smooth_hold,-box_y,1.1,2.0,0.1,0.15,0.15,1.125,12.139875000000002,0.0,1,timeout,0,,,,0,0,4.000012397766113,1ae4c5b74ec6595622644c3e7b0393f0a432e395,"{""box_angular_velocity"":[0.065176576,-0.104502693,0.200618237],""box_linear_velocity"":[-0.06946104,-0.000224431,-0.220561773],""box_mass"":1.125,""box_pose"":[0.548742712,-7.191e-06,0.132107615,-0.001243231,-6.6169e-05,0.902691126,-0.430287093],""dof_position"":[-0.146603644,0.047095027,0.020173153,0.262994856,-0.225282282,-0.010113143,-0.048158512,-0.102349393,0.029903503,0.329791963,-0.184986576,0.050722867,-0.053265803,-0.007037419,-0.002359386,-0.005497802,0.16898939,-0.014467037,1.214274287,0.089537561,0.119316369,0.049170658,-0.021795027,-0.049920578,0.004492286,1.170738339,-0.072432421,-0.016250683,0.160987094],""dof_velocity"":[-1.078983784,0.308089465,-0.807939589,1.536821723,1.188435435,-0.760598421,-0.752441287,0.30713293,-1.196113348,-1.864605069,-1.014690042,-2.360372543,2.349104643,1.012829304,-1.137110472,0.98082608,-2.086340904,0.180788085,-3.169378519,0.689117551,1.063593149,0.671993196,1.199804187,-2.574685812,-0.729206741,-3.690297842,1.242561698,-0.291357905,2.903037548],""goal"":[-3.450000048,0.0,0.398381144],""robot_root_angular_velocity"":[0.916204393,-0.789786339,-0.81742239],""robot_root_linear_velocity"":[-0.332253188,-0.083646968,-0.453666896],""robot_root_pose"":[2.289898396,-0.00195731,0.792001843,-0.021156108,-0.00335721,0.999766588,0.002786794]}",official carrybox.pt,False,3|smooth_hold|-box_y|1.1|2.0,6004,0,121927,,,0,0,0.0,,,,,,,,,,,,,
retrained,T0001,legged_gym/logs/recarry/model_19999.pt,1,half_sine,+box_x,0.1,0.0,0.1,0.15,0.15,1.125,1.1036250591278076,0.070331240251707,0,,1,2.242499351501465,-0.3717806339263916,-0.8525161743164062,0,0,0.0853130668401718,a53cc3ce3a4f72545746a960d85a88a4cb7c55c7,"{""box_angular_velocity"":[0.052813604,-0.61719048,0.097776957],""box_linear_velocity"":[0.099004641,0.001751654,-0.153116629],""box_mass"":1.125,""box_pose"":[0.551801264,2.9168e-05,0.133338079,-0.004432986,-0.004249552,0.764709413,0.64434588],""dof_position"":[-0.115173042,-0.065072939,-0.012358592,0.300250411,-0.195336118,-0.019023187,-0.082784377,0.029120825,0.001185866,0.296218812,-0.224485651,0.03952783,0.047393166,0.019156693,-0.040112525,-0.043044019,0.18166624,0.01203537,1.148338437,0.008116277,-0.077845,0.0535734,-0.03779199,-0.151439264,0.00798588,1.154733062,-0.111371197,0.014442713,-0.007521295],""dof_velocity"":[1.482986331,0.704375029,2.087523699,-2.442823648,1.301242709,0.711632967,1.513364434,-0.998464108,-1.990905046,-1.051187038,1.436469555,-2.257259369,-2.372486591,-0.354049146,0.600243926,2.464918852,-1.173290014,0.213889375,-1.471857548,-0.605653286,-0.288859844,1.063052773,-0.156218186,1.539268374,-0.361406863,1.440126061,-0.98511523,-1.490122795,-0.812418997],""goal"":[-3.450000048,0.0,0.144999996],""robot_root_angular_velocity"":[-0.641173482,0.957943201,1.16646862],""robot_root_linear_velocity"":[0.107856616,-0.061188579,0.207180321],""robot_root_pose"":[2.304545164,-0.000312981,0.805772603,0.016877364,0.006440008,0.99978596,-0.010084323]}",retrained.pt,True,1|half_sine|+box_x|0.1|0.0,2556,1,2,536.0,534.0,20,420,0.070331240251707,1.100222945213318,0.8214285714285714,1.0,2.361727714538574,0.5309242725549709,1.98835027217865,6.444123268127441,0.8054213443017076,31.375417709350582,0.12591252042024972,1.0,3.996534453545298,0.09445317414876103
retrained,T0002,legged_gym/logs/recarry/model_19999.pt,1,half_sine,+box_x,0.3,0.0,0.1,0.15,0.15,1.125,3.310875177383423,0.2109937146828982,0,,1,1.872000217437744,0.4856707453727722,-0.2224047631025314,0,0,0.2868496775627136,83299352ef534b0a936a5ec3f19230931378c4cc,"{""box_angular_velocity"":[0.0,0.0,0.0],""box_linear_velocity"":[0.0,0.0,-0.196175486],""box_mass"":1.125,""box_pose"":[0.549999952,0.0,0.132547736,0.0,0.0,0.764192939,0.644987702],""dof_position"":[-0.11559584,-0.064742185,-0.012320408,0.300361097,-0.19507052,-0.019001806,-0.083479367,0.029398758,0.001167341,0.296319366,-0.223998904,0.039559077,0.048017539,0.019732829,-0.039582636,-0.042686604,0.180484161,0.011865547,1.147352219,0.008330679,-0.078113467,0.054438904,-0.037822187,-0.151109159,0.008053708,1.154164076,-0.111383513,0.014411845,-0.008215496],""dof_velocity"":[1.46047008,0.70299387,2.068391562,-2.447636366,1.321199536,0.714568913,1.4855299,-1.002190471,-2.011184454,-1.063728094,1.450660944,-2.256075382,-2.361997843,-0.341720253,0.624095738,2.463321447,-1.212936997,0.203235909,-1.455067873,-0.605858266,-0.349245667,1.082460642,-0.168331116,1.565059066,-0.356749266,1.445297718,-0.988620937,-1.515203953,-0.839697301],""goal"":[-3.450000048,0.0,0.144999996],""robot_root_angular_velocity"":[-0.634867072,0.955387414,1.158340216],""robot_root_linear_velocity"":[0.119183898,-0.061463762,0.209654272],""robot_root_pose"":[2.304764032,-0.000354521,0.805820584,0.016867422,0.006286464,0.999789536,-0.009844875]}",retrained.pt,True,1|half_sine|+box_x|0.3|0.0,2348,1,642,1124.0,482.0,20,420,0.2109937146828982,3.300668954849243,0.7071428571428572,1.0,2.0319085121154785,0.46554131318061126,1.6782015562057495,4.55830717086792,2.693006816454276,26.01077079772949,0.3025695949122088,1.0,5.272556128641147,0.08087416263615953
retrained,T0003,legged_gym/logs/recarry/model_19999.pt,1,half_sine,+box_x,0.5,0.0,0.1,0.15,0.15,1.125,5.518125057220459,0.351656175144251,0,,1,0.4421189129352569,-0.2780861556529999,-0.5720750689506531,1,0,0.5517916679382324,8686b8759e303de1b9dcd8c4226ee5761c093f21,"{""box_angular_velocity"":[0.052818909,-0.617193997,0.097779892],""box_linear_velocity"":[0.099004783,0.001751711,-0.153116554],""box_mass"":1.125,""box_pose"":[0.551801264,2.9169e-05,0.133338079,-0.004432955,-0.004249581,0.764709473,0.64434588],""dof_position"":[-0.115173273,-0.065072939,-0.012358559,0.300250351,-0.195336089,-0.019023187,-0.082784683,0.029120829,0.001185883,0.296218961,-0.224485591,0.03952783,0.047393195,0.019156681,-0.040112667,-0.043043997,0.18166624,0.012035387,1.148338437,0.008116276,-0.077845,0.0535734,-0.037792016,-0.151439279,0.007985869,1.154733062,-0.111371219,0.014442697,-0.007521289],""dof_velocity"":[1.482971191,0.704375625,2.087524414,-2.442824841,1.301244497,0.711632669,1.513340116,-0.998463988,-1.990904808,-1.051182866,1.436479807,-2.257259607,-2.372484446,-0.354048729,0.600233555,2.464917421,-1.173290372,0.213890702,-1.471856356,-0.605654061,-0.288861006,1.063053846,-0.156221375,1.539267898,-0.361408114,1.440126777,-0.985117376,-1.490123034,-0.812418342],""goal"":[-3.450000048,0.0,0.144999996],""robot_root_angular_velocity"":[-0.641172588,0.957930326,1.166464686],""robot_root_linear_velocity"":[0.107858129,-0.061188579,0.207180291],""robot_root_pose"":[2.304544687,-0.00031296,0.805772424,0.016877344,0.006440034,0.99978596,-0.010084333]}",retrained.pt,True,1|half_sine|+box_x|0.5|0.0,2112,1,1230,1653.0,423.0,20,420,0.351656175144251,5.501114845275879,0.9952380952380953,1.0,0.8691207766532898,0.20885407880303405,1.514477252960205,4.199868679046631,-0.14198500100866937,3.0859217643737797,0.1346865361002052,0.9998443126678468,4.152916572633243,0.07246862923830985
retrained,T0004,legged_gym/logs/recarry/model_19999.pt,1,half_sine,+box_x,0.7,0.0,0.1,0.15,0.15,1.125,7.725375175476074,0.4923186469304861,0,,1,2.5696842670440674,-0.3078492879867553,-0.1444444209337234,0,0,0.1499983221292495,54735bbc2d5c020ebf2212d65c6012bd3be4fa7d,"{""box_angular_velocity"":[-0.065029129,-0.667081654,-0.083106987],""box_linear_velocity"":[0.124231145,-0.002152979,-0.143273592],""box_mass"":1.125,""box_pose"":[0.552236259,-3.837e-05,0.133509398,-0.005410017,-0.003918193,0.763651073,0.645594478],""dof_position"":[-0.114737421,-0.064576775,-0.012177479,0.30020234,-0.195679337,-0.019031428,-0.082863234,0.029562535,0.001354899,0.296207041,-0.224343851,0.039540611,0.048233103,0.019581692,-0.040244203,-0.042245984,0.180951744,0.011975675,1.147889256,0.008287588,-0.078190334,0.054184459,-0.037748113,-0.151646331,0.007982098,1.154853106,-0.111453995,0.014409716,-0.00734467],""dof_velocity"":[1.501181006,0.705713212,2.05553937,-2.424860477,1.287828922,0.713569343,1.523516655,-0.998817146,-2.022927046,-1.054804564,1.430780768,-2.254136562,-2.363176584,-0.347920746,0.610706151,2.473987579,-1.192495704,0.209756017,-1.435200691,-0.609657586,-0.339824677,1.079496741,-0.164171338,1.540095329,-0.361753106,1.446438551,-0.992466688,-1.489074945,-0.808125079],""goal"":[-3.450000048,0.0,0.144999996],""robot_root_angular_velocity"":[-0.6333583,0.970243633,1.146048784],""robot_root_linear_velocity"":[0.105748765,-0.060057629,0.205681637],""robot_root_pose"":[2.30449748,-0.000334116,0.805750847,0.016911669,0.006278872,0.999791026,-0.009612462]}",retrained.pt,True,1|half_sine|+box_x|0.7|0.0,2244,1,1759,2215.0,456.0,20,420,0.4923186469304861,7.701560497283935,0.719047619047619,1.0,2.6732664108276367,0.4817660331637377,2.6399829387664795,7.099799633026123,-0.6681392935592504,66.81632995605469,0.29435578645650473,1.0,3.432708928432493,0.07500564334016718
retrained,T0005,legged_gym/logs/recarry/model_19999.pt,1,half_sine,+box_x,0.9,0.0,0.1,0.15,0.15,1.125,9.932625,0.0,1,other,0,,,,0,0,4.00006628036499,8686b8759e303de1b9dcd8c4226ee5761c093f21,"{""box_angular_velocity"":[0.052818909,-0.617193997,0.097779892],""box_linear_velocity"":[0.099004783,0.001751711,-0.153116554],""box_mass"":1.125,""box_pose"":[0.551801264,2.9169e-05,0.133338079,-0.004432955,-0.004249581,0.764709473,0.64434588],""dof_position"":[-0.115173273,-0.065072939,-0.012358559,0.300250351,-0.195336089,-0.019023187,-0.082784683,0.029120829,0.001185883,0.296218961,-0.224485591,0.03952783,0.047393195,0.019156681,-0.040112667,-0.043043997,0.18166624,0.012035387,1.148338437,0.008116276,-0.077845,0.0535734,-0.037792016,-0.151439279,0.007985869,1.154733062,-0.111371219,0.014442697,-0.007521289],""dof_velocity"":[1.482971191,0.704375625,2.087524414,-2.442824841,1.301244497,0.711632669,1.513340116,-0.998463988,-1.990904808,-1.051182866,1.436479807,-2.257259607,-2.372484446,-0.354048729,0.600233555,2.464917421,-1.173290372,0.213890702,-1.471856356,-0.605654061,-0.288861006,1.063053846,-0.156221375,1.539267898,-0.361408114,1.440126777,-0.985117376,-1.490123034,-0.812418342],""goal"":[-3.450000048,0.0,0.144999996],""robot_root_angular_velocity"":[-0.641172588,0.957930326,1.166464686],""robot_root_linear_velocity"":[0.107858129,-0.061188579,0.207180291],""robot_root_pose"":[2.304544687,-0.00031296,0.805772424,0.016877344,0.006440034,0.99978596,-0.010084333]}",retrained.pt,False,1|half_sine|+box_x|0.9|0.0,456,0,2321,,,0,0,0.0,,,,,,,,,,,,,
retrained,T0006,legged_gym/logs/recarry/model_19999.pt,1,half_sine,+box_x,1.1,0.0,0.1,0.15,0.15,1.125,12.13987636566162,0.7736436769296893,0,,1,2.246628761291504,0.7048055529594421,-0.0220945850014686,0,0,0.4337232708930969,b27d1697672e2b85fd62e9ec2751974d59a7d1ee,"{""box_angular_velocity"":[0.052859209,-0.618663371,0.096824944],""box_linear_velocity"":[0.09898068,0.001741497,-0.153114095],""box_mass"":1.125,""box_pose"":[0.551800907,2.8996e-05,0.133338124,-0.004441679,-0.004257388,0.764704168,0.644352138],""dof_position"":[-0.114779845,-0.065066949,-0.012380955,0.300164282,-0.195563808,-0.01902914,-0.082597077,0.029128926,0.001190037,0.296267509,-0.22451894,0.039530277,0.04744577,0.019170379,-0.040060736,-0.042929623,0.181663498,0.012028153,1.148317814,0.00811698,-0.077840701,0.053572364,-0.037716761,-0.15143773,0.008025076,1.154737353,-0.111387856,0.014454829,-0.007514081],""dof_velocity"":[1.481083751,0.704236984,2.081955671,-2.431334019,1.286454916,0.710921586,1.507439733,-0.998560786,-1.996234536,-1.051066875,1.440390706,-2.257134914,-2.374393225,-0.353459537,0.583138764,2.472861052,-1.17366004,0.21492295,-1.46590054,-0.603846192,-0.292690516,1.062561631,-0.150399908,1.540598512,-0.364446491,1.445580602,-0.992908597,-1.492085695,-0.810270905],""goal"":[-3.450000048,0.0,0.144999996],""robot_root_angular_velocity"":[-0.639774263,0.95171392,1.166476369],""robot_root_linear_velocity"":[0.106566094,-0.061222158,0.20716311],""robot_root_pose"":[2.304522514,-0.000314953,0.805774689,0.016957598,0.006438537,0.999785006,-0.010043745]}",retrained.pt,True,1|half_sine|+box_x|1.1|0.0,2320,1,2436,2911.0,475.0,20,420,0.7736436769296893,12.102453231811523,0.6714285714285714,1.0,2.3185925483703613,0.6339728499984457,2.4426920413970947,5.810073375701904,3.557013994779083,12.5321683883667,0.3006472696511385,1.0,5.803119470804398,0.0770587578489323
retrained,T0007,legged_gym/logs/recarry/model_19999.pt,1,half_sine,-box_x,0.1,0.0,0.1,0.15,0.15,1.125,1.1036250591278076,0.0703312390223613,0,,1,2.6783440113067627,-0.0768338292837143,-0.4537013173103332,0,0,0.1752705425024032,8686b8759e303de1b9dcd8c4226ee5761c093f21,"{""box_angular_velocity"":[0.052818909,-0.617193997,0.097779892],""box_linear_velocity"":[0.099004783,0.001751711,-0.153116554],""box_mass"":1.125,""box_pose"":[0.551801264,2.9169e-05,0.133338079,-0.004432955,-0.004249581,0.764709473,0.64434588],""dof_position"":[-0.115173273,-0.065072939,-0.012358559,0.300250351,-0.195336089,-0.019023187,-0.082784683,0.029120829,0.001185883,0.296218961,-0.224485591,0.03952783,0.047393195,0.019156681,-0.040112667,-0.043043997,0.18166624,0.012035387,1.148338437,0.008116276,-0.077845,0.0535734,-0.037792016,-0.151439279,0.007985869,1.154733062,-0.111371219,0.014442697,-0.007521289],""dof_velocity"":[1.482971191,0.704375625,2.087524414,-2.442824841,1.301244497,0.711632669,1.513340116,-0.998463988,-1.990904808,-1.051182866,1.436479807,-2.257259607,-2.372484446,-0.354048729,0.600233555,2.464917421,-1.173290372,0.213890702,-1.471856356,-0.605654061,-0.288861006,1.063053846,-0.156221375,1.539267898,-0.361408114,1.440126777,-0.985117376,-1.490123034,-0.812418342],""goal"":[-3.450000048,0.0,0.144999996],""robot_root_angular_velocity"":[-0.641172588,0.957930326,1.166464686],""robot_root_linear_velocity"":[0.107858129,-0.061188579,0.207180291],""robot_root_pose"":[2.304544687,-0.00031296,0.805772424,0.016877344,0.006440034,0.99978596,-0.010084333]}",retrained.pt,True,1|half_sine|-box_x|0.1|0.0,2196,1,3017,3461.0,444.0,20,420,0.0703312390223613,1.100222945213318,0.39285714285714285,1.0,2.791496515274048,0.6472239694957223,2.7109334468841557,8.846665382385254,-2.3281070772114965,2.0059516429901123,0.6065375959697468,1.0,6.427126753897894,0.42320495035653166
retrained,T0008,legged_gym/logs/recarry/model_19999.pt,1,half_sine,-box_x,0.3,0.0,0.1,0.15,0.15,1.125,3.310875177383423,0.210993714384875,0,,1,2.4527335166931152,0.5046287775039673,0.4346555471420288,0,0,0.1412723511457443,c206d8b4839eb9ea28f8a9f2ab9e4662b1410a26,"{""box_angular_velocity"":[0.053298887,-0.618657708,0.095036522],""box_linear_velocity"":[0.098935552,0.001720826,-0.153133973],""box_mass"":1.125,""box_pose"":[0.551800132,2.8642e-05,0.133337811,-0.004440581,-0.004261762,0.764694333,0.644363701],""dof_position"":[-0.114999332,-0.065067641,-0.012369744,0.300308198,-0.195378378,-0.019023055,-0.08242888,0.029134644,0.00118326,0.296182662,-0.224695161,0.039529666,0.047347214,0.019161981,-0.040058918,-0.042976338,0.181667626,0.012009907,1.148323894,0.00814761,-0.077822492,0.053558707,-0.037694853,-0.151433319,0.008003069,1.154729724,-0.111355357,0.014443137,-0.007529631],""dof_velocity"":[1.477447987,0.705407679,2.09147644,-2.442127228,1.30432713,0.711517692,1.512648463,-0.997116625,-1.98724401,-1.043162584,1.428779125,-2.256945848,-2.37139225,-0.356207252,0.584443152,2.47104454,-1.173332691,0.215428308,-1.467737079,-0.600170076,-0.290589273,1.061267376,-0.149324,1.540778756,-0.363283366,1.445995688,-0.988294005,-1.493115187,-0.811958909],""goal"":[-3.450000048,0.0,0.144999996],""robot_root_angular_velocity"":[-0.641455829,0.95225358,1.16732049],""robot_root_linear_velocity"":[0.10666772,-0.061104987,0.207147211],""robot_root_pose"":[2.304525614,-0.000311709,0.805774212,0.016953837,0.006435739,0.999784291,-0.010121733]}",retrained.pt,True,1|half_sine|-box_x|0.3|0.0,2184,1,3567,4008.0,441.0,20,420,0.210993714384875,3.300668954849243,0.6095238095238096,1.0,2.5096445083618164,0.5559527642492738,2.476860284805298,10.299062728881836,2.276812525421736,116.99267578125,0.39969735156184816,1.0,6.261622000396962,0.27105950234763443
retrained,T0009,legged_gym/logs/recarry/model_19999.pt,1,half_sine,-box_x,0.5,0.0,0.1,0.15,0.15,1.125,5.518125057220459,0.3516561817007618,0,,1,2.02243709564209,0.1056722849607467,0.1300408542156219,0,0,0.2012530863285064,fd18d8c742df6fa8b07ca0485a7882c450e7822d,"{""box_angular_velocity"":[0.053334769,-0.618658841,0.09496025],""box_linear_velocity"":[0.09893623,0.001720231,-0.153133661],""box_mass"":1.125,""box_pose"":[0.551800132,2.8633e-05,0.133337811,-0.004440459,-0.004262005,0.764693975,0.644364178],""dof_position"":[-0.114998408,-0.065069608,-0.012369461,0.300308198,-0.195378736,-0.019023104,-0.082427375,0.029132668,0.001183611,0.296181947,-0.224695161,0.039529625,0.047347151,0.019159993,-0.040057838,-0.042976495,0.181667969,0.012009949,1.148323774,0.00814769,-0.077822387,0.053558696,-0.037694912,-0.151432917,0.008003224,1.154729724,-0.111355126,0.014443203,-0.007529714],""dof_velocity"":[1.477561831,0.705355167,2.091474295,-2.442086697,1.304271698,0.7115044,1.512838006,-0.997166574,-1.987237692,-1.043241382,1.428741336,-2.256959915,-2.37140131,-0.356241941,0.584544539,2.471044779,-1.173344254,0.215416417,-1.467748761,-0.600172877,-0.290580213,1.061277628,-0.149314702,1.540764809,-0.36326921,1.445976853,-0.988273025,-1.493102908,-0.811954975],""goal"":[-3.450000048,0.0,0.144999996],""robot_root_angular_velocity"":[-0.641504049,0.952359855,1.167339325],""robot_root_linear_velocity"":[0.1066579,-0.061108161,0.207148343],""robot_root_pose"":[2.304525137,-0.000311689,0.805774093,0.016953995,0.00643645,0.999784291,-0.010121521]}",retrained.pt,True,1|half_sine|-box_x|0.5|0.0,2684,1,4114,4680.0,566.0,20,420,0.3516561817007618,5.501114845275879,0.6023809523809524,1.0,2.106562852859497,0.5535938477409738,1.7191449403762815,11.298526763916016,0.525472227918605,113.14620208740234,0.40262626809999347,1.0,3.8240142782529194,0.09556165378086179
retrained,T0010,legged_gym/logs/recarry/model_19999.pt,1,half_sine,-box_x,0.7,0.0,0.1,0.15,0.15,1.125,7.725375175476074,0.4923186671960649,0,,1,2.648052215576172,0.0734246522188186,-0.6682665348052979,0,0,0.1238651052117347,b0cbf6b385539cb493bb2b0547b948db22806fe3,"{""box_angular_velocity"":[0.052825101,-0.617183328,0.097809732],""box_linear_velocity"":[0.099008836,0.001752267,-0.15311484],""box_mass"":1.125,""box_pose"":[0.551801264,2.9181e-05,0.133338109,-0.004432745,-0.00424944,0.764709711,0.644345582],""dof_position"":[-0.115174629,-0.065071784,-0.012358574,0.300252169,-0.195337594,-0.019023178,-0.082784645,0.029122088,0.001185863,0.296220511,-0.224490419,0.03952799,0.047393162,0.019157294,-0.040115755,-0.04304187,0.1816663,0.012034261,1.148337364,0.008115797,-0.077844337,0.053573359,-0.037789829,-0.151439503,0.007987228,1.154733062,-0.111370355,0.01444327,-0.007521438],""dof_velocity"":[1.4814955,0.70443362,2.08773303,-2.442406416,1.30105865,0.711630702,1.511719227,-0.998389065,-1.990704417,-1.050031424,1.435442209,-2.257236719,-2.372376919,-0.354201764,0.598374009,2.465611219,-1.173226357,0.213729963,-1.472058296,-0.605671942,-0.2887716,1.063023686,-0.155590579,1.539305449,-0.361097246,1.440011024,-0.985016286,-1.49005425,-0.812450051],""goal"":[-3.450000048,0.0,0.144999996],""robot_root_angular_velocity"":[-0.641169071,0.956673384,1.166363358],""robot_root_linear_velocity"":[0.107860871,-0.061182853,0.207166538],""robot_root_pose"":[2.304543495,-0.00031304,0.805772483,0.016876349,0.006439282,0.999786019,-0.010083936]}",retrained.pt,True,1|half_sine|-box_x|0.7|0.0,2200,1,4786,5231.0,445.0,20,420,0.4923186671960649,7.701560497283935,0.7761904761904762,1.0,2.6894164085388184,0.5644488430626335,2.5853214263916016,6.407224178314209,-0.5487788646969767,11.69420337677002,0.23248407779804742,1.0,7.3639188144888195,0.13704018480895597
retrained,T0011,legged_gym/logs/recarry/model_19999.pt,1,half_sine,-box_x,0.9,0.0,0.1,0.15,0.15,1.125,9.932624816894531,0.6329811035175371,0,,1,2.224163055419922,0.6084805727005005,0.4671365618705749,0,0,0.1963461488485336,82ada264e0b9577408ade30e0bd60cb317b5ddb5,"{""box_angular_velocity"":[0.052817125,-0.617186189,0.097774215],""box_linear_velocity"":[0.099004649,0.001751641,-0.153116658],""box_mass"":1.125,""box_pose"":[0.551801264,2.9168e-05,0.133338079,-0.004432967,-0.004249575,0.764709413,0.64434588],""dof_position"":[-0.115173168,-0.065072939,-0.012358568,0.300250381,-0.195336089,-0.019023187,-0.082784623,0.029120825,0.001185879,0.296218902,-0.224485591,0.03952783,0.047393192,0.019156687,-0.04011263,-0.043044019,0.18166624,0.01203538,1.148338437,0.008116276,-0.077845,0.0535734,-0.037792001,-0.151439279,0.00798587,1.154733062,-0.111371219,0.014442706,-0.007521294],""dof_velocity"":[1.48297739,0.704375744,2.087524891,-2.442825317,1.301245093,0.711632729,1.513347268,-0.998464108,-1.99090457,-1.051185369,1.436477065,-2.257259607,-2.372485399,-0.354048729,0.60023737,2.464917898,-1.173290372,0.21389021,-1.471856713,-0.605653942,-0.288861156,1.06305337,-0.156220838,1.539268136,-0.361407876,1.440127492,-0.985116899,-1.490123391,-0.81241864],""goal"":[-3.450000048,0.0,0.144999996],""robot_root_angular_velocity"":[-0.641172588,0.957934916,1.16646564],""robot_root_linear_velocity"":[0.107857704,-0.061188534,0.207180291],""robot_root_pose"":[2.304545164,-0.000312972,0.805772543,0.016877349,0.006440025,0.99978596,-0.010084332]}",retrained.pt,True,1|half_sine|-box_x|0.9|0.0,2148,1,5337,5769.0,432.0,20,420,0.6329811035175371,9.902006149291992,0.8642857142857143,1.0,2.2732295989990234,0.46197853726556615,2.2298805713653564,5.259383201599121,4.084337101131678,124.6880874633789,0.3588723197030569,1.0,7.925700537647519,0.23694992396215508
retrained,T0012,legged_gym/logs/recarry/model_19999.pt,1,half_sine,-box_x,1.1,0.0,0.1,0.15,0.15,1.125,12.13987636566162,0.7736436781217821,0,,1,2.245579481124878,0.3301524221897125,0.4071130156517029,0,0,0.2331433445215225,e8ab8a5dbcbb420d2dd91fdf48b8b05fa4e803ae,"{""box_angular_velocity"":[0.052828606,-0.617209077,0.097842209],""box_linear_velocity"":[0.099010617,0.001752676,-0.153113812],""box_mass"":1.125,""box_pose"":[0.551801324,2.9187e-05,0.133338124,-0.004432875,-0.00424952,0.76470983,0.644345403],""dof_position"":[-0.115176603,-0.065072745,-0.012358152,0.300250262,-0.19533585,-0.019023206,-0.082789615,0.029120933,0.001186122,0.296220481,-0.224485248,0.03952793,0.047393776,0.019156288,-0.040115759,-0.043043774,0.181666374,0.012035366,1.148338318,0.008116082,-0.077845179,0.053573392,-0.037792012,-0.151439279,0.00798599,1.154733062,-0.111371242,0.014442721,-0.007521205],""dof_velocity"":[1.483189464,0.704369307,2.087464333,-2.442842722,1.30121994,0.711634219,1.513597012,-0.998470068,-1.990961432,-1.051357865,1.436526656,-2.257260561,-2.372520924,-0.354024589,0.600525677,2.464823246,-1.173291087,0.213891566,-1.471859932,-0.60567534,-0.28885439,1.06305933,-0.156303465,1.539250851,-0.36141625,1.440100908,-0.985091329,-1.49010551,-0.812421441],""goal"":[-3.450000048,0.0,0.144999996],""robot_root_angular_velocity"":[-0.641167104,0.958127856,1.166496992],""robot_root_linear_velocity"":[0.107857414,-0.061187025,0.207181707],""robot_root_pose"":[2.304544449,-0.000312962,0.805772662,0.016875897,0.006439962,0.999786019,-0.010083789]}",retrained.pt,True,1|half_sine|-box_x|1.1|0.0,2380,1,5875,6365.0,490.0,20,420,0.7736436781217821,12.102453231811523,0.4142857142857143,1.0,2.385171413421631,0.42625070746455873,2.1703927516937256,6.198578834533691,1.2193887618054369,158.06719970703125,0.6073990798644012,1.0,4.627285482590309,0.3303171485817681
retrained,T0013,legged_gym/logs/recarry/model_19999.pt,1,half_sine,+box_y,0.1,0.0,0.1,0.15,0.15,1.125,1.103625,0.0,1,box_tilt|base_tilt,0,,,,0,0,4.000012397766113,7923658d00e00cadda6c25fd3329b3f338a03a87,"{""box_angular_velocity"":[0.053338643,-0.618664563,0.094959795],""box_linear_velocity"":[0.098936215,0.001720241,-0.153133646],""box_mass"":1.125,""box_pose"":[0.551800132,2.8634e-05,0.133337811,-0.00444044,-0.004262026,0.764693975,0.644364178],""dof_position"":[-0.11499925,-0.065068603,-0.012369573,0.300308228,-0.195378482,-0.019023081,-0.082428634,0.029133691,0.001183432,0.296182573,-0.224695176,0.03952964,0.047347158,0.01916099,-0.040058766,-0.042976372,0.18166782,0.012009938,1.148323894,0.008147703,-0.077822454,0.053558685,-0.037694823,-0.151433095,0.00800312,1.154729724,-0.11135523,0.014443146,-0.007529661],""dof_velocity"":[1.477453232,0.705385685,2.091485977,-2.442117214,1.304314137,0.711510599,1.512664676,-0.997138858,-1.98723197,-1.043171883,1.428779125,-2.256953478,-2.371389866,-0.356226653,0.584442735,2.47104764,-1.173339009,0.215427771,-1.467737556,-0.600165308,-0.290588051,1.061270952,-0.149319217,1.540772319,-0.363280684,1.445994735,-0.988288462,-1.493113756,-0.811955392],""goal"":[-3.450000048,0.0,0.144999996],""robot_root_angular_velocity"":[-0.641479552,0.952259302,1.167323232],""robot_root_linear_velocity"":[0.106666118,-0.061106313,0.207147345],""robot_root_pose"":[2.304525614,-0.000311702,0.805774093,0.016953725,0.0064361,0.999784291,-0.0101217]}",retrained.pt,False,1|half_sine|+box_y|0.1|0.0,812,0,6471,,,0,0,0.0,,,,,,,,,,,,,
retrained,T0014,legged_gym/logs/recarry/model_19999.pt,1,half_sine,+box_y,0.3,0.0,0.1,0.15,0.15,1.125,3.310875,0.0,1,box_tilt|timeout,0,,,,0,0,4.000012397766113,8686b8759e303de1b9dcd8c4226ee5761c093f21,"{""box_angular_velocity"":[0.052818909,-0.617193997,0.097779892],""box_linear_velocity"":[0.099004783,0.001751711,-0.153116554],""box_mass"":1.125,""box_pose"":[0.551801264,2.9169e-05,0.133338079,-0.004432955,-0.004249581,0.764709473,0.64434588],""dof_position"":[-0.115173273,-0.065072939,-0.012358559,0.300250351,-0.195336089,-0.019023187,-0.082784683,0.029120829,0.001185883,0.296218961,-0.224485591,0.03952783,0.047393195,0.019156681,-0.040112667,-0.043043997,0.18166624,0.012035387,1.148338437,0.008116276,-0.077845,0.0535734,-0.037792016,-0.151439279,0.007985869,1.154733062,-0.111371219,0.014442697,-0.007521289],""dof_velocity"":[1.482971191,0.704375625,2.087524414,-2.442824841,1.301244497,0.711632669,1.513340116,-0.998463988,-1.990904808,-1.051182866,1.436479807,-2.257259607,-2.372484446,-0.354048729,0.600233555,2.464917421,-1.173290372,0.213890702,-1.471856356,-0.605654061,-0.288861006,1.063053846,-0.156221375,1.539267898,-0.361408114,1.440126777,-0.985117376,-1.490123034,-0.812418342],""goal"":[-3.450000048,0.0,0.144999996],""robot_root_angular_velocity"":[-0.641172588,0.957930326,1.166464686],""robot_root_linear_velocity"":[0.107858129,-0.061188579,0.207180291],""robot_root_pose"":[2.304544687,-0.00031296,0.805772424,0.016877344,0.006440034,0.99978596,-0.010084333]}",retrained.pt,False,1|half_sine|+box_y|0.3|0.0,6004,0,6675,,,0,0,0.0,,,,,,,,,,,,,
retrained,T0015,legged_gym/logs/recarry/model_19999.pt,1,half_sine,+box_y,0.5,0.0,0.1,0.15,0.15,1.125,5.518125057220459,0.3516561732071001,0,,1,2.459055185317993,-0.6162386536598206,-0.5739775896072388,0,0,0.248263344168663,8686b8759e303de1b9dcd8c4226ee5761c093f21,"{""box_angular_velocity"":[0.052818909,-0.617193997,0.097779892],""box_linear_velocity"":[0.099004783,0.001751711,-0.153116554],""box_mass"":1.125,""box_pose"":[0.551801264,2.9169e-05,0.133338079,-0.004432955,-0.004249581,0.764709473,0.64434588],""dof_position"":[-0.115173273,-0.065072939,-0.012358559,0.300250351,-0.195336089,-0.019023187,-0.082784683,0.029120829,0.001185883,0.296218961,-0.224485591,0.03952783,0.047393195,0.019156681,-0.040112667,-0.043043997,0.18166624,0.012035387,1.148338437,0.008116276,-0.077845,0.0535734,-0.037792016,-0.151439279,0.007985869,1.154733062,-0.111371219,0.014442697,-0.007521289],""dof_velocity"":[1.482971191,0.704375625,2.087524414,-2.442824841,1.301244497,0.711632669,1.513340116,-0.998463988,-1.990904808,-1.051182866,1.436479807,-2.257259607,-2.372484446,-0.354048729,0.600233555,2.464917421,-1.173290372,0.213890702,-1.471856356,-0.605654061,-0.288861006,1.063053846,-0.156221375,1.539267898,-0.361408114,1.440126777,-0.985117376,-1.490123034,-0.812418342],""goal"":[-3.450000048,0.0,0.144999996],""robot_root_angular_velocity"":[-0.641172588,0.957930326,1.166464686],""robot_root_linear_velocity"":[0.107858129,-0.061188579,0.207180291],""robot_root_pose"":[2.304544687,-0.00031296,0.805772424,0.016877344,0.006440034,0.99978596,-0.010084333]}",retrained.pt,True,1|half_sine|+box_y|0.5|0.0,2332,1,8177,8655.0,478.0,20,420,0.3516561732071001,5.501114845275879,0.7238095238095238,1.0,2.556807279586792,0.5965653076058343,2.313101291656494,9.083189010620115,-4.369560710837444,43.934207916259766,0.2864392621803702,1.0,6.813371545147328,0.15227626075123096
retrained,T0016,legged_gym/logs/recarry/model_19999.pt,1,half_sine,+box_y,0.7,0.0,0.1,0.15,0.15,1.125,7.725375175476074,0.492318659149438,0,,1,1.4007887840270996,-0.400210976600647,-0.2761320173740387,0,0,0.3689978420734405,7d3d58dd38bfc3eec8902c82ee11860c58234b1e,"{""box_angular_velocity"":[0.05281366,-0.61719048,0.097776793],""box_linear_velocity"":[0.099004649,0.001751651,-0.153116614],""box_mass"":1.125,""box_pose"":[0.551801264,2.9168e-05,0.133338079,-0.004432986,-0.004249553,0.764709413,0.64434588],""dof_position"":[-0.115173042,-0.065072939,-0.012358589,0.300250411,-0.195336118,-0.019023186,-0.082784384,0.029120825,0.001185862,0.296218812,-0.224485636,0.03952783,0.047393166,0.019156694,-0.040112521,-0.043044027,0.18166624,0.01203537,1.148338437,0.008116277,-0.077845,0.0535734,-0.03779199,-0.151439264,0.00798588,1.154733062,-0.111371197,0.01444271,-0.007521295],""dof_velocity"":[1.482987523,0.704375029,2.087523937,-2.442824602,1.301243067,0.711632907,1.513365984,-0.998464227,-1.990905643,-1.051188111,1.436470628,-2.257259369,-2.372486591,-0.354048967,0.600245655,2.464917898,-1.173290014,0.213889271,-1.471857309,-0.605653644,-0.288859695,1.063052773,-0.156218797,1.539268374,-0.361407131,1.4401263,-0.985115349,-1.490122914,-0.812418878],""goal"":[-3.450000048,0.0,0.144999996],""robot_root_angular_velocity"":[-0.641173124,0.957944453,1.16646862],""robot_root_linear_velocity"":[0.107856482,-0.06118859,0.207180396],""robot_root_pose"":[2.304545164,-0.000312979,0.805772603,0.016877364,0.006440008,0.99978596,-0.010084322]}",retrained.pt,True,1|half_sine|+box_y|0.7|0.0,2220,1,8761,9211.0,450.0,20,420,0.492318659149438,7.701560497283935,0.9547619047619048,1.0,1.4007887840270996,0.2265090893155762,1.2896136045455933,3.121100425720215,-0.5005099365554218,24.346139907836918,0.2224873532851537,1.0,4.218614852055907,0.11553091964271424
retrained,T0017,legged_gym/logs/recarry/model_19999.pt,1,half_sine,+box_y,0.9,0.0,0.1,0.15,0.15,1.125,9.932625,0.0,1,box_tilt|timeout,0,,,,0,0,4.000012397766113,536f831f9a37e641ecee42844fe65d2d1938e5c1,"{""box_angular_velocity"":[0.009814064,-0.530673325,0.02667859],""box_linear_velocity"":[0.078815021,-5.0394e-05,-0.161239892],""box_mass"":1.125,""box_pose"":[0.551451802,-2.69e-06,0.133195609,-0.003932127,-0.003519002,0.764274955,0.64486897],""dof_position"":[-0.115366697,-0.06476479,-0.01229803,0.300277501,-0.195258453,-0.019015707,-0.083278045,0.029387657,0.001218327,0.296254754,-0.224149123,0.039543521,0.048010461,0.01957261,-0.039901346,-0.042673524,0.180854425,0.011922465,1.147693276,0.008287692,-0.078082643,0.054176178,-0.038002912,-0.151508525,0.007951298,1.154634476,-0.111315854,0.014474018,-0.007670401],""dof_velocity"":[1.474158168,0.703350961,2.06699276,-2.441563129,1.308927178,0.713729501,1.499445796,-1.001075864,-2.011765242,-1.060425639,1.442782402,-2.255954027,-2.362010717,-0.346164256,0.618059993,2.464253902,-1.19901979,0.206660256,-1.455267072,-0.605987191,-0.333767474,1.076912642,-0.167783052,1.544363379,-0.357664853,1.432688713,-0.98054713,-1.488331079,-0.821649969],""goal"":[-3.450000048,0.0,0.144999996],""robot_root_angular_velocity"":[-0.636211395,0.958715975,1.157073021],""robot_root_linear_velocity"":[0.113756426,-0.060665168,0.20852004],""robot_root_pose"":[2.304652452,-0.000334823,0.805799127,0.016844813,0.00631819,0.999789834,-0.009820975]}",retrained.pt,False,1|half_sine|+box_y|0.9|0.0,6004,0,9317,,,0,0,0.0,,,,,,,,,,,,,
retrained,T0018,legged_gym/logs/recarry/model_19999.pt,1,half_sine,+box_y,1.1,0.0,0.1,0.15,0.15,1.125,12.139875000000002,0.0,1,other,0,,,,0,0,4.005903244018555,8686b8759e303de1b9dcd8c4226ee5761c093f21,"{""box_angular_velocity"":[0.052818909,-0.617193997,0.097779892],""box_linear_velocity"":[0.099004783,0.001751711,-0.153116554],""box_mass"":1.125,""box_pose"":[0.551801264,2.9169e-05,0.133338079,-0.004432955,-0.004249581,0.764709473,0.64434588],""dof_position"":[-0.115173273,-0.065072939,-0.012358559,0.300250351,-0.195336089,-0.019023187,-0.082784683,0.029120829,0.001185883,0.296218961,-0.224485591,0.03952783,0.047393195,0.019156681,-0.040112667,-0.043043997,0.18166624,0.012035387,1.148338437,0.008116276,-0.077845,0.0535734,-0.037792016,-0.151439279,0.007985869,1.154733062,-0.111371219,0.014442697,-0.007521289],""dof_velocity"":[1.482971191,0.704375625,2.087524414,-2.442824841,1.301244497,0.711632669,1.513340116,-0.998463988,-1.990904808,-1.051182866,1.436479807,-2.257259607,-2.372484446,-0.354048729,0.600233555,2.464917421,-1.173290372,0.213890702,-1.471856356,-0.605654061,-0.288861006,1.063053846,-0.156221375,1.539267898,-0.361408114,1.440126777,-0.985117376,-1.490123034,-0.812418342],""goal"":[-3.450000048,0.0,0.144999996],""robot_root_angular_velocity"":[-0.641172588,0.957930326,1.166464686],""robot_root_linear_velocity"":[0.107858129,-0.061188579,0.207180291],""robot_root_pose"":[2.304544687,-0.00031296,0.805772424,0.016877344,0.006440034,0.99978596,-0.010084333]}",retrained.pt,False,1|half_sine|+box_y|1.1|0.0,492,0,10819,,,0,0,0.0,,,,,,,,,,,,,
retrained,T0019,legged_gym/logs/recarry/model_19999.pt,1,half_sine,-box_y,0.1,0.0,0.1,0.15,0.15,1.125,1.1036250591278076,0.0703312376440039,0,,0,0.7659019231796265,0.3559587597846985,0.2862179279327392,1,0,0.4617674946784973,8686b8759e303de1b9dcd8c4226ee5761c093f21,"{""box_angular_velocity"":[0.052818909,-0.617193997,0.097779892],""box_linear_velocity"":[0.099004783,0.001751711,-0.153116554],""box_mass"":1.125,""box_pose"":[0.551801264,2.9169e-05,0.133338079,-0.004432955,-0.004249581,0.764709473,0.64434588],""dof_position"":[-0.115173273,-0.065072939,-0.012358559,0.300250351,-0.195336089,-0.019023187,-0.082784683,0.029120829,0.001185883,0.296218961,-0.224485591,0.03952783,0.047393195,0.019156681,-0.040112667,-0.043043997,0.18166624,0.012035387,1.148338437,0.008116276,-0.077845,0.0535734,-0.037792016,-0.151439279,0.007985869,1.154733062,-0.111371219,0.014442697,-0.007521289],""dof_velocity"":[1.482971191,0.704375625,2.087524414,-2.442824841,1.301244497,0.711632669,1.513340116,-0.998463988,-1.990904808,-1.051182866,1.436479807,-2.257259607,-2.372484446,-0.354048729,0.600233555,2.464917421,-1.173290372,0.213890702,-1.471856356,-0.605654061,-0.288861006,1.063053846,-0.156221375,1.539267898,-0.361408114,1.440126777,-0.985117376,-1.490123034,-0.812418342],""goal"":[-3.450000048,0.0,0.144999996],""robot_root_angular_velocity"":[-0.641172588,0.957930326,1.166464686],""robot_root_linear_velocity"":[0.107858129,-0.061188579,0.207180291],""robot_root_pose"":[2.304544687,-0.00031296,0.805772424,0.016877344,0.006440034,0.99978596,-0.010084333]}",retrained.pt,True,1|half_sine|-box_y|0.1|0.0,2172,1,10943,11381.0,438.0,20,420,0.0703312376440039,1.100222945213318,0.9952380952380953,1.0,0.9022812247276306,0.2059633489786869,1.579562425613403,2.946814775466919,0.4455456498411617,25.29343032836914,0.16547106645690898,0.99941086769104,4.018130621881712,0.07256745925270866
retrained,T0020,legged_gym/logs/recarry/model_19999.pt,1,half_sine,-box_y,0.3,0.0,0.1,0.15,0.15,1.125,3.310875,0.0,1,box_tilt,0,,,,0,0,4.000976085662842,1b429acd9356d9188ec2d401fd597aad7f6a0727,"{""box_angular_velocity"":[0.122906558,-0.348367244,0.056954831],""box_linear_velocity"":[0.106153078,3.8036e-05,-0.150817558],""box_mass"":1.125,""box_pose"":[0.551913679,2.011e-06,0.133367479,-0.001932521,-0.002984091,0.764575183,0.644524634],""dof_position"":[-0.115360245,-0.064761676,-0.012253208,0.300239116,-0.195313632,-0.019007305,-0.08324331,0.029392613,0.001268123,0.296217889,-0.224225953,0.039552111,0.047707345,0.019505158,-0.040014163,-0.043266725,0.181766823,0.012124478,1.148402691,0.007880017,-0.077813305,0.053461343,-0.037993491,-0.151503623,0.008038391,1.154610038,-0.111473888,0.014451209,-0.007520071],""dof_velocity"":[1.474556923,0.707651615,2.073526859,-2.444738626,1.305276871,0.714469492,1.498003483,-0.996672153,-2.004631519,-1.060196042,1.44057858,-2.254892111,-2.373304367,-0.342596322,0.607887805,2.464237452,-1.163851857,0.214954913,-1.487294793,-0.623644114,-0.278528273,1.060767651,-0.166012943,1.541155219,-0.360627621,1.43249011,-0.997040808,-1.490718484,-0.811655998],""goal"":[-3.450000048,0.0,0.144999996],""robot_root_angular_velocity"":[-0.632875681,0.951615572,1.151426792],""robot_root_linear_velocity"":[0.110915005,-0.061734341,0.208067313],""robot_root_pose"":[2.304601192,-0.000342528,0.805789351,0.016800707,0.006318239,0.999790549,-0.009824358]}",retrained.pt,False,1|half_sine|-box_y|0.3|0.0,576,0,11487,,,0,0,0.0,,,,,,,,,,,,,
retrained,T0021,legged_gym/logs/recarry/model_19999.pt,1,half_sine,-box_y,0.5,0.0,0.1,0.15,0.15,1.125,5.518125057220459,0.3516561806576805,0,,1,2.7033908367156982,-1.317994475364685,-1.0761384963989258,0,0,0.1258974969387054,8686b8759e303de1b9dcd8c4226ee5761c093f21,"{""box_angular_velocity"":[0.052818909,-0.617193997,0.097779892],""box_linear_velocity"":[0.099004783,0.001751711,-0.153116554],""box_mass"":1.125,""box_pose"":[0.551801264,2.9169e-05,0.133338079,-0.004432955,-0.004249581,0.764709473,0.64434588],""dof_position"":[-0.115173273,-0.065072939,-0.012358559,0.300250351,-0.195336089,-0.019023187,-0.082784683,0.029120829,0.001185883,0.296218961,-0.224485591,0.03952783,0.047393195,0.019156681,-0.040112667,-0.043043997,0.18166624,0.012035387,1.148338437,0.008116276,-0.077845,0.0535734,-0.037792016,-0.151439279,0.007985869,1.154733062,-0.111371219,0.014442697,-0.007521289],""dof_velocity"":[1.482971191,0.704375625,2.087524414,-2.442824841,1.301244497,0.711632669,1.513340116,-0.998463988,-1.990904808,-1.051182866,1.436479807,-2.257259607,-2.372484446,-0.354048729,0.600233555,2.464917421,-1.173290372,0.213890702,-1.471856356,-0.605654061,-0.288861006,1.063053846,-0.156221375,1.539267898,-0.361408114,1.440126777,-0.985117376,-1.490123034,-0.812418342],""goal"":[-3.450000048,0.0,0.144999996],""robot_root_angular_velocity"":[-0.641172588,0.957930326,1.166464686],""robot_root_linear_velocity"":[0.107858129,-0.061188579,0.207180291],""robot_root_pose"":[2.304544687,-0.00031296,0.805772424,0.016877344,0.006440034,0.99978596,-0.010084333]}",retrained.pt,True,1|half_sine|-box_y|0.5|0.0,2456,1,11632,12141.0,509.0,20,420,0.3516561806576805,5.501114845275879,0.819047619047619,1.0,2.818239688873291,0.4873663178866818,2.1714959144592285,8.389159202575684,-0.5722944074576455,18.26421356201172,0.17131120001985914,1.0,5.7355750077359735,0.11515141664775519
retrained,T0022,legged_gym/logs/recarry/model_19999.pt,1,half_sine,-box_y,0.7,0.0,0.1,0.15,0.15,1.125,7.725375175476074,0.4923186472285094,0,,1,0.6777626872062683,0.2330904752016067,0.1320466846227646,0,0,0.4739692807197571,fe6d2dcc4cc5cf5b0c3d661b26d372f29cc4d729,"{""box_angular_velocity"":[0.052826952,-0.617192388,0.097820841],""box_linear_velocity"":[0.09900897,0.001752399,-0.153114751],""box_mass"":1.125,""box_pose"":[0.551801264,2.9183e-05,0.133338109,-0.00443273,-0.004249439,0.764709771,0.644345522],""dof_position"":[-0.115175791,-0.065069772,-0.012358531,0.300250441,-0.195336029,-0.019023132,-0.082788542,0.029123964,0.001185773,0.296220183,-0.224485949,0.039528005,0.047394272,0.019159351,-0.040115498,-0.043043453,0.181665927,0.012035183,1.148338318,0.008115745,-0.077845171,0.053573497,-0.037791949,-0.151439846,0.007986018,1.154733062,-0.11137148,0.014442789,-0.007521078],""dof_velocity"":[1.483322501,0.704434752,2.08742094,-2.442862749,1.30123651,0.711656511,1.513775229,-0.99840349,-1.991008282,-1.051392436,1.436442494,-2.25723362,-2.372531414,-0.353965253,0.600630999,2.464825869,-1.173268318,0.213881999,-1.471868873,-0.605692625,-0.288845181,1.063048959,-0.156303242,1.539270043,-0.361417174,1.440092325,-0.985103786,-1.490101576,-0.812430501],""goal"":[-3.450000048,0.0,0.144999996],""robot_root_angular_velocity"":[-0.641097248,0.958232224,1.166487455],""robot_root_linear_velocity"":[0.107846417,-0.061182469,0.207182184],""robot_root_pose"":[2.304545164,-0.000313034,0.805772603,0.016876217,0.006438705,0.999786019,-0.01008346]}",retrained.pt,True,1|half_sine|-box_y|0.7|0.0,2152,1,12247,12680.0,433.0,20,420,0.4923186472285094,7.701560020446777,0.9904761904761905,1.0,0.6777626872062683,0.324933973806245,1.625128984451294,4.343161106109619,5.664675920922309,122.15036010742188,0.18208639653333064,0.9770729541778564,8.21609518577655,0.12382865697866127
retrained,T0023,legged_gym/logs/recarry/model_19999.pt,1,half_sine,-box_y,0.9,0.0,0.1,0.15,0.15,1.125,9.932624816894531,0.6329811461348571,0,,0,0.8698759078979492,0.0041875075548887,-0.0325075984001159,1,0,0.6112257242202759,6f67da33cb0303146e177f1715c377d23f2be93c,"{""box_angular_velocity"":[-0.613147676,-0.635517061,-0.192937702],""box_linear_velocity"":[0.095869645,-0.004898287,-0.154028565],""box_mass"":1.125,""box_pose"":[0.551745951,-8.7265e-05,0.133321732,-0.008319737,0.000119166,0.763023853,0.646316767],""dof_position"":[-0.11486429,-0.063959435,-0.012335931,0.300206274,-0.19556725,-0.019011876,-0.083108038,0.030204674,0.001215857,0.296290576,-0.224190921,0.039550185,0.048215885,0.020230221,-0.040068112,-0.042546507,0.181060031,0.012009573,1.147937298,0.008117857,-0.078075893,0.054035142,-0.037772015,-0.15131326,0.008064372,1.154599786,-0.111593381,0.014439119,-0.007768009],""dof_velocity"":[1.492682457,0.724121273,2.050802469,-2.437827587,1.301947951,0.719606161,1.505100489,-0.980146527,-2.028436422,-1.058072925,1.443454862,-2.248175383,-2.364688873,-0.329369634,0.613809884,2.469791651,-1.182992339,0.212091088,-1.450828671,-0.616896629,-0.326298982,1.073970795,-0.170361057,1.560973883,-0.362454385,1.451819777,-1.004540682,-1.500627279,-0.821605802],""goal"":[-3.450000048,0.0,0.144999996],""robot_root_angular_velocity"":[-0.614905655,0.964043677,1.140696526],""robot_root_linear_velocity"":[0.109598726,-0.058904067,0.206033349],""robot_root_pose"":[2.304568529,-0.000346927,0.805757999,0.016910214,0.005997917,0.999793112,-0.009575924]}",retrained.pt,True,1|half_sine|-box_y|0.9|0.0,2444,1,12786,13292.0,506.0,20,420,0.6329811461348571,9.902007102966309,1.0,0.0,0.8698759078979492,0.2881116972792716,1.7420662641525269,4.790408134460449,1.2450330904862357,31.52711677551269,0.10600998908048492,0.7853977084159851,4.023840941169432,0.06877350642749831
retrained,T0024,legged_gym/logs/recarry/model_19999.pt,1,half_sine,-box_y,1.1,0.0,0.1,0.15,0.15,1.125,12.13987636566162,0.7736436757375964,0,,1,0.5711050033569336,0.4641537368297577,0.3523027300834656,1,0,0.4915056228637695,bf5ab176888ec0e7a72cfff64d17b55ad1ed9c01,"{""box_angular_velocity"":[-0.217625692,-0.634042442,-0.028710423],""box_linear_velocity"":[0.135367334,-0.001868989,-0.138559237],""box_mass"":1.125,""box_pose"":[0.552425683,-3.1528e-05,0.133589923,-0.00612423,-0.002622773,0.76406461,0.645105243],""dof_position"":[-0.114780575,-0.06447392,-0.012268778,0.300184101,-0.195643187,-0.019025952,-0.082898274,0.029703619,0.001298412,0.296233118,-0.224324778,0.039535247,0.048053615,0.019644938,-0.040258668,-0.04244427,0.181224197,0.012041247,1.148066878,0.008195057,-0.078112714,0.053988632,-0.037588257,-0.151204944,0.00806745,1.154675007,-0.111605443,0.014381544,-0.00772337],""dof_velocity"":[1.504683018,0.712219,2.05865097,-2.431264639,1.29125762,0.715429604,1.522833228,-0.990959466,-2.01925087,-1.055837512,1.438863158,-2.252180815,-2.366694927,-0.34251228,0.61566323,2.468513727,-1.1830585,0.213231534,-1.443064332,-0.613295674,-0.325816423,1.075624824,-0.167258367,1.557593465,-0.362187028,1.458642364,-1.000993967,-1.503357768,-0.818171144],""goal"":[-3.450000048,0.0,0.144999996],""robot_root_angular_velocity"":[-0.628044128,0.971929371,1.145774126],""robot_root_linear_velocity"":[0.10595119,-0.059599902,0.204432055],""robot_root_pose"":[2.304494858,-0.000323211,0.805727661,0.016899867,0.006225787,0.999791026,-0.009667209]}",retrained.pt,True,1|half_sine|-box_y|1.1|0.0,2152,1,13398,13831.0,433.0,20,420,0.7736436757375964,12.102453231811523,0.9928571428571429,1.0,0.9446426033973694,0.21553855935732524,1.5213390588760376,4.010890483856201,-2.294084370650706,20.982177734375,0.16888937264338894,0.9998819231987,6.349654479679607,0.11228528600265797
retrained,T0025,legged_gym/logs/recarry/model_19999.pt,2,half_sine,+box_x,0.1,0.0,0.1,0.15,0.15,1.125,1.1036250591278076,0.0703312381282916,0,,0,0.6054153442382812,-0.502404510974884,-0.4746405780315399,1,0,0.8040845990180969,58c228eecc01d4983948658960676bf6d797cb2e,"{""box_angular_velocity"":[0.031286858,-0.167919755,0.30740732],""box_linear_velocity"":[-0.025372153,-0.002327824,-0.210239351],""box_mass"":1.125,""box_pose"":[0.549565673,-3.9754e-05,0.13230674,-0.00101579,-0.001419752,0.68641609,0.727206886],""dof_position"":[-0.23725386,-0.025674388,0.006047797,0.431083322,-0.165531948,0.055644162,0.131745577,0.032428294,0.046332423,0.269879848,-0.250471443,0.020485511,0.104486674,0.005092501,0.039040752,-0.070679635,0.111851178,-0.00622748,0.345729589,-0.143104017,-0.147135943,-0.066789918,-0.394574553,-0.15860936,0.130098581,0.653585553,0.04016491,-0.132946357,0.135813758],""dof_velocity"":[-3.713316679,-2.031290054,-0.249296963,-14.30741024,-0.967724741,-2.90861249,-8.095384598,-2.558732033,-2.743579626,5.534967422,0.007862402,-2.660480022,-0.656888485,-3.165916443,-11.525043488,1.037835002,-0.192363858,1.809788823,16.542581558,2.114721537,-13.155928612,-1.94287467,1.636434793,9.738965988,-11.541543007,15.652311325,-13.571237564,-10.72625351,5.731685162],""goal"":[-3.450000048,0.0,0.18273592],""robot_root_angular_velocity"":[-1.417111993,-7.325114727,1.109598756],""robot_root_linear_velocity"":[-0.328744918,0.05569103,-0.042607136],""robot_root_pose"":[2.283755302,0.002484212,0.798223615,-0.089124218,0.010924444,0.995959163,0.001725789]}",retrained.pt,True,2|half_sine|+box_x|0.1|0.0,2048,1,13937,14344.0,407.0,20,420,0.0703312381282916,1.100222945213318,1.0,0.0,0.9773518443107604,0.28750339386363827,1.7241142988204956,3.673617839813232,4.204772387001486,22.211898803710938,0.22847471337632408,0.776644229888916,6.9558922551217535,0.1312905099357262
retrained,T0026,legged_gym/logs/recarry/model_19999.pt,2,half_sine,+box_x,0.3,0.0,0.1,0.15,0.15,1.125,3.310875177383423,0.2109937146828982,0,,1,1.3512955904006958,-0.3253718614578247,-0.5596258640289307,1,0,0.5283770561218262,9e391e818a53e8b37b0a9e939f6ff1310106f7d3,"{""box_angular_velocity"":[-0.076407082,-0.128341019,0.383541554],""box_linear_velocity"":[-0.043223195,0.002042574,-0.217004061],""box_mass"":1.125,""box_pose"":[0.549268663,4.2233e-05,0.13219364,-0.001535884,-0.000292211,0.687118888,0.726543248],""dof_position"":[-0.237602636,-0.02584327,0.00589346,0.431159794,-0.165271759,0.055659082,0.131645679,0.032433018,0.046148024,0.269955277,-0.250469714,0.020456623,0.104315735,0.004857193,0.039351318,-0.071108408,0.110975422,-0.006150956,0.345640361,-0.142231777,-0.147068486,-0.066502683,-0.396470815,-0.157105267,0.128639549,0.656337738,0.038894583,-0.133679286,0.135686502],""dof_velocity"":[-3.742848873,-2.027525663,-0.245834857,-14.304551125,-0.961132586,-2.906963587,-8.114059448,-2.549561977,-2.737542391,5.533935547,0.015969627,-2.65824604,-0.664139926,-3.162942171,-11.529902458,1.038380146,-0.222097978,1.794088483,16.525455475,2.126172543,-13.1602211,-1.908463717,1.52360034,9.748193741,-11.542405128,15.797369957,-13.543870926,-10.777928352,5.653347969],""goal"":[-3.450000048,0.0,0.18273592],""robot_root_angular_velocity"":[-1.415133715,-7.3398242,1.127822876],""robot_root_linear_velocity"":[-0.325300902,0.056645926,-0.043054014],""robot_root_pose"":[2.283820868,0.002529447,0.798223674,-0.089137033,0.010999097,0.995957494,0.001501113]}",retrained.pt,True,2|half_sine|+box_x|0.3|0.0,1944,1,14450,14831.0,381.0,20,420,0.2109937146828982,3.300668954849243,0.9928571428571429,1.0,1.8851088285446167,0.3639433875502575,1.8776010274887085,4.527560234069824,-7.783734660841791,39.131229400634766,0.13008958523250408,0.9808458089828492,10.810580486449457,0.14284180602505026
retrained,T0027,legged_gym/logs/recarry/model_19999.pt,2,half_sine,+box_x,0.5,0.0,0.1,0.15,0.15,1.125,5.518125057220459,0.3516561897473887,0,,1,0.7069962620735168,-0.2760435938835144,-0.4432775676250458,1,0,0.4615334272384643,36a43265a9f27a75cd638d3517ab96aed88d41c0,"{""box_angular_velocity"":[-0.009526666,-0.266281396,0.025101153],""box_linear_velocity"":[0.022301527,-0.006102151,-0.190466285],""box_mass"":1.125,""box_pose"":[0.55036068,-9.6637e-05,0.1326437,-0.002354255,-0.001953008,0.684873641,0.728655398],""dof_position"":[-0.237012893,-0.025327664,0.006003982,0.431220204,-0.166129678,0.055623379,0.131868184,0.032727998,0.046362329,0.269762784,-0.250584483,0.020502741,0.104748242,0.005315358,0.038523119,-0.071375035,0.111218698,-0.005650654,0.346588761,-0.142688483,-0.146895841,-0.066837005,-0.395736903,-0.157201305,0.129125312,0.656004786,0.038986515,-0.13350752,0.13577117],""dof_velocity"":[-3.688529968,-2.021407366,-0.257669538,-14.311398506,-0.981684685,-2.90350914,-8.080582619,-2.549737215,-2.752581358,5.533974171,-0.004639321,-2.654655218,-0.651082337,-3.15746069,-11.543048859,1.016234159,-0.195027798,1.801754594,16.570137024,2.095727682,-13.151197433,-1.900658607,1.558461785,9.762198448,-11.539565086,15.780469894,-13.561024666,-10.76746273,5.674901485],""goal"":[-3.450000048,0.0,0.18273592],""robot_root_angular_velocity"":[-1.406490207,-7.324836254,1.100163937],""robot_root_linear_velocity"":[-0.335820675,0.056452867,-0.04676009],""robot_root_pose"":[2.283633471,0.002492894,0.798150659,-0.089185625,0.010791352,0.995954812,0.001834647]}",retrained.pt,True,2|half_sine|+box_x|0.5|0.0,1916,1,14937,15311.0,374.0,20,420,0.3516561897473887,5.501115322113037,0.9857142857142858,1.0,1.6006550788879397,0.3012711412228999,1.7140586376190186,3.445582628250122,6.847691232285329,33.98549270629883,0.22489372692736131,0.919987142086029,8.18316233111989,0.19334131153244968
retrained,T0028,legged_gym/logs/recarry/model_19999.pt,2,half_sine,+box_x,0.7,0.0,0.1,0.15,0.15,1.125,7.725375175476074,0.4923186588514148,0,,1,0.7357228398323059,-0.2651565372943878,-0.3389023244380951,1,0,0.7156650424003601,16ef1c9174da30b3af863e370b78d0ad3e3955d8,"{""box_angular_velocity"":[-0.008105057,-0.2982032,0.064997666],""box_linear_velocity"":[0.030040467,-0.006259799,-0.187052324],""box_mass"":1.125,""box_pose"":[0.550496578,-0.000101326,0.132703856,-0.002515608,-0.002193975,0.685049117,0.728489101],""dof_position"":[-0.236920059,-0.025255285,0.006036392,0.431224167,-0.166211471,0.055614106,0.131890178,0.032754518,0.046397768,0.269758224,-0.25058037,0.020506181,0.10482049,0.005362876,0.038483538,-0.071355641,0.111108683,-0.00563468,0.346721292,-0.142604798,-0.147002518,-0.066776916,-0.395739019,-0.157160506,0.129155025,0.656059742,0.038958717,-0.133514017,0.135780945],""dof_velocity"":[-3.685709476,-2.021595955,-0.261287838,-14.310339928,-0.983146906,-2.902992964,-8.079097748,-2.5503304,-2.756659031,5.532846451,-0.005234093,-2.654363871,-0.651291549,-3.157818079,-11.545330048,1.017614365,-0.19541809,1.80031693,16.576194763,2.094658375,-13.156633377,-1.895015121,1.558114767,9.765415192,-11.538776398,15.78378582,-13.562884331,-10.768074989,5.675776482],""goal"":[-3.450000048,0.0,0.18273592],""robot_root_angular_velocity"":[-1.40604651,-7.324589252,1.097252727],""robot_root_linear_velocity"":[-0.336760789,0.056527644,-0.047120485],""robot_root_pose"":[2.283616304,0.002490077,0.798145473,-0.08917962,0.010768022,0.995955527,0.001894213]}",retrained.pt,True,2|half_sine|+box_x|0.7|0.0,2076,1,15417,15831.0,414.0,20,420,0.4923186588514148,7.701560974121094,0.9904761904761905,1.0,0.7357228398323059,0.3420898957621484,1.6226613521575928,4.454875469207764,11.076385444278518,106.42133331298828,0.16837538266665347,0.9989872574806212,12.372587652220613,0.1640419330999499
retrained,T0029,legged_gym/logs/recarry/model_19999.pt,2,half_sine,+box_x,0.9,0.0,0.1,0.15,0.15,1.125,9.932624816894531,0.6329810987491657,0,,0,0.6206660866737366,-0.4219518303871155,-0.2951412200927734,1,0,0.9855194091796876,abe1a484bb2797c1330210c854917de59db482d5,"{""box_angular_velocity"":[-0.07109534,-0.324403465,0.039636806],""box_linear_velocity"":[0.019859992,-0.007357826,-0.191156715],""box_mass"":1.125,""box_pose"":[0.550312519,-0.000125209,0.132630244,-0.002991781,-0.002130093,0.684696078,0.72881937],""dof_position"":[-0.236963749,-0.025273457,0.006005824,0.431273907,-0.166040868,0.05560524,0.131902382,0.032789644,0.046333034,0.269881517,-0.250558406,0.020481946,0.104633152,0.005167788,0.038899031,-0.071379237,0.111124292,-0.005703584,0.346383542,-0.14240022,-0.146987021,-0.066574849,-0.395783335,-0.157285377,0.129271999,0.655700147,0.039197449,-0.133446097,0.135787144],""dof_velocity"":[-3.709072828,-2.01593852,-0.257216066,-14.307923317,-0.975144804,-2.903171539,-8.099508286,-2.54395628,-2.752893209,5.532979488,0.005112067,-2.654235125,-0.65604651,-3.163486719,-11.553836823,1.024947643,-0.19814162,1.79737699,16.560901642,2.10590601,-13.156702995,-1.889710546,1.567216873,9.764043808,-11.535853386,15.764473915,-13.55879879,-10.76253891,5.683610916],""goal"":[-3.450000048,0.0,0.18273592],""robot_root_angular_velocity"":[-1.405071139,-7.337410927,1.10152781],""robot_root_linear_velocity"":[-0.33363077,0.058224484,-0.047066517],""robot_root_pose"":[2.283681631,0.002526685,0.798152566,-0.089108244,0.010800557,0.995961666,0.001824218]}",retrained.pt,True,2|half_sine|+box_x|0.9|0.0,2100,1,15937,16357.0,420.0,20,420,0.6329810987491657,9.902006149291992,0.9952380952380953,1.0,0.6251131892204285,0.2761792070365378,1.5474889278411863,3.21474027633667,2.484396617824123,60.63062286376953,0.15534893188270785,0.7713107466697693,6.61859810806456,0.11631448070873458
retrained,T0030,legged_gym/logs/recarry/model_19999.pt,2,half_sine,+box_x,1.1,0.0,0.1,0.15,0.15,1.125,12.13987636566162,0.7736436691810856,0,,1,0.6603282690048218,0.1908164620399475,0.1132582798600196,1,0,0.5445321798324585,c07b97d6aa65fb44a12e6bc442442688a5f7d26f,"{""box_angular_velocity"":[0.298046708,0.181816936,0.194567472],""box_linear_velocity"":[0.00328538,-0.002701189,-0.202443898],""box_mass"":1.125,""box_pose"":[0.550056338,-4.2725e-05,0.132439718,0.002668197,-0.000704217,0.685805202,0.727779806],""dof_position"":[-0.237516761,-0.025830347,0.006011325,0.431044757,-0.165487543,0.055645633,0.131621674,0.032345794,0.046266705,0.269800663,-0.250514477,0.020469086,0.104490891,0.004972202,0.038698394,-0.071775146,0.112131178,-0.004846771,0.344658792,-0.144029975,-0.144529596,-0.067739293,-0.394269139,-0.158624291,0.129986033,0.653384805,0.040126059,-0.13290222,0.135729223],""dof_velocity"":[-3.713274956,-2.035101891,-0.244244546,-14.314367294,-0.969933689,-2.909389496,-8.09196949,-2.560946941,-2.73844862,5.530686855,0.004433797,-2.660559654,-0.647072554,-3.168076277,-11.53776741,1.00007987,-0.151617587,1.796615601,16.455604553,2.02999115,-13.027235031,-1.913419366,1.658225536,9.731565475,-11.544974327,15.635919571,-13.566961288,-10.723151207,5.723001957],""goal"":[-3.450000048,0.0,0.18273592],""robot_root_angular_velocity"":[-1.422231317,-7.330290318,1.117534876],""robot_root_linear_velocity"":[-0.330533564,0.056092635,-0.043169301],""robot_root_pose"":[2.283727407,0.002504314,0.798209071,-0.08924032,0.01099294,0.995948076,0.001615099]}",retrained.pt,True,2|half_sine|+box_x|1.1|0.0,2008,1,16463,16860.0,397.0,20,420,0.7736436691810856,12.102453231811523,0.9928571428571429,1.0,0.9480384588241576,0.2698687409006414,1.8907575607299805,4.324489593505859,1.426399934690978,39.208534240722656,0.1597830701494656,0.8050193786621094,5.782646740689164,0.11020523996391729
retrained,T0031,legged_gym/logs/recarry/model_19999.pt,2,half_sine,-box_x,0.1,0.0,0.1,0.15,0.15,1.125,1.1036250591278076,0.0703312376812568,0,,1,1.4840421676635742,-0.3315497636795044,-0.1675295233726501,0,0,0.3374322950839996,d78718efcee8e53fe4a3b892e931b4602828fbcc,"{""box_angular_velocity"":[0.518873811,-0.686721206,0.129924342],""box_linear_velocity"":[0.010275228,-0.004626064,-0.191196531],""box_mass"":1.125,""box_pose"":[0.550194144,-8.6061e-05,0.132649302,-0.001157074,-0.008252982,0.684991241,0.728503585],""dof_position"":[-0.23741585,-0.026257668,0.0059759,0.430997729,-0.165381089,0.055653989,0.13195017,0.032049753,0.046197623,0.269863576,-0.250784278,0.020419993,0.103984825,0.004507976,0.038793486,-0.071656488,0.110555999,-0.005698328,0.346938491,-0.141999274,-0.1472601,-0.066464931,-0.39410767,-0.158616409,0.130173549,0.653142929,0.040288717,-0.132832035,0.135748655],""dof_velocity"":[-3.720332623,-2.039075136,-0.225669399,-14.311478615,-0.970895588,-2.915216923,-8.095282555,-2.565547466,-2.718015432,5.544964314,-0.001233195,-2.665950537,-0.659785569,-3.187263012,-11.54757309,1.000863791,-0.207917467,1.77204752,16.594770432,2.101216316,-13.173743248,-1.869729996,1.671837568,9.737222672,-11.541811943,15.621488571,-13.566111565,-10.717234612,5.731585503],""goal"":[-3.450000048,0.0,0.18273592],""robot_root_angular_velocity"":[-1.434060454,-7.335581303,1.123574138],""robot_root_linear_velocity"":[-0.331794411,0.057372727,-0.044653174],""robot_root_pose"":[2.28369832,0.002530886,0.798184156,-0.089179695,0.011170628,0.995951772,0.001429662]}",retrained.pt,True,2|half_sine|-box_x|0.1|0.0,2152,1,16966,17399.0,433.0,20,420,0.0703312376812568,1.100222945213318,0.9380952380952381,1.0,1.4840421676635742,0.31319126652642376,1.5047951936721802,3.5662267208099365,-2.0766792222768777,34.47810745239258,0.19585677062915194,1.0,5.136999407907327,0.14104256371185675
retrained,T0032,legged_gym/logs/recarry/model_19999.pt,2,half_sine,-box_x,0.3,0.0,0.1,0.15,0.15,1.125,3.310875177383423,0.2109937128947589,0,,0,0.8719014525413513,0.024221122264862,0.0512025356292724,1,0,0.6544992327690125,9e8c9e996238e0a02d9a59405d5979fe3ba5978a,"{""box_angular_velocity"":[-0.106612705,-0.41158101,0.142605633],""box_linear_velocity"":[-0.001670594,-0.003873094,-0.199121401],""box_mass"":1.125,""box_pose"":[0.549952567,-5.9764e-05,0.132494152,-0.003766904,-0.002083149,0.685550332,0.728012443],""dof_position"":[-0.237168655,-0.025417179,0.005995485,0.431194752,-0.165937245,0.055629399,0.131758302,0.032660659,0.046337564,0.269793093,-0.250517637,0.020496475,0.104711972,0.005246501,0.038679052,-0.071273826,0.11123538,-0.005733388,0.346305251,-0.142698541,-0.146885961,-0.066829376,-0.395837635,-0.157259896,0.129066557,0.655975282,0.039020114,-0.133520752,0.135762066],""dof_velocity"":[-3.698719263,-2.024884462,-0.257787555,-14.310398102,-0.976539373,-2.904031992,-8.085882187,-2.551730871,-2.752163649,5.531832695,0.000347795,-2.655592442,-0.653960168,-3.158943892,-11.535774231,1.019822478,-0.197977319,1.801722884,16.558250427,2.098688364,-13.15094471,-1.905537605,1.552943945,9.757800102,-11.540913582,15.778841972,-13.55805397,-10.767960548,5.673143387],""goal"":[-3.450000048,0.0,0.18273592],""robot_root_angular_velocity"":[-1.409069419,-7.325807095,1.105946422],""robot_root_linear_velocity"":[-0.333156973,0.056201089,-0.045620561],""robot_root_pose"":[2.283678293,0.002493689,0.798171639,-0.089189984,0.010824545,0.995954156,0.001792694]}",retrained.pt,True,2|half_sine|-box_x|0.3|0.0,1948,1,17505,17887.0,382.0,20,420,0.2109937128947589,3.300668954849243,0.9976190476190476,1.0,1.3738486766815186,0.246690153720833,1.6516809463500977,3.869652271270752,-2.5343936313342836,65.8682861328125,0.1396269422900375,0.7926801443099976,5.455814831650683,0.1000578163622235
retrained,T0033,legged_gym/logs/recarry/model_19999.pt,2,half_sine,-box_x,0.5,0.0,0.1,0.15,0.15,1.125,5.518125057220459,0.3516561769323904,0,,0,0.5805849432945251,-0.0516914054751396,-0.1715994030237198,1,0,0.7217567563056946,107257fae6b7ed61ce19b3037dcce45d7fa2e90a,"{""box_angular_velocity"":[0.471939772,-0.243254796,0.007162487],""box_linear_velocity"":[-0.019791169,-0.005093319,-0.206985354],""box_mass"":1.125,""box_pose"":[0.549659371,-9.3652e-05,0.132362381,0.001443841,-0.004664895,0.684256792,0.729224622],""dof_position"":[-0.237608239,-0.026080392,0.005997337,0.430998594,-0.165153995,0.055646297,0.131597579,0.0321647,0.046238296,0.269937485,-0.250491589,0.020428833,0.104156457,0.004621254,0.039185807,-0.071534641,0.11067351,-0.005732217,0.346357107,-0.142096937,-0.147188172,-0.066409841,-0.394460499,-0.158681408,0.13016054,0.653157413,0.040318899,-0.132884771,0.135752633],""dof_velocity"":[-3.73856473,-2.038351536,-0.236844212,-14.309156418,-0.962316453,-2.912853003,-8.112103462,-2.563613415,-2.729583025,5.533309937,0.014601056,-2.665048122,-0.662520945,-3.185323954,-11.534929276,1.012339234,-0.206009448,1.776428819,16.562906265,2.101879358,-13.169188499,-1.87238276,1.653880715,9.738132477,-11.540647507,15.625948906,-13.56664753,-10.720861435,5.732286453],""goal"":[-3.450000048,0.0,0.18273592],""robot_root_angular_velocity"":[-1.430567503,-7.340264797,1.120929599],""robot_root_linear_velocity"":[-0.326603711,0.057696126,-0.042102281],""robot_root_pose"":[2.283797979,0.002530891,0.79823643,-0.089177884,0.011106052,0.995952606,0.001543473]}",retrained.pt,True,2|half_sine|-box_x|0.5|0.0,2092,1,17993,18411.0,418.0,20,420,0.3516561769323904,5.501114845275879,0.9928571428571429,1.0,1.1205449104309082,0.29219585616318955,1.5826658010482788,3.9452311992645264,-3.8543993672888193,28.44523048400879,0.20960898872359568,0.9977588057518004,5.716625844013123,0.09148556879642583
retrained,T0034,legged_gym/logs/recarry/model_19999.pt,2,half_sine,-box_x,0.7,0.0,0.1,0.15,0.15,1.125,7.725375175476074,0.4923186579573452,0,,1,1.5325515270233154,-0.3376589119434356,-0.167016863822937,0,0,0.311830461025238,7c7ef23a16a7a9c02e9fc9f0dc4e224b817728c6,"{""box_angular_velocity"":[0.437057316,-0.513698637,-0.107889079],""box_linear_velocity"":[0.006585273,-0.003552436,-0.192801461],""box_mass"":1.125,""box_pose"":[0.550109625,-6.4752e-05,0.132609978,-0.000608946,-0.006365512,0.68362397,0.729806244],""dof_position"":[-0.237465754,-0.02631028,0.005873753,0.431073695,-0.165435597,0.05569382,0.132028133,0.032073833,0.046149377,0.269836307,-0.25086236,0.020443011,0.104037881,0.004647478,0.038762655,-0.071530208,0.110281378,-0.005921588,0.346824795,-0.141772911,-0.147320047,-0.066436462,-0.396005601,-0.157010138,0.128651425,0.656348884,0.038775887,-0.133637086,0.135672227],""dof_velocity"":[-3.722990036,-2.038357496,-0.230112672,-14.307333946,-0.973237991,-2.912043571,-8.09221077,-2.561218977,-2.718508005,5.547350883,-0.005955723,-2.662388086,-0.662928462,-3.168298483,-11.548311234,1.009022951,-0.230700433,1.777128696,16.589942932,2.114671707,-13.177684784,-1.878948569,1.547513723,9.748522758,-11.545934677,15.793575287,-13.547566414,-10.77499485,5.650706768],""goal"":[-3.450000048,0.0,0.18273592],""robot_root_angular_velocity"":[-1.426234007,-7.336344242,1.132578254],""robot_root_linear_velocity"":[-0.332600832,0.054482222,-0.045827314],""robot_root_pose"":[2.283680201,0.002499539,0.798167288,-0.089188233,0.011148665,0.995951414,0.001346307]}",retrained.pt,True,2|half_sine|-box_x|0.7|0.0,1976,1,18517,18906.0,389.0,20,420,0.4923186579573452,7.701560497283935,0.9619047619047619,1.0,1.5325515270233154,0.29535919065099386,1.6249175071716309,3.7163491249084473,-2.7872793835809544,28.41843032836914,0.23640758622759245,0.9228694438934326,5.622907604720621,0.1445372388328126
retrained,T0035,legged_gym/logs/recarry/model_19999.pt,2,half_sine,-box_x,0.9,0.0,0.1,0.15,0.15,1.125,9.932624816894531,0.632981105901723,0,,1,0.6704733371734619,-0.182029590010643,-0.0861922651529312,1,0,1.0151251554489136,6ab5a3be1fb5c4b94f0fe7c4e18ce1dbc3f0fb9e,"{""box_angular_velocity"":[-0.107241258,-0.412781447,0.143878102],""box_linear_velocity"":[-0.001740343,-0.003857276,-0.199140951],""box_mass"":1.125,""box_pose"":[0.549951375,-5.9486e-05,0.132493824,-0.003776436,-0.002088661,0.685558498,0.728004694],""dof_position"":[-0.23716855,-0.025418529,0.005995671,0.431196034,-0.16593942,0.055629183,0.131758332,0.032659553,0.046337537,0.269793123,-0.250517577,0.02049654,0.104711868,0.005245324,0.038679756,-0.071273565,0.111236043,-0.005733574,0.346304119,-0.142699122,-0.146885395,-0.066829786,-0.395837992,-0.157259762,0.129066154,0.655975461,0.039020076,-0.133520991,0.135761887],""dof_velocity"":[-3.698684216,-2.024898052,-0.257737041,-14.310368538,-0.976677954,-2.90403986,-8.085909843,-2.551753759,-2.752116203,5.53185463,0.00035448,-2.655596495,-0.653931797,-3.158959389,-11.535768509,1.019850969,-0.198012426,1.801717758,16.558214188,2.098720551,-13.150948524,-1.90556097,1.552937746,9.75777626,-11.540906906,15.778847694,-13.558038712,-10.767972946,5.673121929],""goal"":[-3.450000048,0.0,0.18273592],""robot_root_angular_velocity"":[-1.409090281,-7.325816154,1.105936766],""robot_root_linear_velocity"":[-0.333151519,0.056197129,-0.045614954],""robot_root_pose"":[2.283678293,0.002493776,0.798171759,-0.089189619,0.010825066,0.995954156,0.001792458]}",retrained.pt,True,2|half_sine|-box_x|0.9|0.0,1948,1,19012,19394.0,382.0,20,420,0.632981105901723,9.902006149291992,0.9928571428571429,1.0,0.6719180345535278,0.275098447004954,1.7835911512374878,3.5778558254241943,-1.8617013748646491,45.849876403808594,0.22705779407960586,0.9769240617752076,4.98587430949722,0.079866856421653
retrained,T0036,legged_gym/logs/recarry/model_19999.pt,2,half_sine,-box_x,1.1,0.0,0.1,0.15,0.15,1.125,12.13987636566162,0.7736436924268966,0,,1,1.2620902061462402,0.1461289077997207,0.3734801411628723,1,0,0.4317304491996765,cb71d0b4586ab331b96d86c2dbed34d4239e992a,"{""box_angular_velocity"":[-0.026816098,-0.339533508,0.004028284],""box_linear_velocity"":[0.021925908,-0.006617879,-0.190114811],""box_mass"":1.125,""box_pose"":[0.550349534,-0.000105236,0.132647455,-0.002919028,-0.002247091,0.684736907,0.728781044],""dof_position"":[-0.236981407,-0.025261391,0.006004639,0.431236207,-0.166163087,0.055616833,0.131878704,0.032782063,0.046353903,0.269771397,-0.250577688,0.020502951,0.104758769,0.005361733,0.038538937,-0.071300782,0.111188777,-0.005734457,0.34649843,-0.142605156,-0.146896586,-0.066755123,-0.395746797,-0.157201529,0.129131287,0.656011164,0.038988527,-0.133505985,0.135773569],""dof_velocity"":[-3.686701059,-2.020099401,-0.257745296,-14.312047005,-0.981426001,-2.903161526,-8.08003521,-2.548931837,-2.753777742,5.53397274,-0.004445283,-2.65410471,-0.650833368,-3.157258034,-11.542193413,1.019542575,-0.198234394,1.802233338,16.566659927,2.102440834,-13.151439667,-1.900724292,1.557652712,9.763311386,-11.539439201,15.781387329,-13.56150341,-10.767653465,5.675282001],""goal"":[-3.450000048,0.0,0.18273592],""robot_root_angular_velocity"":[-1.405626655,-7.323907375,1.099275708],""robot_root_linear_velocity"":[-0.335838675,0.056710113,-0.046834588],""robot_root_pose"":[2.283633471,0.002494987,0.798149705,-0.089175127,0.010768597,0.995955944,0.001841453]}",retrained.pt,True,2|half_sine|-box_x|1.1|0.0,1944,1,19500,19881.0,381.0,20,420,0.7736436924268966,12.10245418548584,0.9880952380952381,1.0,1.9846811294555664,0.37158103642009555,1.891818642616272,4.471956729888916,7.6592395284700965,134.1199951171875,0.11395290856515723,0.987437665462494,9.728076383613406,0.13128698711519798
retrained,T0037,legged_gym/logs/recarry/model_19999.pt,2,half_sine,+box_y,0.1,0.0,0.1,0.15,0.15,1.125,1.1036250591278076,0.0703312409967651,0,,1,0.936954140663147,0.6832452416419983,0.2919648289680481,1,0,0.8248363733291626,01575953420f1d25e0a039278958c63fc5af4dd0,"{""box_angular_velocity"":[0.481196761,-0.512233317,0.179689348],""box_linear_velocity"":[-0.000494686,-0.00439874,-0.196009889],""box_mass"":1.125,""box_pose"":[0.549985349,-8.2859e-05,0.132553458,-0.000263433,-0.006678028,0.685291648,0.728237987],""dof_position"":[-0.23764123,-0.026055109,0.006008765,0.430983514,-0.165401459,0.055648949,0.131545782,0.032173041,0.046273034,0.269810349,-0.250539601,0.020444417,0.104212731,0.004725369,0.038676817,-0.072014935,0.110887729,-0.005420463,0.347085536,-0.14243269,-0.147042558,-0.066750512,-0.394420952,-0.158511102,0.130068839,0.653484404,0.040119961,-0.132919505,0.135755688],""dof_velocity"":[-3.713239193,-2.040130377,-0.235396311,-14.316520691,-0.971552968,-2.912552834,-8.092450142,-2.566756248,-2.728117228,5.532586575,0.004343343,-2.664239407,-0.659858108,-3.1811378,-11.531769753,0.98586309,-0.192650005,1.781999826,16.590970993,2.083915949,-13.160741806,-1.87454319,1.64621079,9.739872932,-11.541614532,15.642415047,-13.568166733,-10.723927498,5.725764275],""goal"":[-3.450000048,0.0,0.18273592],""robot_root_angular_velocity"":[-1.430589318,-7.330346584,1.11689651],""robot_root_linear_velocity"":[-0.330314428,0.056685284,-0.04349139],""robot_root_pose"":[2.283725977,0.002512186,0.798204243,-0.089285411,0.011082262,0.995943189,0.001563664]}",retrained.pt,True,2|half_sine|+box_y|0.1|0.0,2040,1,19987,20392.0,405.0,20,420,0.0703312409967651,1.100222945213318,0.9904761904761905,1.0,0.9382055401802064,0.43677901677077724,1.7891744375228882,6.304999828338623,6.640001150398027,31.090011596679688,0.08222296927792958,0.969313621520996,12.396242493674869,0.12119621234548197
retrained,T0038,legged_gym/logs/recarry/model_19999.pt,2,half_sine,+box_y,0.3,0.0,0.1,0.15,0.15,1.125,3.310875177383423,0.2109937213884206,0,,1,0.5682564377784729,0.1732382029294967,-0.1844160109758377,1,0,0.6573081612586975,1069040e56269475e3cfb3874bc4131adca6bbd7,"{""box_angular_velocity"":[-0.009533559,-0.164886102,0.284300357],""box_linear_velocity"":[-0.0321652,-0.001900183,-0.212590963],""box_mass"":1.125,""box_pose"":[0.549443126,-3.2526e-05,0.132264182,-0.001274047,-0.00113406,0.686252058,0.727361679],""dof_position"":[-0.237452164,-0.025809556,0.005984932,0.431071401,-0.165332869,0.055657476,0.131685734,0.032380775,0.046266098,0.269884706,-0.250448793,0.020472033,0.104324237,0.004961374,0.039204985,-0.070692085,0.112024836,-0.006269061,0.345499903,-0.143199474,-0.147076577,-0.066848606,-0.394696474,-0.158612937,0.130010143,0.653575003,0.04018224,-0.132968023,0.135790735],""dof_velocity"":[-3.721024036,-2.030899525,-0.24371092,-14.307126045,-0.965670943,-2.909347296,-8.098374367,-2.556872368,-2.736126661,5.535955906,0.008523991,-2.660989523,-0.658510566,-3.165645838,-11.517593384,1.036981583,-0.194169238,1.811883092,16.533100128,2.119112492,-13.153010368,-1.951106787,1.631033301,9.733358383,-11.542120934,15.650512695,-13.565958023,-10.726877213,5.727505207],""goal"":[-3.450000048,0.0,0.18273592],""robot_root_angular_velocity"":[-1.417999268,-7.325494289,1.115844846],""robot_root_linear_velocity"":[-0.326511621,0.055846866,-0.041758984],""robot_root_pose"":[2.28379941,0.002498075,0.79823935,-0.089133285,0.010974727,0.995957971,0.001615558]}",retrained.pt,True,2|half_sine|+box_y|0.3|0.0,2024,1,20498,20899.0,401.0,20,420,0.2109937213884206,3.300668954849243,0.9785714285714285,1.0,0.5730026960372925,0.27377141058622373,1.6065207719802856,2.913938522338867,0.1639480673663673,10.800589561462402,0.15141645846999294,0.9926815629005432,7.136008410475084,0.13083503113822578
retrained,T0039,legged_gym/logs/recarry/model_19999.pt,2,half_sine,+box_y,0.5,0.0,0.1,0.15,0.15,1.125,5.518125057220459,0.3516562016683174,0,,1,0.9430585503578186,0.1774661391973495,-0.2011304795742035,1,0,0.7638302445411682,d73520fc62870fc53ffb7bf4dfe55551ff8e4cdf,"{""box_angular_velocity"":[0.217851371,-0.215686411,-0.103950128],""box_linear_velocity"":[-0.009358007,-0.005382883,-0.200952142],""box_mass"":1.125,""box_pose"":[0.549834549,-9.6177e-05,0.13246578,-7.8507e-05,-0.002977251,0.68368423,0.729771733],""dof_position"":[-0.237672031,-0.02590053,0.005962029,0.431098998,-0.165233225,0.055662762,0.131466493,0.032302435,0.046231847,0.269937307,-0.250391424,0.020468038,0.104393303,0.004917082,0.03932824,-0.071517155,0.109808512,-0.005769944,0.346223027,-0.141473249,-0.147329703,-0.066105492,-0.396630436,-0.157086,0.128679141,0.656460762,0.038803872,-0.13371639,0.13571386],""dof_velocity"":[-3.748187304,-2.035769224,-0.249034122,-14.304866791,-0.962313831,-2.908589602,-8.12012291,-2.559366703,-2.740923405,5.527822495,0.017801829,-2.661625147,-0.664729774,-3.169414282,-11.53308773,1.024705052,-0.231893063,1.769694328,16.5481987,2.105113506,-13.180199623,-1.847339511,1.516820908,9.756980896,-11.544559479,15.806609154,-13.55209446,-10.782017708,5.654289246],""goal"":[-3.450000048,0.0,0.18273592],""robot_root_angular_velocity"":[-1.420629978,-7.346029758,1.12153697],""robot_root_linear_velocity"":[-0.325350285,0.055660449,-0.042514142],""robot_root_pose"":[2.283823729,0.002494244,0.798239112,-0.089189485,0.011003564,0.995952487,0.001607009]}",retrained.pt,True,2|half_sine|+box_y|0.5|0.0,1964,1,21005,21391.0,386.0,20,420,0.3516562016683174,5.501115322113037,0.9809523809523809,1.0,1.333007574081421,0.399211726790028,1.8370263576507568,5.447315216064453,-0.05971937479362601,9.44091510772705,0.165821109656688,0.9999437928199768,8.931565739072504,0.1193465841969425
retrained,T0040,legged_gym/logs/recarry/model_19999.pt,2,half_sine,+box_y,0.7,0.0,0.1,0.15,0.15,1.125,7.725375175476074,0.4923186815011793,0,,0,0.590287983417511,0.215186521410942,0.0205492824316024,1,0,0.958408772945404,30e70b758600a7a44aeca80cf106b5c221375599,"{""box_angular_velocity"":[-0.015065215,-0.165352851,0.281758994],""box_linear_velocity"":[-0.029136637,-0.002171264,-0.211574212],""box_mass"":1.125,""box_pose"":[0.549498498,-3.7367e-05,0.132282764,-0.001325175,-0.001092718,0.686233282,0.727379382],""dof_position"":[-0.237540811,-0.025618933,0.006093866,0.431016356,-0.16551432,0.055623088,0.131215379,0.032438882,0.046323799,0.269924104,-0.250149578,0.020487262,0.104515947,0.005003875,0.038948219,-0.070699021,0.112148158,-0.006176068,0.345460504,-0.143295079,-0.14698036,-0.066867672,-0.394685596,-0.158577308,0.130103588,0.653545678,0.040180847,-0.132951722,0.135807082],""dof_velocity"":[-3.697267532,-2.032048464,-0.253081977,-14.311751366,-0.973237097,-2.908262491,-8.086353302,-2.559448004,-2.747606516,5.518965244,0.025192289,-2.660830498,-0.660399437,-3.166180849,-11.493222237,1.025893211,-0.188128516,1.818412662,16.529315948,2.116421461,-13.147105217,-1.949589372,1.621404529,9.735708237,-11.542029381,15.64835453,-13.567507744,-10.724954605,5.730896473],""goal"":[-3.450000048,0.0,0.18273592],""robot_root_angular_velocity"":[-1.417610765,-7.310956478,1.10936904],""robot_root_linear_velocity"":[-0.326908529,0.056175042,-0.041763153],""robot_root_pose"":[2.28378582,0.002497185,0.798232496,-0.089250408,0.010923264,0.995947778,0.001762656]}",retrained.pt,True,2|half_sine|+box_y|0.7|0.0,1940,1,21497,21877.0,380.0,20,420,0.4923186815011793,7.701560974121094,1.0,0.0,0.5991962552070618,0.24209202540417513,1.6579481363296509,3.228200674057007,-0.5343658828753091,3.46425724029541,0.1128375249426989,0.4171985983848572,4.344536441027941,0.07561745143496709
retrained,T0041,legged_gym/logs/recarry/model_19999.pt,2,half_sine,+box_y,0.9,0.0,0.1,0.15,0.15,1.125,9.932624816894531,0.6329811023254444,0,,0,0.6080056428909302,0.2393990755081176,-0.0498367249965667,1,0,0.6610585451126099,6497aea6ca16fd4872a48d08fa277b0df1323511,"{""box_angular_velocity"":[-0.365457207,-0.100120217,0.167538002],""box_linear_velocity"":[-0.042880297,-0.001993984,-0.216415152],""box_mass"":1.125,""box_pose"":[0.549256802,-3.0976e-05,0.132200211,-0.003370064,0.001431322,0.685592711,0.727976084],""dof_position"":[-0.237342685,-0.025567738,0.005922552,0.431238949,-0.165613398,0.055657838,0.131764486,0.032615542,0.046236038,0.269900531,-0.25048089,0.020494988,0.104492716,0.005151149,0.039215993,-0.070302717,0.111696117,-0.006436266,0.3450104,-0.142870128,-0.147055432,-0.066722244,-0.396244884,-0.157296091,0.128840402,0.656126082,0.039037518,-0.133590534,0.135764569],""dof_velocity"":[-3.716711044,-2.022472143,-0.250034064,-14.306611061,-0.966330886,-2.904902697,-8.09798336,-2.54798007,-2.742948771,5.537523746,0.008917851,-2.655818701,-0.655088782,-3.153459787,-11.517280579,1.0552001,-0.210830078,1.813060045,16.511035919,2.130480766,-13.15413475,-1.950519323,1.531018257,9.746433258,-11.545543671,15.786816597,-13.549577713,-10.772156715,5.666478634],""goal"":[-3.450000048,0.0,0.18273592],""robot_root_angular_velocity"":[-1.406698465,-7.325185299,1.115114212],""robot_root_linear_velocity"":[-0.327141136,0.055171095,-0.043840345],""robot_root_pose"":[2.283782005,0.002490052,0.798203409,-0.0891096,0.010867741,0.99596113,0.001635576]}",retrained.pt,True,2|half_sine|+box_y|0.9|0.0,2032,1,21983,22386.0,403.0,20,420,0.6329811023254444,9.902006149291992,1.0,0.0,0.6080056428909302,0.27312053380800144,1.620539665222168,3.224960803985596,-0.6492486380040645,5.496819496154785,0.1689788788512704,0.7929426431655884,6.339272678217718,0.12280551781619749
retrained,T0042,legged_gym/logs/recarry/model_19999.pt,2,half_sine,+box_y,1.1,0.0,0.1,0.15,0.15,1.125,12.13987636566162,0.7736436626245748,0,,0,0.6011894941329956,0.2129594534635543,-0.1281922906637191,1,0,0.5797469615936279,4582287138b2fc3a31a1cb25dd8705f72c204d9c,"{""box_angular_velocity"":[0.0,0.0,0.0],""box_linear_velocity"":[0.0,0.0,-0.196175486],""box_mass"":1.125,""box_pose"":[0.549999952,0.0,0.132547736,0.0,0.0,0.68435663,0.729147375],""dof_position"":[-0.237780809,-0.025950639,0.005912176,0.431112438,-0.165377572,0.055663545,0.131443098,0.032299895,0.046190694,0.269825906,-0.250445813,0.020467527,0.104477204,0.004905494,0.038970519,-0.071286865,0.109377429,-0.00606284,0.346385926,-0.141034573,-0.147619501,-0.0659502,-0.397222638,-0.156369403,0.128000021,0.657772839,0.038140442,-0.134024382,0.135641053],""dof_velocity"":[-3.723170042,-2.037189007,-0.247902557,-14.308513641,-0.969866395,-2.908161879,-8.095814705,-2.559491634,-2.739269257,5.529987812,0.007342046,-2.660553455,-0.661911964,-3.166270971,-11.513833046,1.023054957,-0.251062393,1.770554185,16.558387756,2.1219697,-13.192837715,-1.849751234,1.464424968,9.760338783,-11.547391891,15.874684334,-13.54074955,-10.804070473,5.615897655],""goal"":[-3.450000048,0.0,0.18273592],""robot_root_angular_velocity"":[-1.421434879,-7.328875542,1.125061154],""robot_root_linear_velocity"":[-0.327150285,0.055600896,-0.04376151],""robot_root_pose"":[2.28378129,0.002500449,0.798210204,-0.089273386,0.011016761,0.995945036,0.001546588]}",retrained.pt,True,2|half_sine|+box_y|1.1|0.0,2084,1,22492,22908.0,416.0,20,420,0.7736436626245748,12.102452278137209,1.0,0.0,0.6012500524520874,0.2562072436458298,1.584883213043213,3.1151046752929688,0.19883114227226803,3.6842801570892334,0.1259642916731536,0.5680771470069885,4.728134890965053,0.08652295889908035
retrained,T0043,legged_gym/logs/recarry/model_19999.pt,2,half_sine,-box_y,0.1,0.0,0.1,0.15,0.15,1.125,1.1036250591278076,0.0703312404007187,0,,1,0.5871564149856567,-0.258556067943573,0.1411795616149902,1,0,0.5254350900650024,8f7839ee05f2385450784e1a21c818c470b8773b,"{""box_angular_velocity"":[0.359674931,-0.669312775,0.099340349],""box_linear_velocity"":[-0.003516259,-0.006231575,-0.196581021],""box_mass"":1.125,""box_pose"":[0.549948514,-0.000109118,0.132553592,-0.002212197,-0.007028069,0.685046971,0.728461504],""dof_position"":[-0.237466469,-0.026039692,0.00601048,0.431066275,-0.165411904,0.055645909,0.1317496,0.032193996,0.046255514,0.269899637,-0.250605166,0.020439183,0.104131415,0.004735398,0.039000046,-0.071488082,0.110274248,-0.005848379,0.346518576,-0.141738623,-0.147268176,-0.066154987,-0.394585073,-0.15853104,0.130063534,0.6535151,0.04016237,-0.132908821,0.135786593],""dof_velocity"":[-3.723819733,-2.038889647,-0.233003125,-14.313426018,-0.965899229,-2.913382769,-8.102091789,-2.565969944,-2.727687597,5.538002491,0.006210661,-2.66482234,-0.661288321,-3.18491888,-11.537566185,1.011615872,-0.214600056,1.770524979,16.570966721,2.10818243,-13.17288208,-1.860018611,1.643802404,9.742767334,-11.542619705,15.645252228,-13.568398476,-10.724572182,5.727627277],""goal"":[-3.450000048,0.0,0.18273592],""robot_root_angular_velocity"":[-1.430920601,-7.335711956,1.117901921],""robot_root_linear_velocity"":[-0.329017371,0.056957148,-0.044258431],""robot_root_pose"":[2.283753395,0.002508597,0.798195779,-0.089172594,0.011076417,0.995953441,0.001543897]}",retrained.pt,True,2|half_sine|-box_y|0.1|0.0,2080,1,23014,23429.0,415.0,20,420,0.0703312404007187,1.1002230644226074,0.9642857142857143,1.0,0.6485323905944824,0.2891241677415868,1.5796362161636353,2.97337007522583,0.09844895708596423,9.116393089294434,0.17730538005402888,0.9992526769638062,7.162731128664953,0.14426527381535076
retrained,T0044,legged_gym/logs/recarry/model_19999.pt,2,half_sine,-box_y,0.3,0.0,0.1,0.15,0.15,1.125,3.310875177383423,0.2109937233255715,0,,1,1.5322343111038208,-0.378621369600296,0.1575484573841095,0,0,0.4065195918083191,d115385c65166c3d34a08bdea344537fa8da3b1f,"{""box_angular_velocity"":[-0.046371564,-0.132731408,0.236528903],""box_linear_velocity"":[-0.043460336,-0.00226087,-0.217285931],""box_mass"":1.125,""box_pose"":[0.549243808,-3.8182e-05,0.132183105,-0.00142555,-0.000783956,0.685958385,0.7276389],""dof_position"":[-0.237754211,-0.025822718,0.005997094,0.431169003,-0.165208906,0.055650417,0.13150081,0.032388121,0.046254318,0.269904882,-0.25039196,0.02046489,0.10425321,0.00483807,0.039286073,-0.070497662,0.112036817,-0.006379985,0.344948947,-0.14307563,-0.14694193,-0.066715516,-0.394751787,-0.158642903,0.130013093,0.653427601,0.040264532,-0.132953614,0.13578546],""dof_velocity"":[-3.718452215,-2.030112028,-0.23721768,-14.314426422,-0.957713544,-2.909983873,-8.09622097,-2.557288885,-2.730867863,5.534680367,0.013081883,-2.660877466,-0.656496644,-3.170252085,-11.497830391,1.037845731,-0.197946593,1.812787056,16.510217667,2.129117966,-13.146687508,-1.951840401,1.625552654,9.730537415,-11.543847084,15.641262054,-13.562008858,-10.725252151,5.72812891],""goal"":[-3.450000048,0.0,0.18273592],""robot_root_angular_velocity"":[-1.419691443,-7.31922102,1.114638329],""robot_root_linear_velocity"":[-0.324212223,0.056462724,-0.041158862],""robot_root_pose"":[2.283837318,0.002512888,0.798244357,-0.089180201,0.010992183,0.9959535,0.001580787]}",retrained.pt,True,2|half_sine|-box_y|0.3|0.0,1932,1,23535,23913.0,378.0,20,420,0.2109937233255715,3.300668954849243,0.9619047619047619,1.0,1.6174511909484863,0.3267262352807891,1.907477617263794,6.264257907867432,1.2706390579275433,12.278217315673828,0.20653344125076684,0.8561607003211975,7.249916730288948,0.15968641025247052
retrained,T0045,legged_gym/logs/recarry/model_19999.pt,2,half_sine,-box_y,0.5,0.0,0.1,0.15,0.15,1.125,5.518125057220459,0.3516561781244832,0,,1,0.9406554698944092,-0.5690953731536865,-0.0454524308443069,0,0,0.5735368132591248,242ca9e59bd1d79b875168232409a56e4927d543,"{""box_angular_velocity"":[0.311026633,-0.180451289,0.326460302],""box_linear_velocity"":[-0.021875536,-0.000476204,-0.209686443],""box_mass"":1.125,""box_pose"":[0.549628198,-5.921e-06,0.132318884,0.000557934,-0.003239125,0.686596215,0.72703141],""dof_position"":[-0.237518311,-0.026050795,0.005948697,0.431015939,-0.165315032,0.055680513,0.13169314,0.032213856,0.046238445,0.26988396,-0.250535458,0.020467268,0.104212984,0.004837626,0.038915388,-0.071186073,0.112269841,-0.006032137,0.346070141,-0.143501192,-0.146866277,-0.067164809,-0.39447853,-0.158609852,0.129993066,0.653547645,0.04015379,-0.132946774,0.135772392],""dof_velocity"":[-3.716362715,-2.035655022,-0.238215134,-14.310041428,-0.968348265,-2.910676003,-8.0934515,-2.560757399,-2.727977514,5.5367589,0.008936828,-2.662221432,-0.659381628,-3.1650455,-11.525579453,1.015355706,-0.186074212,1.814228296,16.555763245,2.107281923,-13.142811775,-1.955963492,1.641094804,9.729121208,-11.542191505,15.646809578,-13.565486908,-10.724648476,5.726027966],""goal"":[-3.450000048,0.0,0.18273592],""robot_root_angular_velocity"":[-1.422074437,-7.325281143,1.120687723],""robot_root_linear_velocity"":[-0.328679264,0.054832771,-0.042282324],""robot_root_pose"":[2.283753157,0.00249328,0.798224211,-0.089184448,0.011055189,0.995952547,0.001523591]}",retrained.pt,True,2|half_sine|-box_y|0.5|0.0,1944,1,24019,24400.0,381.0,20,420,0.3516561781244832,5.501114845275879,0.9904761904761905,1.0,0.9750098586082458,0.4224426289133373,1.6684623956680298,5.412468433380127,-7.179811757164342,6.8474225997924805,0.03499929007763663,0.9153741002082824,11.228938634800059,0.09394088353119077
retrained,T0046,legged_gym/logs/recarry/model_19999.pt,2,half_sine,-box_y,0.7,0.0,0.1,0.15,0.15,1.125,7.725375175476074,0.4923186290490931,0,,1,0.6633576154708862,-0.5634521842002869,-0.2094828337430954,1,0,0.7844486832618713,4582287138b2fc3a31a1cb25dd8705f72c204d9c,"{""box_angular_velocity"":[0.0,0.0,0.0],""box_linear_velocity"":[0.0,0.0,-0.196175486],""box_mass"":1.125,""box_pose"":[0.549999952,0.0,0.132547736,0.0,0.0,0.68435663,0.729147375],""dof_position"":[-0.237780809,-0.025950639,0.005912176,0.431112438,-0.165377572,0.055663545,0.131443098,0.032299895,0.046190694,0.269825906,-0.250445813,0.020467527,0.104477204,0.004905494,0.038970519,-0.071286865,0.109377429,-0.00606284,0.346385926,-0.141034573,-0.147619501,-0.0659502,-0.397222638,-0.156369403,0.128000021,0.657772839,0.038140442,-0.134024382,0.135641053],""dof_velocity"":[-3.723170042,-2.037189007,-0.247902557,-14.308513641,-0.969866395,-2.908161879,-8.095814705,-2.559491634,-2.739269257,5.529987812,0.007342046,-2.660553455,-0.661911964,-3.166270971,-11.513833046,1.023054957,-0.251062393,1.770554185,16.558387756,2.1219697,-13.192837715,-1.849751234,1.464424968,9.760338783,-11.547391891,15.874684334,-13.54074955,-10.804070473,5.615897655],""goal"":[-3.450000048,0.0,0.18273592],""robot_root_angular_velocity"":[-1.421434879,-7.328875542,1.125061154],""robot_root_linear_velocity"":[-0.327150285,0.055600896,-0.04376151],""robot_root_pose"":[2.28378129,0.002500449,0.798210204,-0.089273386,0.011016761,0.995945036,0.001546588]}",retrained.pt,True,2|half_sine|-box_y|0.7|0.0,1968,1,24506,24893.0,387.0,20,420,0.4923186290490931,7.701560497283935,0.9928571428571429,1.0,0.685152530670166,0.2649938781701383,1.6683928966522217,3.730888843536377,-0.34773104519006753,5.273553848266602,0.12239877170428541,0.9929354786872864,5.140327721390696,0.09347967380294683
retrained,T0047,legged_gym/logs/recarry/model_19999.pt,2,half_sine,-box_y,0.9,0.0,0.1,0.15,0.15,1.125,9.932624816894531,0.632981123783116,0,,0,0.6436180472373962,0.0314345061779022,0.3108197450637817,1,0,0.7014546990394592,cca8b321c47204975e0a03eee34f3cf0895b6660,"{""box_angular_velocity"":[0.298067242,0.181827992,0.194567025],""box_linear_velocity"":[0.003285717,-0.002701148,-0.202443853],""box_mass"":1.125,""box_pose"":[0.550056338,-4.2725e-05,0.132439718,0.002668249,-0.00070424,0.685805202,0.727779806],""dof_position"":[-0.237516761,-0.025830347,0.006011329,0.431044757,-0.165487543,0.055645641,0.131621629,0.032345787,0.046266705,0.269800663,-0.250514477,0.020469083,0.104490891,0.004972189,0.038698386,-0.071775131,0.112131178,-0.00484678,0.344658792,-0.144029975,-0.144529596,-0.067739308,-0.394269168,-0.158624262,0.129986033,0.653384864,0.04012594,-0.132902205,0.135729238],""dof_velocity"":[-3.713274002,-2.035101414,-0.244244456,-14.314366341,-0.969933629,-2.909389496,-8.091970444,-2.560946703,-2.738448381,5.530686378,0.004432645,-2.660559654,-0.647072613,-3.168076754,-11.537764549,1.000080824,-0.151618153,1.79661572,16.455604553,2.029992104,-13.027234077,-1.913419962,1.658225536,9.731566429,-11.544975281,15.635920525,-13.566964149,-10.723150253,5.723001957],""goal"":[-3.450000048,0.0,0.18273592],""robot_root_angular_velocity"":[-1.422231197,-7.330287933,1.117534876],""robot_root_linear_velocity"":[-0.330533206,0.05609278,-0.043169267],""robot_root_pose"":[2.283727407,0.002504307,0.798209071,-0.08924032,0.010992945,0.995948076,0.001615099]}",retrained.pt,True,2|half_sine|-box_y|0.9|0.0,1960,1,24999,25384.0,385.0,20,420,0.632981123783116,9.902007102966309,0.9976190476190476,1.0,0.7683861255645752,0.27139263286122256,1.623978614807129,3.267756223678589,0.8885033849050247,9.035918235778809,0.13885902472594305,0.8052646517753601,5.826826080289625,0.10072517459858704
retrained,T0048,legged_gym/logs/recarry/model_19999.pt,2,half_sine,-box_y,1.1,0.0,0.1,0.15,0.15,1.125,12.13987636566162,0.7736436673929463,0,,0,0.6432345509529114,-0.0541321039199829,0.1160655245184898,1,0,0.8659970760345459,8e532ae0a03b05dbf4ea1bac7d09444712100a37,"{""box_angular_velocity"":[0.20335196,-0.108221687,0.337454051],""box_linear_velocity"":[0.021251822,-0.001281077,-0.192180231],""box_mass"":1.125,""box_pose"":[0.550383687,-1.9543e-05,0.132623434,0.000407839,-0.00202206,0.686644733,0.726990104],""dof_position"":[-0.237575814,-0.025869725,0.006003565,0.431042701,-0.165503442,0.055651117,0.131596655,0.032327734,0.046271965,0.269784898,-0.25054726,0.020466533,0.104383439,0.004899646,0.038617317,-0.072310388,0.111997284,-0.004706456,0.345404476,-0.143889457,-0.144720882,-0.067658998,-0.394612283,-0.158279002,0.129798517,0.653950512,0.039873753,-0.133046091,0.135734856],""dof_velocity"":[-3.716692448,-2.034075975,-0.24178268,-14.315523148,-0.971428156,-2.909234762,-8.095441818,-2.560055017,-2.734488249,5.530501842,0.003553736,-2.660187721,-0.652293086,-3.168248177,-11.545845985,0.984576046,-0.153813973,1.793540835,16.487548828,2.029667377,-13.042654037,-1.899041057,1.638268948,9.736852646,-11.542235374,15.665433884,-13.56393528,-10.732627869,5.711938858],""goal"":[-3.450000048,0.0,0.18273592],""robot_root_angular_velocity"":[-1.421611905,-7.336140633,1.11707139],""robot_root_linear_velocity"":[-0.331565708,0.055873752,-0.043736011],""robot_root_pose"":[2.283709049,0.002506142,0.798199236,-0.089276902,0.011008278,0.995944738,0.001595844]}",retrained.pt,True,2|half_sine|-box_y|1.1|0.0,1952,1,25490,25873.0,383.0,20,420,0.7736436673929463,12.102453231811523,1.0,0.0,0.6432345509529114,0.24815930967174826,1.650348424911499,4.412309169769287,0.44019454158842564,4.623922348022461,0.11275051127609217,0.7053520679473877,4.29692404442245,0.07317110630195069
retrained,T0049,legged_gym/logs/recarry/model_19999.pt,3,half_sine,+box_x,0.1,0.0,0.1,0.15,0.15,1.125,1.1036250591278076,0.0703312405497303,0,,1,0.7872526049613953,-0.1189488619565963,-0.0336910039186477,1,0,0.3314597606658935,bbc45e608862b6a74fab218e9cf888f212cd32da,"{""box_angular_velocity"":[0.0,0.0,0.0],""box_linear_velocity"":[0.0,0.0,-0.196175486],""box_mass"":1.125,""box_pose"":[0.549999952,0.0,0.132547736,0.0,0.0,0.903440475,-0.428713351],""dof_position"":[-0.146500841,0.047033228,0.020142149,0.262921005,-0.225358963,-0.010130201,-0.047929183,-0.102373153,0.029881055,0.32979393,-0.185163349,0.050720308,-0.053569146,-0.007076314,-0.002628669,-0.005689438,0.168055788,-0.014534873,1.214684129,0.089634404,0.119642608,0.050104354,-0.021878893,-0.049701914,0.004483263,1.170707226,-0.072597921,-0.015892157,0.160671219],""dof_velocity"":[-1.063242555,0.309288293,-0.794798434,1.535060406,1.180030227,-0.762240529,-0.73944813,0.309553802,-1.181381226,-1.857584,-1.020252824,-2.361735344,2.346219301,1.007344365,-1.140043736,0.982482135,-2.125489235,0.169006094,-3.187772751,0.686356843,1.10351336,0.698946774,1.19337213,-2.565618515,-0.724920928,-3.691363335,1.241173863,-0.280104458,2.884586573],""goal"":[-3.450000048,0.0,0.398381144],""robot_root_angular_velocity"":[0.913533032,-0.784323692,-0.816340148],""robot_root_linear_velocity"":[-0.336854547,-0.08322756,-0.455430776],""robot_root_pose"":[2.289811373,-0.001951792,0.791970432,-0.021171462,-0.003340123,0.999766707,0.002667698]}",retrained.pt,True,3|half_sine|+box_x|0.1|0.0,2152,1,25979,26412.0,433.0,20,420,0.0703312405497303,1.100222945213318,0.9904761904761905,1.0,0.9876641035079956,0.24946843058403048,1.6325770616531372,3.3809361457824707,-7.041403898215365,46.91856384277344,0.23752559983348917,0.9503019452095032,9.040984975901388,0.12870485992139577
retrained,T0050,legged_gym/logs/recarry/model_19999.pt,3,half_sine,+box_x,0.3,0.0,0.1,0.15,0.15,1.125,3.310875177383423,0.2109937120006892,0,,1,1.0819705724716189,0.4615766406059265,0.3350869715213775,0,0,0.4657589793205261,72d1eacb34d1c2be21fe363585b4e908db84a821,"{""box_angular_velocity"":[-0.120927006,0.049630925,-0.016485365],""box_linear_velocity"":[-0.060315166,-0.000726065,-0.219075918],""box_mass"":1.125,""box_pose"":[0.548899174,-1.2324e-05,0.132131279,0.000734416,0.000783243,0.903445125,-0.428702354],""dof_position"":[-0.146748096,0.047391642,0.020182904,0.262987643,-0.225222558,-0.010124777,-0.048353456,-0.102093235,0.029833209,0.329901785,-0.184992805,0.050734039,-0.053243872,-0.006618253,-0.00229683,-0.00572931,0.168439835,-0.014510872,1.214333773,0.089537963,0.11947903,0.049587134,-0.021940365,-0.049982823,0.004494624,1.17059648,-0.072520822,-0.016983241,0.161015913],""dof_velocity"":[-1.077806592,0.303351164,-0.814625025,1.528667331,1.194675326,-0.7576195,-0.742332935,0.302791715,-1.205550313,-1.874603271,-1.015691876,-2.357463837,2.333960056,1.012480378,-1.13609767,0.985152423,-2.102510929,0.175211981,-3.185754538,0.685587049,1.079817057,0.682500958,1.210472584,-2.58174777,-0.730603039,-3.701356888,1.231325746,-0.336303413,2.891998768],""goal"":[-3.450000048,0.0,0.398381144],""robot_root_angular_velocity"":[0.915605545,-0.789122045,-0.805260539],""robot_root_linear_velocity"":[-0.33275485,-0.083415255,-0.454069883],""robot_root_pose"":[2.289920092,-0.00197534,0.7919963,-0.021199213,-0.00349208,0.999765217,0.00280053]}",retrained.pt,True,3|half_sine|+box_x|0.3|0.0,2012,1,26518,26916.0,398.0,20,420,0.2109937120006892,3.300668954849243,0.9952380952380953,1.0,1.2805386781692505,0.2961339448135169,1.6835126876831057,4.56021785736084,-0.9771489941293285,46.28384780883789,0.21475312146081013,0.8250946998596191,9.880611783798251,0.15711168046071267
retrained,T0051,legged_gym/logs/recarry/model_19999.pt,3,half_sine,+box_x,0.5,0.0,0.1,0.15,0.15,1.125,5.518125057220459,0.3516561951118066,0,,1,1.824658155441284,0.3884732723236084,0.756140947341919,0,0,0.1992943286895752,7a3ed8b3632ff6c23951965836270849d1b23ccd,"{""box_angular_velocity"":[-0.15251866,-0.058666591,-0.045627642],""box_linear_velocity"":[-0.080849804,-0.000622929,-0.226017505],""box_mass"":1.125,""box_pose"":[0.548541784,-1.4589e-05,0.132010087,6.167e-05,0.001439514,0.903654158,-0.428260416],""dof_position"":[-0.146846682,0.047292154,0.020075683,0.263042212,-0.225124717,-0.010146036,-0.048296943,-0.102103643,0.029831121,0.329911649,-0.184934184,0.050700903,-0.053480536,-0.007044946,-0.00209434,-0.005801563,0.168684915,-0.014494276,1.214211941,0.089543208,0.119505279,0.049637746,-0.021901505,-0.049933683,0.004515306,1.17051363,-0.072383195,-0.016429221,0.161313817],""dof_velocity"":[-1.096880913,0.316449493,-0.800855577,1.525866747,1.200163364,-0.759619474,-0.771633208,0.316558659,-1.190173507,-1.866992235,-1.004481673,-2.358666658,2.345144033,1.007276654,-1.145142674,0.982100666,-2.098905087,0.176129326,-3.186514854,0.690181673,1.076380849,0.687075496,1.204043627,-2.573153496,-0.731468201,-3.700112104,1.239278793,-0.303156197,2.913096428],""goal"":[-3.450000048,0.0,0.398381144],""robot_root_angular_velocity"":[0.91863811,-0.80280751,-0.813567698],""robot_root_linear_velocity"":[-0.329197973,-0.0813739,-0.453648269],""robot_root_pose"":[2.289968014,-0.001924574,0.792003393,-0.021162521,-0.003424963,0.999766529,0.002680311]}",retrained.pt,True,3|half_sine|+box_x|0.5|0.0,2388,1,27022,27514.0,492.0,20,420,0.3516561951118066,5.501115322113037,0.830952380952381,1.0,1.824658155441284,0.36897478244223053,1.7242916822433472,5.837594509124756,0.5287059128018362,170.17666625976562,0.29807416019695143,1.0,6.915134887574684,0.15634423865090608
retrained,T0052,legged_gym/logs/recarry/model_19999.pt,3,half_sine,+box_x,0.7,0.0,0.1,0.15,0.15,1.125,7.725375175476074,0.492318668686181,0,,1,1.9308964014053345,0.1054909229278564,0.5403010845184326,0,0,0.1598913073539734,b5730d5f2f70caf5cdeee1a02f149a040ff76e41,"{""box_angular_velocity"":[-0.156147778,-0.472035319,-0.104331411],""box_linear_velocity"":[-0.018068273,-0.002928345,-0.199940413],""box_mass"":1.125,""box_pose"":[0.549643338,-5.6511e-05,0.132474899,-0.003673894,0.003180688,0.903893352,-0.427730054],""dof_position"":[-0.146314651,0.047297966,0.020214047,0.262948483,-0.225470349,-0.010137888,-0.047946926,-0.102180205,0.029928515,0.3297894,-0.185118884,0.050708067,-0.053325213,-0.007002105,-0.002542915,-0.005503258,0.168435156,-0.014485832,1.214566588,0.089553885,0.119493127,0.049793858,-0.021820247,-0.049903158,0.004500612,1.170845628,-0.07256899,-0.016119389,0.161133513],""dof_velocity"":[-1.06605792,0.314342648,-0.809179723,1.540312529,1.179683328,-0.758715332,-0.743148088,0.311720014,-1.196688294,-1.860122561,-1.020863295,-2.358923912,2.345325947,1.009206176,-1.145634651,0.987069547,-2.10774684,0.174048111,-3.174733877,0.683701456,1.085726738,0.690987587,1.199088931,-2.571728945,-0.727983296,-3.689218521,1.236091137,-0.283748507,2.907630205],""goal"":[-3.450000048,0.0,0.398381144],""robot_root_angular_velocity"":[0.918271184,-0.786997139,-0.821500897],""robot_root_linear_velocity"":[-0.336767733,-0.082220711,-0.455305845],""robot_root_pose"":[2.289815426,-0.00194139,0.791974127,-0.021130526,-0.003405655,0.999766946,0.002829243]}",retrained.pt,True,3|half_sine|+box_x|0.7|0.0,2108,1,27620,28042.0,422.0,20,420,0.492318668686181,7.701560497283935,0.680952380952381,1.0,1.9670372009277344,0.43519898657465267,2.003577709197998,3.3436267375946045,0.9383719779329286,57.19450378417969,0.31560568201322375,1.0,5.0966894338528315,0.2527624006416036
retrained,T0053,legged_gym/logs/recarry/model_19999.pt,3,half_sine,+box_x,0.9,0.0,0.1,0.15,0.15,1.125,9.932624816894531,0.6329811336178821,0,,1,1.819603443145752,-0.0098427087068557,0.2845276594161987,0,0,0.1300611346960067,d4a6b10e2fc3fe499cfeb54aaa745ba8355649a0,"{""box_angular_velocity"":[0.296272606,-0.490365773,0.085555837],""box_linear_velocity"":[-0.026560118,0.000294378,-0.202738404],""box_mass"":1.125,""box_pose"":[0.549486578,4.61e-07,0.132424086,-0.005645466,-0.000286977,0.903156281,-0.429274768],""dof_position"":[-0.146454155,0.047044042,0.020181188,0.262957692,-0.225385308,-0.010124514,-0.048008263,-0.102396719,0.029917952,0.329788953,-0.185083643,0.050715759,-0.053328775,-0.007084026,-0.002536586,-0.005556439,0.168538123,-0.014495568,1.214512706,0.089596711,0.119475298,0.049608827,-0.021855131,-0.049841192,0.004496702,1.170928359,-0.072468221,-0.01617853,0.160895452],""dof_velocity"":[-1.068704486,0.307139844,-0.805413485,1.538561821,1.181785822,-0.76138711,-0.743013561,0.306364954,-1.192620039,-1.862629056,-1.017755151,-2.361189127,2.348087311,1.009956837,-1.141453624,0.98366648,-2.105473757,0.175139681,-3.17687583,0.68774569,1.083750844,0.684548259,1.199500561,-2.570760727,-0.727653861,-3.692102194,1.241089225,-0.28129217,2.897607803],""goal"":[-3.450000048,0.0,0.398381144],""robot_root_angular_velocity"":[0.913540006,-0.786559224,-0.817528486],""robot_root_linear_velocity"":[-0.335757911,-0.083085269,-0.455164015],""robot_root_pose"":[2.289833784,-0.00194602,0.79197526,-0.021152148,-0.003327933,0.999766886,0.002770118]}",retrained.pt,True,3|half_sine|+box_x|0.9|0.0,2104,1,28148,28569.0,421.0,20,420,0.6329811336178821,9.902006149291992,0.930952380952381,1.0,1.819603443145752,0.3446607654470773,1.8648682832717896,3.2857954502105717,0.21942409410008362,31.343137741088867,0.16688372629716816,1.0,4.1403880592613,0.09473542454278293
retrained,T0054,legged_gym/logs/recarry/model_19999.pt,3,half_sine,+box_x,1.1,0.0,0.1,0.15,0.15,1.125,12.13987636566162,0.7736436745455035,0,,1,1.6583118438720703,-0.0783469080924987,-0.2693813145160675,0,0,0.306859940290451,bb8095e6f1247cbe3f90211f2bfbe830ad52e68a,"{""box_angular_velocity"":[-0.222897723,-0.314917237,-0.079873443],""box_linear_velocity"":[-0.018115625,-0.002457583,-0.201762944],""box_mass"":1.125,""box_pose"":[0.549636304,-4.7748e-05,0.132441849,-0.002278643,0.003191993,0.903802097,-0.427932531],""dof_position"":[-0.146099404,0.047495492,0.020134892,0.262926221,-0.225583583,-0.01012457,-0.04779068,-0.101959422,0.029914498,0.329748631,-0.185172319,0.050706778,-0.053239483,-0.006811189,-0.002566212,-0.005373651,0.168566629,-0.014466789,1.214587212,0.089531325,0.119436353,0.049643442,-0.021680266,-0.050111469,0.0044846,1.170883656,-0.072543956,-0.016480148,0.161477551],""dof_velocity"":[-1.050099015,0.317675859,-0.816887915,1.542730093,1.174776435,-0.756448448,-0.726093948,0.315734416,-1.203615785,-1.861802101,-1.026211262,-2.356323957,2.344604015,1.011942744,-1.138973832,0.988565266,-2.098680735,0.176588267,-3.167924643,0.681975067,1.081194162,0.686092198,1.200871587,-2.57782793,-0.731116474,-3.684480667,1.235401869,-0.298625916,2.919388533],""goal"":[-3.450000048,0.0,0.398381144],""robot_root_angular_velocity"":[0.923163235,-0.776058495,-0.823781431],""robot_root_linear_velocity"":[-0.338725328,-0.08141277,-0.456502467],""robot_root_pose"":[2.289786816,-0.001940081,0.791953146,-0.021086816,-0.003494752,0.999767363,0.002890625]}",retrained.pt,True,3|half_sine|+box_x|1.1|0.0,2064,1,28675,29086.0,411.0,20,420,0.7736436745455035,12.102453231811523,0.9714285714285714,1.0,1.69502592086792,0.4298282619299633,1.6868338584899902,5.006114959716797,4.949286461577175,128.24440002441406,0.08232969052679394,0.950387179851532,9.273040456448992,0.10096748147376011
retrained,T0055,legged_gym/logs/recarry/model_19999.pt,3,half_sine,-box_x,0.1,0.0,0.1,0.15,0.15,1.125,1.1036250591278076,0.0703312387243381,0,,1,1.801553726196289,-0.1341172307729721,-0.5702034831047058,0,0,0.1545551270246505,df9b092161483914a4ebd71e540cee9d61d08a39,"{""box_angular_velocity"":[-0.223542899,-0.311067939,-0.112300739],""box_linear_velocity"":[-0.014801146,-0.001886813,-0.200174361],""box_mass"":1.125,""box_pose"":[0.549685419,-3.6941e-05,0.132464796,-0.002137571,0.003086284,0.903917909,-0.427689403],""dof_position"":[-0.146265149,0.047668021,0.020186093,0.262923181,-0.225536093,-0.010119712,-0.048091635,-0.10184411,0.029882973,0.329858214,-0.185123712,0.050725687,-0.053056963,-0.006433597,-0.002559956,-0.005449865,0.168423429,-0.014493993,1.214535117,0.089520499,0.119429715,0.049597424,-0.021923207,-0.050142594,0.00448528,1.17086947,-0.072624423,-0.016773777,0.161461309],""dof_velocity"":[-1.056139708,0.308586508,-0.826789439,1.538285851,1.180058599,-0.754075766,-0.725656927,0.306636781,-1.215919495,-1.86968255,-1.026246309,-2.354346752,2.335611105,1.015207052,-1.143176198,0.992023587,-2.09967041,0.175744757,-3.171895742,0.681822121,1.080041051,0.682647824,1.209452987,-2.585650206,-0.730300903,-3.694458246,1.226439714,-0.319836795,2.911934614],""goal"":[-3.450000048,0.0,0.398381144],""robot_root_angular_velocity"":[0.921370625,-0.780446827,-0.813823998],""robot_root_linear_velocity"":[-0.338516086,-0.082472131,-0.456476867],""robot_root_pose"":[2.289811611,-0.001972362,0.791954756,-0.021149505,-0.003585982,0.999765456,0.00295465]}",retrained.pt,True,3|half_sine|-box_x|0.1|0.0,2196,1,29192,29636.0,444.0,20,420,0.0703312387243381,1.100222945213318,0.7928571428571428,1.0,1.873940706253052,0.3445193363974492,1.6210983991622925,3.886659622192383,-0.13836288482471856,2.0826752185821533,0.3151178403081195,1.0,4.053968651096026,0.09478085479154068
retrained,T0056,legged_gym/logs/recarry/model_19999.pt,3,half_sine,-box_x,0.3,0.0,0.1,0.15,0.15,1.125,3.310875177383423,0.2109937105105732,0,,1,0.9203407764434814,0.9138849973678588,0.7675944566726685,1,0,0.4113699793815613,2e0d102558f8d423e2da58d444f7a688fed79e69,"{""box_angular_velocity"":[-0.206442311,-0.300474614,-0.118192554],""box_linear_velocity"":[-0.018478837,-0.002698235,-0.202068076],""box_mass"":1.125,""box_pose"":[0.549632609,-5.0996e-05,0.13243705,-0.002233759,0.003003752,0.903926492,-0.427671492],""dof_position"":[-0.146207109,0.047714833,0.020194661,0.262927741,-0.225566387,-0.010119529,-0.048066583,-0.101804554,0.029896572,0.329853475,-0.185129374,0.050723277,-0.053033885,-0.006408017,-0.002553952,-0.005419524,0.168421403,-0.014481156,1.214545012,0.089500912,0.119421899,0.049606208,-0.02181245,-0.050203491,0.004477396,1.170878172,-0.072588116,-0.017132552,0.161586866],""dof_velocity"":[-1.054968715,0.309054524,-0.828678966,1.539565921,1.179628372,-0.753452599,-0.725502431,0.306910098,-1.217334867,-1.86846602,-1.027346611,-2.353875399,2.334346533,1.015074253,-1.143144369,0.993313909,-2.098800421,0.176264837,-3.171044827,0.679456711,1.079492331,0.68310082,1.212162852,-2.587267399,-0.731219769,-3.692386389,1.2270298,-0.33429414,2.915421724],""goal"":[-3.450000048,0.0,0.398381144],""robot_root_angular_velocity"":[0.921778858,-0.779793978,-0.815819025],""robot_root_linear_velocity"":[-0.33873421,-0.082269505,-0.456441283],""robot_root_pose"":[2.289805412,-0.001970691,0.79195559,-0.021136729,-0.003599078,0.999765635,0.00298607]}",retrained.pt,True,3|half_sine|-box_x|0.3|0.0,1992,1,29742,30135.0,393.0,20,420,0.2109937105105732,3.300668954849243,0.9928571428571429,1.0,0.9403778314590454,0.26058375904602665,1.5423438549041748,3.7563843727111816,9.32175048083466,62.244850158691406,0.2284980979657987,0.7677983045578003,11.647543508532856,0.16667481859095418
retrained,T0057,legged_gym/logs/recarry/model_19999.pt,3,half_sine,-box_x,0.5,0.0,0.1,0.15,0.15,1.125,5.518125,0.0,1,timeout,0,,,,0,0,4.000012397766113,72c24ec4333ced53e534b5c4dfb569feadb8f700,"{""box_angular_velocity"":[0.037088882,-0.093625613,-0.035507333],""box_linear_velocity"":[-0.069718622,-0.001822394,-0.220869169],""box_mass"":1.125,""box_pose"":[0.548733056,-3.197e-05,0.132102355,-0.001118353,0.000170708,0.903534234,-0.428514421],""dof_position"":[-0.146704778,0.047335234,0.020203844,0.263008088,-0.225259125,-0.010103696,-0.048388481,-0.102164544,0.029861091,0.32989046,-0.184943989,0.050744426,-0.053094458,-0.006595823,-0.00227276,-0.00556716,0.168863177,-0.014489998,1.214200258,0.089503676,0.119304411,0.049104564,-0.0220147,-0.050023433,0.004475791,1.170740843,-0.07250081,-0.016774401,0.161150128],""dof_velocity"":[-1.07821691,0.30023253,-0.819621861,1.531390309,1.19395268,-0.757556379,-0.743105412,0.299164265,-1.210521817,-1.877037644,-1.014138699,-2.35771203,2.338554144,1.016887546,-1.135942698,0.984600365,-2.085532427,0.180235818,-3.172537088,0.688043058,1.0609231,0.667753875,1.211843491,-2.584859133,-0.728630781,-3.702818632,1.234021068,-0.32168293,2.902040958],""goal"":[-3.450000048,0.0,0.398381144],""robot_root_angular_velocity"":[0.916015208,-0.78873086,-0.807036042],""robot_root_linear_velocity"":[-0.332432419,-0.084727839,-0.453675658],""robot_root_pose"":[2.289926767,-0.001995339,0.792003036,-0.021187231,-0.003479283,0.999765337,0.00285483]}",retrained.pt,False,3|half_sine|-box_x|0.5|0.0,6004,0,30241,,,0,0,0.0,,,,,,,,,,,,,
retrained,T0058,legged_gym/logs/recarry/model_19999.pt,3,half_sine,-box_x,0.7,0.0,0.1,0.15,0.15,1.125,7.725375175476074,0.4923186671960649,0,,1,1.762778639793396,-0.6581250429153442,-0.4348971843719482,1,0,0.433046281337738,65b3ca3da3b4fed74742e7742f51b170991cddfd,"{""box_angular_velocity"":[0.065279528,-0.104388289,0.200538158],""box_linear_velocity"":[-0.069472283,-0.000226536,-0.22056815],""box_mass"":1.125,""box_pose"":[0.548742473,-7.224e-06,0.132107496,-0.001243512,-6.7276e-05,0.902691185,-0.430287242],""dof_position"":[-0.146603137,0.04708875,0.020172426,0.262992918,-0.225283712,-0.010112701,-0.048153121,-0.102354668,0.029902428,0.329790801,-0.184990674,0.050723657,-0.053271219,-0.007040003,-0.002366869,-0.005494651,0.168986946,-0.0144693,1.214278221,0.08953993,0.119314954,0.049172137,-0.021819763,-0.049903084,0.004483589,1.170749784,-0.072441757,-0.01618439,0.160966918],""dof_velocity"":[-1.078764796,0.308028311,-0.807543457,1.536746025,1.188231468,-0.760668933,-0.752220392,0.307109207,-1.195692539,-1.864546061,-1.014771104,-2.360440254,2.349422455,1.012826443,-1.137371182,0.980682552,-2.086542368,0.180660978,-3.168968678,0.689441264,1.063561678,0.671994805,1.199653268,-2.57417655,-0.728176475,-3.691345215,1.243476152,-0.288155288,2.902099133],""goal"":[-3.450000048,0.0,0.398381144],""robot_root_angular_velocity"":[0.916179955,-0.789809227,-0.817331254],""robot_root_linear_velocity"":[-0.33236441,-0.083713122,-0.453683585],""robot_root_pose"":[2.289895773,-0.001958316,0.792001009,-0.021157146,-0.003355936,0.999766588,0.002782664]}",retrained.pt,True,3|half_sine|-box_x|0.7|0.0,1976,1,31743,32132.0,389.0,20,420,0.4923186671960649,7.701560497283935,0.9809523809523809,1.0,1.8358421325683596,0.3338552192030918,1.625019073486328,5.519428730010986,-0.938652138979662,53.007362365722656,0.19265256397803093,1.0,10.384602103488787,0.1453660689727604
retrained,T0059,legged_gym/logs/recarry/model_19999.pt,3,half_sine,-box_x,0.9,0.0,0.1,0.15,0.15,1.125,9.932624816894531,0.6329811225910231,0,,1,1.9024969339370728,-0.3643680512905121,-0.6797029376029968,0,0,0.1477739810943603,8ff78819158643a3896c42233bdd8ae7da6ceb54,"{""box_angular_velocity"":[0.0,0.0,0.0],""box_linear_velocity"":[0.0,0.0,-0.196175486],""box_mass"":1.125,""box_pose"":[0.549999952,0.0,0.132547736,0.0,0.0,0.903440475,-0.428713351],""dof_position"":[-0.146554127,0.047236729,0.020199785,0.262920648,-0.225353569,-0.010123955,-0.048131019,-0.102234431,0.029857146,0.329869449,-0.185131758,0.050738495,-0.053368032,-0.006678601,-0.002583718,-0.005730978,0.16790475,-0.014551912,1.214643598,0.089603476,0.119628429,0.050068825,-0.022027411,-0.049790703,0.004473033,1.170687079,-0.072667338,-0.016477607,0.160725072],""dof_velocity"":[-1.06105566,0.299952179,-0.808425546,1.532412052,1.183969378,-0.759365857,-0.727564692,0.300133437,-1.197421312,-1.86923492,-1.021569133,-2.359354973,2.33435607,1.010949135,-1.137334228,0.986064732,-2.12615633,0.168462053,-3.190364122,0.683907032,1.101895809,0.695879281,1.203511119,-2.575942755,-0.725121379,-3.699025154,1.232809067,-0.31551829,2.878901005],""goal"":[-3.450000048,0.0,0.398381144],""robot_root_angular_velocity"":[0.912375987,-0.781683981,-0.806245089],""robot_root_linear_velocity"":[-0.337419957,-0.084216841,-0.455362529],""robot_root_pose"":[2.289825678,-0.001984654,0.791972697,-0.021201212,-0.003440697,0.999765456,0.002760623]}",retrained.pt,True,3|half_sine|-box_x|0.9|0.0,2148,1,32238,32670.0,432.0,20,420,0.6329811225910231,9.902006149291992,0.8428571428571429,1.0,1.9024969339370728,0.34789328225666566,1.7375657558441162,3.645905017852783,-0.6578667467349164,8.190916061401367,0.2810223907337613,1.0,6.406248097973211,0.12330484179529731
retrained,T0060,legged_gym/logs/recarry/model_19999.pt,3,half_sine,-box_x,1.1,0.0,0.1,0.15,0.15,1.125,12.13987636566162,0.7736436688830625,0,,0,0.9759803414344788,0.1433966904878616,0.1780443340539932,1,0,0.2802152931690216,1a96f620483f735e1e5f4c7516478ab6de37df64,"{""box_angular_velocity"":[0.105573289,-0.565738797,0.030457895],""box_linear_velocity"":[-0.029819185,0.000991905,-0.203936219],""box_mass"":1.125,""box_pose"":[0.549429357,1.1604e-05,0.132404774,-0.005632252,0.001519452,0.90336144,-0.42884022],""dof_position"":[-0.146494329,0.047107641,0.020143315,0.262958109,-0.225345314,-0.010127964,-0.047993418,-0.102317519,0.0298771,0.329817355,-0.18509829,0.050718721,-0.053392071,-0.007013595,-0.002500778,-0.005587623,0.168536916,-0.014508983,1.214491606,0.08961007,0.119490594,0.049599957,-0.021867737,-0.049881928,0.004480478,1.170875072,-0.072443806,-0.016265808,0.160907596],""dof_velocity"":[-1.071113467,0.309304863,-0.803186893,1.536073565,1.184212089,-0.760908246,-0.744815588,0.309127688,-1.19074285,-1.861280322,-1.017109275,-2.360483646,2.347564459,1.011175752,-1.142943263,0.983149171,-2.104896545,0.174995601,-3.177897453,0.690093875,1.084147692,0.683632493,1.200173974,-2.57219553,-0.728557885,-3.695114851,1.242638588,-0.284752578,2.895875216],""goal"":[-3.450000048,0.0,0.398381144],""robot_root_angular_velocity"":[0.915156007,-0.787874162,-0.814390063],""robot_root_linear_velocity"":[-0.335347652,-0.082892708,-0.455123276],""robot_root_pose"":[2.289843798,-0.001947029,0.791976333,-0.021147737,-0.003361601,0.999766946,0.002720782]}",retrained.pt,True,3|half_sine|-box_x|1.1|0.0,2164,1,32776,33212.0,436.0,20,420,0.7736436688830625,12.102453231811523,0.9952380952380953,1.0,0.9759803414344788,0.19731314653708112,1.320264458656311,3.121014356613159,1.3597676250130115,50.55768203735352,0.22404338929357306,0.9946255683898926,4.962121634930372,0.0939751081278137
retrained,T0061,legged_gym/logs/recarry/model_19999.pt,3,half_sine,+box_y,0.1,0.0,0.1,0.15,0.15,1.125,1.1036250591278076,0.0703312399164309,0,,1,2.0522384643554688,0.0678741037845611,-0.1715898215770721,0,0,0.0557749196887016,5ab7e4aa75fe53088e2403da72f06bc8459dc43f,"{""box_angular_velocity"":[0.0,0.0,0.0],""box_linear_velocity"":[0.0,0.0,-0.196175486],""box_mass"":1.125,""box_pose"":[0.549999952,0.0,0.132547736,0.0,0.0,0.903440475,-0.428713351],""dof_position"":[-0.146514475,0.04703122,0.020143259,0.262911171,-0.225353599,-0.010130256,-0.047970887,-0.102377497,0.029880397,0.329800814,-0.18513453,0.050719324,-0.053565986,-0.007081695,-0.002632423,-0.005698171,0.16805914,-0.014531469,1.21468699,0.089629441,0.119641043,0.050106172,-0.02187977,-0.049701221,0.00448297,1.170722604,-0.072603844,-0.015884474,0.160705507],""dof_velocity"":[-1.06245625,0.309275001,-0.795322061,1.535138369,1.179427862,-0.762305319,-0.739336908,0.309413582,-1.182104945,-1.858703256,-1.018697739,-2.361830235,2.345945358,1.007134438,-1.138027549,0.981854558,-2.125267506,0.168892935,-3.18855238,0.685624182,1.103959084,0.699134827,1.193047762,-2.565392494,-0.724377275,-3.691223145,1.24145329,-0.279245198,2.886751413],""goal"":[-3.450000048,0.0,0.398381144],""robot_root_angular_velocity"":[0.913573742,-0.783537388,-0.816432416],""robot_root_linear_velocity"":[-0.336733818,-0.083212212,-0.455409437],""robot_root_pose"":[2.289813519,-0.001951583,0.791970432,-0.02117857,-0.003338411,0.999766529,0.002672023]}",retrained.pt,True,3|half_sine|+box_y|0.1|0.0,2112,1,33318,33741.0,423.0,20,420,0.0703312399164309,1.100222945213318,0.6428571428571429,1.0,2.0739660263061523,0.47429505416768647,1.8001296520233154,4.7935471534729,-2.23844950545047,53.10899353027344,0.4050441109458916,1.0,11.604835301016768,0.25840861513029917
retrained,T0062,legged_gym/logs/recarry/model_19999.pt,3,half_sine,+box_y,0.3,0.0,0.1,0.15,0.15,1.125,3.310875177383423,0.210993721984467,0,,1,0.5034634470939636,1.7318943738937378,1.902876377105713,1,0,0.3553571105003357,b5730d5f2f70caf5cdeee1a02f149a040ff76e41,"{""box_angular_velocity"":[-0.156147778,-0.472035319,-0.104331411],""box_linear_velocity"":[-0.018068273,-0.002928345,-0.199940413],""box_mass"":1.125,""box_pose"":[0.549643338,-5.6511e-05,0.132474899,-0.003673894,0.003180688,0.903893352,-0.427730054],""dof_position"":[-0.146314651,0.047297966,0.020214047,0.262948483,-0.225470349,-0.010137888,-0.047946926,-0.102180205,0.029928515,0.3297894,-0.185118884,0.050708067,-0.053325213,-0.007002105,-0.002542915,-0.005503258,0.168435156,-0.014485832,1.214566588,0.089553885,0.119493127,0.049793858,-0.021820247,-0.049903158,0.004500612,1.170845628,-0.07256899,-0.016119389,0.161133513],""dof_velocity"":[-1.06605792,0.314342648,-0.809179723,1.540312529,1.179683328,-0.758715332,-0.743148088,0.311720014,-1.196688294,-1.860122561,-1.020863295,-2.358923912,2.345325947,1.009206176,-1.145634651,0.987069547,-2.10774684,0.174048111,-3.174733877,0.683701456,1.085726738,0.690987587,1.199088931,-2.571728945,-0.727983296,-3.689218521,1.236091137,-0.283748507,2.907630205],""goal"":[-3.450000048,0.0,0.398381144],""robot_root_angular_velocity"":[0.918271184,-0.786997139,-0.821500897],""robot_root_linear_velocity"":[-0.336767733,-0.082220711,-0.455305845],""robot_root_pose"":[2.289815426,-0.00194139,0.791974127,-0.021130526,-0.003405655,0.999766946,0.002829243]}",retrained.pt,True,3|half_sine|+box_y|0.3|0.0,2036,1,33847,34251.0,404.0,20,420,0.210993721984467,3.3006691932678223,0.9928571428571429,1.0,0.5094210505485535,0.27745508213660547,1.6433978080749512,3.700395584106445,1.1523763783276082,11.78411865234375,0.19226995537035343,0.9999380111694336,12.453485918257918,0.1695010157381711
retrained,T0063,legged_gym/logs/recarry/model_19999.pt,3,half_sine,+box_y,0.5,0.0,0.1,0.15,0.15,1.125,5.518125,0.0,1,other,0,,,,0,0,4.000322341918945,db2b5cff26b3392b4723dbe59646e6a479cb7afc,"{""box_angular_velocity"":[-0.336462468,-0.117876984,-0.076301888],""box_linear_velocity"":[-0.068857148,-0.001258015,-0.220722526],""box_mass"":1.125,""box_pose"":[0.548739851,-2.4489e-05,0.132099897,0.000196062,0.003156221,0.903720915,-0.428110361],""dof_position"":[-0.14670448,0.047436822,0.02016489,0.262997538,-0.225243166,-0.010106772,-0.04832904,-0.10204713,0.029822338,0.329899728,-0.184990153,0.050747391,-0.053167135,-0.006509774,-0.002270186,-0.00556061,0.168857425,-0.014500218,1.214206576,0.089508981,0.119306222,0.049117208,-0.021995388,-0.050058845,0.004456407,1.170624375,-0.07250087,-0.016804794,0.16115056],""dof_velocity"":[-1.078134298,0.303484976,-0.817451656,1.529744029,1.194820046,-0.75660032,-0.74272269,0.302997351,-1.208376527,-1.87389338,-1.016418815,-2.356529236,2.337822437,1.018002629,-1.13750267,0.984466791,-2.084689617,0.180163115,-3.17151022,0.689537466,1.061112881,0.667571127,1.210721612,-2.586249352,-0.729741156,-3.702590704,1.235269189,-0.327292025,2.89858532],""goal"":[-3.450000048,0.0,0.398381144],""robot_root_angular_velocity"":[0.91870445,-0.78895539,-0.805207491],""robot_root_linear_velocity"":[-0.33263284,-0.084507115,-0.453725904],""robot_root_pose"":[2.289923668,-0.001997233,0.792002499,-0.021182034,-0.003529297,0.999765396,0.002815695]}",retrained.pt,False,3|half_sine|+box_y|0.5|0.0,500,0,34357,,,0,0,0.0,,,,,,,,,,,,,
retrained,T0064,legged_gym/logs/recarry/model_19999.pt,3,half_sine,+box_y,0.7,0.0,0.1,0.15,0.15,1.125,7.725375175476074,0.4923186421621147,0,,1,1.5281474590301514,0.0574883818626403,0.2438381314277649,1,0,0.8311293721199036,7af688c37f162a13dfe58b3edb9adc39e9beec9d,"{""box_angular_velocity"":[0.062006351,-0.103497401,0.209476978],""box_linear_velocity"":[-0.069243215,-0.00016825,-0.220523417],""box_mass"":1.125,""box_pose"":[0.548747003,-6.44e-06,0.13210839,-0.001229896,-5.0435e-05,0.902667046,-0.430337816],""dof_position"":[-0.147065923,0.047302019,0.0202216,0.263073891,-0.225025117,-0.010114923,-0.048505597,-0.102194667,0.029856466,0.329807848,-0.184917182,0.050744202,-0.053143773,-0.006632745,-0.002368051,-0.005666925,0.168852881,-0.014486652,1.214248896,0.089527316,0.119320363,0.04912537,-0.021989662,-0.04996467,0.004442833,1.170763254,-0.072486423,-0.016754603,0.161054358],""dof_velocity"":[-1.073884726,0.300107509,-0.813952804,1.523981094,1.205570698,-0.758244693,-0.73246187,0.299188524,-1.205690861,-1.876681328,-1.019592047,-2.35807991,2.340102434,1.013936758,-1.115902424,0.976967514,-2.085593462,0.179505765,-3.181927919,0.686696112,1.06865561,0.668356061,1.205510855,-2.583089113,-0.724250257,-3.700887203,1.243494987,-0.320871472,2.897376299],""goal"":[-3.450000048,0.0,0.398381144],""robot_root_angular_velocity"":[0.914572299,-0.779361367,-0.806266427],""robot_root_linear_velocity"":[-0.331727296,-0.084554881,-0.453471243],""robot_root_pose"":[2.289933205,-0.001988694,0.79200387,-0.021263365,-0.003463509,0.999763846,0.002813172]}",retrained.pt,True,3|half_sine|+box_y|0.7|0.0,1932,1,34483,34861.0,378.0,20,420,0.4923186421621147,7.701560020446777,0.9904761904761905,1.0,1.5281474590301514,0.3328749191548143,1.658536672592163,4.003308773040772,-5.795181725670894,47.72850799560547,0.1945910737528244,0.8601649403572083,8.48136125966197,0.17699717682581173
retrained,T0065,legged_gym/logs/recarry/model_19999.pt,3,half_sine,+box_y,0.9,0.0,0.1,0.15,0.15,1.125,9.932624816894531,0.6329811047096301,0,,0,0.4570365846157074,-0.2377941906452179,0.0515304543077945,1,0,0.4657874405384063,eb5a25348d7ad154b9f07d56e291eaa4f09c4308,"{""box_angular_velocity"":[-0.093259357,-0.082155041,-0.172402278],""box_linear_velocity"":[-0.063530169,-0.002296258,-0.218853697],""box_mass"":1.125,""box_pose"":[0.548848033,-3.8394e-05,0.132139117,-0.000489914,0.001164526,0.904005826,-0.42751807],""dof_position"":[-0.146605134,0.047347613,0.020112518,0.26295194,-0.225279391,-0.010115404,-0.048085399,-0.102105588,0.029804686,0.329812735,-0.185057759,0.050738297,-0.053379644,-0.006767362,-0.002380804,-0.005497284,0.16897662,-0.0144906,1.214285374,0.089551151,0.1193216,0.049124084,-0.021812875,-0.050101615,0.0044384,1.170691967,-0.072359309,-0.016389681,0.161261022],""dof_velocity"":[-1.075545192,0.315595299,-0.803605199,1.533262253,1.187481403,-0.75839293,-0.750333548,0.313530535,-1.193136692,-1.859650373,-1.018616199,-2.358020067,2.34939599,1.01653564,-1.13855207,0.980121255,-2.083159924,0.180904582,-3.168580055,0.692269027,1.064435244,0.668818295,1.201213121,-2.580169201,-0.731544495,-3.695319414,1.247041225,-0.297124207,2.908555269],""goal"":[-3.450000048,0.0,0.398381144],""robot_root_angular_velocity"":[0.921544671,-0.788691878,-0.814218462],""robot_root_linear_velocity"":[-0.332660794,-0.083484031,-0.454690546],""robot_root_pose"":[2.289892673,-0.001972438,0.791984141,-0.021156285,-0.003472614,0.999766409,0.002709873]}",retrained.pt,True,3|half_sine|+box_y|0.9|0.0,2012,1,34967,35365.0,398.0,20,420,0.6329811047096301,9.902006149291992,1.0,0.0,0.4629061818122864,0.2130793630455931,1.5630879402160645,2.9452619552612305,0.024181447716962012,1.8843114376068115,0.15988209462846584,0.6853628158569336,4.326412244336236,0.07811212943772605
retrained,T0066,legged_gym/logs/recarry/model_19999.pt,3,half_sine,+box_y,1.1,0.0,0.1,0.15,0.15,1.125,12.13987636566162,0.7736436867644554,0,,1,1.984829545021057,-0.2900989651679992,-0.3555978834629059,0,0,0.1756825596094131,634cf0c55e102928a960ba940b1d8d2086a7573b,"{""box_angular_velocity"":[0.0,0.0,0.0],""box_linear_velocity"":[0.0,0.0,-0.196175486],""box_mass"":1.125,""box_pose"":[0.549999952,0.0,0.132547736,0.0,0.0,0.903440475,-0.428713351],""dof_position"":[-0.146496043,0.047032308,0.020143338,0.262918621,-0.225358844,-0.010130257,-0.047927003,-0.102374308,0.029881787,0.329794168,-0.185163185,0.050720278,-0.053567927,-0.007076819,-0.002626642,-0.005689408,0.168055654,-0.014534845,1.214684486,0.089634359,0.119642526,0.050104246,-0.021878662,-0.04970279,0.004482946,1.170708179,-0.072598428,-0.015892968,0.160671517],""dof_velocity"":[-1.063604593,0.309231043,-0.794892251,1.535280466,1.179957509,-0.762249887,-0.739719987,0.309498966,-1.181481957,-1.857592225,-1.020194411,-2.361745834,2.346124649,1.007383108,-1.140412688,0.982569039,-2.125504732,0.169009417,-3.187710524,0.686364353,1.103478074,0.69894278,1.193487287,-2.565663576,-0.724928319,-3.691308737,1.241110802,-0.280131817,2.884691954],""goal"":[-3.450000048,0.0,0.398381144],""robot_root_angular_velocity"":[0.913517594,-0.784584463,-0.816282213],""robot_root_linear_velocity"":[-0.336850882,-0.083232634,-0.455433011],""robot_root_pose"":[2.289810658,-0.001951814,0.791970313,-0.021169761,-0.003339342,0.999766767,0.002668043]}",retrained.pt,True,3|half_sine|+box_y|1.1|0.0,2132,1,35471,35899.0,428.0,20,420,0.7736436867644554,12.10245418548584,0.7523809523809524,1.0,2.096420288085937,0.39292497899205914,1.9984277486801147,6.357810497283936,0.9257592424218144,54.46561813354492,0.3389199809259957,1.0,4.913176335465341,0.19168779401706637
retrained,T0067,legged_gym/logs/recarry/model_19999.pt,3,half_sine,-box_y,0.1,0.0,0.1,0.15,0.15,1.125,1.1036250591278076,0.0703312390223613,0,,1,1.9032368659973145,-0.1827546060085296,0.0425215661525726,0,0,0.0997715294361114,d4a6b10e2fc3fe499cfeb54aaa745ba8355649a0,"{""box_angular_velocity"":[0.296272606,-0.490365773,0.085555837],""box_linear_velocity"":[-0.026560118,0.000294378,-0.202738404],""box_mass"":1.125,""box_pose"":[0.549486578,4.61e-07,0.132424086,-0.005645466,-0.000286977,0.903156281,-0.429274768],""dof_position"":[-0.146454155,0.047044042,0.020181188,0.262957692,-0.225385308,-0.010124514,-0.048008263,-0.102396719,0.029917952,0.329788953,-0.185083643,0.050715759,-0.053328775,-0.007084026,-0.002536586,-0.005556439,0.168538123,-0.014495568,1.214512706,0.089596711,0.119475298,0.049608827,-0.021855131,-0.049841192,0.004496702,1.170928359,-0.072468221,-0.01617853,0.160895452],""dof_velocity"":[-1.068704486,0.307139844,-0.805413485,1.538561821,1.181785822,-0.76138711,-0.743013561,0.306364954,-1.192620039,-1.862629056,-1.017755151,-2.361189127,2.348087311,1.009956837,-1.141453624,0.98366648,-2.105473757,0.175139681,-3.17687583,0.68774569,1.083750844,0.684548259,1.199500561,-2.570760727,-0.727653861,-3.692102194,1.241089225,-0.28129217,2.897607803],""goal"":[-3.450000048,0.0,0.398381144],""robot_root_angular_velocity"":[0.913540006,-0.786559224,-0.817528486],""robot_root_linear_velocity"":[-0.335757911,-0.083085269,-0.455164015],""robot_root_pose"":[2.289833784,-0.00194602,0.79197526,-0.021152148,-0.003327933,0.999766886,0.002770118]}",retrained.pt,True,3|half_sine|-box_y|0.1|0.0,2108,1,36005,36427.0,422.0,20,420,0.0703312390223613,1.100222945213318,0.7285714285714285,1.0,1.9731184244155884,0.42789338130858684,2.134131669998169,5.962744235992432,-0.7317349633822838,22.98220634460449,0.31068530982981124,1.0,5.713581410795451,0.2766354865074391
retrained,T0068,legged_gym/logs/recarry/model_19999.pt,3,half_sine,-box_y,0.3,0.0,0.1,0.15,0.15,1.125,3.310875177383423,0.2109937216864438,0,,1,0.4552939534187317,-0.6679894328117371,-0.8366421461105347,1,0,0.5235679745674133,111ec104308958935133b567beef9704637920a8,"{""box_angular_velocity"":[0.0,0.0,0.0],""box_linear_velocity"":[0.0,0.0,-0.196175486],""box_mass"":1.125,""box_pose"":[0.549999952,0.0,0.132547736,0.0,0.0,0.903440475,-0.428713351],""dof_position"":[-0.146496207,0.047032665,0.020143189,0.262918562,-0.225358754,-0.010130241,-0.047927115,-0.102373846,0.029881751,0.329794168,-0.18516311,0.050720267,-0.053567953,-0.007076445,-0.002626614,-0.005689458,0.168055639,-0.014534846,1.214684486,0.089634351,0.119642578,0.050104253,-0.02187903,-0.049702886,0.004482869,1.170707583,-0.072598308,-0.015892452,0.160670042],""dof_velocity"":[-1.063613772,0.309239984,-0.794902503,1.535279036,1.17995882,-0.762243211,-0.739727676,0.309514374,-1.181484699,-1.857590079,-1.020195723,-2.361740351,2.346121788,1.007398129,-1.140409827,0.98256737,-2.125507593,0.169010103,-3.187717438,0.686365485,1.10348022,0.698941648,1.19346261,-2.565683842,-0.724937737,-3.691322327,1.241111398,-0.280111492,2.884550571],""goal"":[-3.450000048,0.0,0.398381144],""robot_root_angular_velocity"":[0.913529992,-0.784588814,-0.81627816],""robot_root_linear_velocity"":[-0.336848736,-0.083232723,-0.45543319],""robot_root_pose"":[2.289809942,-0.001951821,0.791970372,-0.021169735,-0.003339491,0.999766767,0.002668004]}",retrained.pt,True,3|half_sine|-box_y|0.3|0.0,1964,1,36533,36919.0,386.0,20,420,0.2109937216864438,3.3006691932678223,0.9928571428571429,1.0,1.4587751626968384,0.2389107248834556,1.4342224597930908,3.727675199508667,-0.16387799258033434,7.900120735168457,0.13563898715905712,0.8119096159934998,4.845954910115827,0.08080470213118952
retrained,T0069,legged_gym/logs/recarry/model_19999.pt,3,half_sine,-box_y,0.5,0.0,0.1,0.15,0.15,1.125,5.518125057220459,0.3516561933236673,0,,0,0.9867997169494628,-1.2365554571151731,-1.4388338327407837,1,0,0.4392274022102356,bbc45e608862b6a74fab218e9cf888f212cd32da,"{""box_angular_velocity"":[0.0,0.0,0.0],""box_linear_velocity"":[0.0,0.0,-0.196175486],""box_mass"":1.125,""box_pose"":[0.549999952,0.0,0.132547736,0.0,0.0,0.903440475,-0.428713351],""dof_position"":[-0.146500841,0.047033228,0.020142149,0.262921005,-0.225358963,-0.010130201,-0.047929183,-0.102373153,0.029881055,0.32979393,-0.185163349,0.050720308,-0.053569146,-0.007076314,-0.002628669,-0.005689438,0.168055788,-0.014534873,1.214684129,0.089634404,0.119642608,0.050104354,-0.021878893,-0.049701914,0.004483263,1.170707226,-0.072597921,-0.015892157,0.160671219],""dof_velocity"":[-1.063242555,0.309288293,-0.794798434,1.535060406,1.180030227,-0.762240529,-0.73944813,0.309553802,-1.181381226,-1.857584,-1.020252824,-2.361735344,2.346219301,1.007344365,-1.140043736,0.982482135,-2.125489235,0.169006094,-3.187772751,0.686356843,1.10351336,0.698946774,1.19337213,-2.565618515,-0.724920928,-3.691363335,1.241173863,-0.280104458,2.884586573],""goal"":[-3.450000048,0.0,0.398381144],""robot_root_angular_velocity"":[0.913533032,-0.784323692,-0.816340148],""robot_root_linear_velocity"":[-0.336854547,-0.08322756,-0.455430776],""robot_root_pose"":[2.289811373,-0.001951792,0.791970432,-0.021171462,-0.003340123,0.999766707,0.002667698]}",retrained.pt,True,3|half_sine|-box_y|0.5|0.0,2028,1,37025,37427.0,402.0,20,420,0.3516561933236673,5.501115322113037,0.9857142857142858,1.0,1.0913020372390747,0.24967222176492215,1.4668656587600708,2.878535509109497,-0.731629103723736,9.00621223449707,0.2883047782642756,0.9015606641769408,7.07897256435383,0.1600958361268221
retrained,T0070,legged_gym/logs/recarry/model_19999.pt,3,half_sine,-box_y,0.7,0.0,0.1,0.15,0.15,1.125,7.725375175476074,0.4923186803090865,0,,1,1.5307650566101074,-0.3297799527645111,-0.5001006722450256,0,0,0.102032795548439,e7a96858ba56d0ffd5fd40f737d3b2a241f52137,"{""box_angular_velocity"":[0.34974578,-0.497487664,0.070322007],""box_linear_velocity"":[-0.045247931,0.000210471,-0.209178463],""box_mass"":1.125,""box_pose"":[0.549164295,6.63e-07,0.132313505,-0.005909715,-0.000744487,0.903167427,-0.429247141],""dof_position"":[-0.146888435,0.046868097,0.020242501,0.26307413,-0.225144655,-0.010131487,-0.048257157,-0.102622643,0.02990672,0.32975632,-0.184980989,0.050725356,-0.053332612,-0.007282672,-0.002480305,-0.005730431,0.168592066,-0.014484658,1.214439631,0.089594871,0.119500779,0.049610313,-0.021917863,-0.049687352,0.004528193,1.170980692,-0.072486423,-0.01611142,0.160838649],""dof_velocity"":[-1.074230671,0.304643035,-0.800035596,1.530090332,1.196037769,-0.763809741,-0.742828846,0.301921368,-1.189312816,-1.868895531,-1.014343381,-2.363624811,2.350416899,1.005619884,-1.125184059,0.977000296,-2.105543137,0.174804553,-3.18858695,0.68667841,1.087232828,0.685783744,1.197134972,-2.565465927,-0.723215997,-3.696164608,1.242855549,-0.275245905,2.899024487],""goal"":[-3.450000048,0.0,0.398381144],""robot_root_angular_velocity"":[0.909898996,-0.784051061,-0.817838728],""robot_root_linear_velocity"":[-0.332995772,-0.083424263,-0.45564428],""robot_root_pose"":[2.289887428,-0.001940786,0.791963935,-0.021224434,-0.003247537,0.999765635,0.002749022]}",retrained.pt,True,3|half_sine|-box_y|0.7|0.0,2024,1,37533,37934.0,401.0,20,420,0.4923186803090865,7.701560974121094,0.5166666666666667,1.0,1.5307650566101074,0.5555945956636043,1.3705159425735474,4.565319061279297,-0.6869347013887905,5.918639183044434,0.505391649728907,1.0,3.4357248991373037,0.15784674015860564
retrained,T0071,legged_gym/logs/recarry/model_19999.pt,3,half_sine,-box_y,0.9,0.0,0.1,0.15,0.15,1.125,9.932624816894531,0.6329811190147445,0,,1,0.8533527851104736,-0.5034586191177368,-0.75809645652771,1,0,0.3164520859718323,bbc45e608862b6a74fab218e9cf888f212cd32da,"{""box_angular_velocity"":[0.0,0.0,0.0],""box_linear_velocity"":[0.0,0.0,-0.196175486],""box_mass"":1.125,""box_pose"":[0.549999952,0.0,0.132547736,0.0,0.0,0.903440475,-0.428713351],""dof_position"":[-0.146500841,0.047033228,0.020142149,0.262921005,-0.225358963,-0.010130201,-0.047929183,-0.102373153,0.029881055,0.32979393,-0.185163349,0.050720308,-0.053569146,-0.007076314,-0.002628669,-0.005689438,0.168055788,-0.014534873,1.214684129,0.089634404,0.119642608,0.050104354,-0.021878893,-0.049701914,0.004483263,1.170707226,-0.072597921,-0.015892157,0.160671219],""dof_velocity"":[-1.063242555,0.309288293,-0.794798434,1.535060406,1.180030227,-0.762240529,-0.73944813,0.309553802,-1.181381226,-1.857584,-1.020252824,-2.361735344,2.346219301,1.007344365,-1.140043736,0.982482135,-2.125489235,0.169006094,-3.187772751,0.686356843,1.10351336,0.698946774,1.19337213,-2.565618515,-0.724920928,-3.691363335,1.241173863,-0.280104458,2.884586573],""goal"":[-3.450000048,0.0,0.398381144],""robot_root_angular_velocity"":[0.913533032,-0.784323692,-0.816340148],""robot_root_linear_velocity"":[-0.336854547,-0.08322756,-0.455430776],""robot_root_pose"":[2.289811373,-0.001951792,0.791970432,-0.021171462,-0.003340123,0.999766707,0.002667698]}",retrained.pt,True,3|half_sine|-box_y|0.9|0.0,2064,1,38040,38451.0,411.0,20,420,0.6329811190147445,9.902006149291992,0.9880952380952381,1.0,1.0062423944473269,0.3168303691382919,1.665594458580017,4.249889373779297,-8.99533893322306,38.05760192871094,0.18423781045379917,0.9979500770568848,10.805477090605669,0.15907195597731819
retrained,T0072,legged_gym/logs/recarry/model_19999.pt,3,half_sine,-box_y,1.1,0.0,0.1,0.15,0.15,1.125,12.13987636566162,0.7736436602403891,0,,1,1.8871504068374636,0.3878738284111023,0.3736926317214966,0,0,0.2000543177127838,af6987a86a5efe7e4cf53902862fa85eae035376,"{""box_angular_velocity"":[-0.178590387,-0.308217913,-0.102384202],""box_linear_velocity"":[-0.012615722,-0.001852868,-0.199433103],""box_mass"":1.125,""box_pose"":[0.549730122,-3.6414e-05,0.132480264,-0.002323352,0.00270391,0.903879941,-0.42777136],""dof_position"":[-0.146219403,0.047641098,0.020190224,0.262922168,-0.225559756,-0.010114527,-0.048051827,-0.101870857,0.029889852,0.329857379,-0.185141578,0.050729625,-0.053048979,-0.006428801,-0.002573441,-0.005432061,0.168390319,-0.014499011,1.214550853,0.089525558,0.119432338,0.049609661,-0.021942584,-0.050135098,0.004489839,1.170869827,-0.072607547,-0.016670419,0.161422864],""dof_velocity"":[-1.055833817,0.307551682,-0.826779544,1.539123774,1.17927146,-0.75440079,-0.725376964,0.305677891,-1.215685844,-1.869139314,-1.02670908,-2.354689837,2.33580637,1.015561104,-1.145553231,0.992902696,-2.100913048,0.175574809,-3.170763969,0.68218708,1.08024919,0.682665706,1.209239244,-2.585228682,-0.730982184,-3.694073439,1.225857615,-0.316819221,2.910471439],""goal"":[-3.450000048,0.0,0.398381144],""robot_root_angular_velocity"":[0.920906007,-0.780846775,-0.813977838],""robot_root_linear_velocity"":[-0.338972718,-0.082721196,-0.456601381],""robot_root_pose"":[2.28980279,-0.001977427,0.791953027,-0.021139916,-0.003579743,0.999765754,0.002958758]}",retrained.pt,True,3|half_sine|-box_y|1.1|0.0,2088,1,38557,38974.0,417.0,20,420,0.7736436602403891,12.102452278137209,0.8738095238095238,1.0,1.9782906770706177,0.38300039469308794,1.94085705280304,5.160342216491699,-0.3951334481970185,129.56878662109375,0.21788673554325388,1.0,6.798015764151655,0.16712993052663347
pi,T0001,legged_gym/logs/Jul09_from_55500/model_73500.pt,1,smooth_hold,+box_x,0.1,0.5,0.1,0.15,0.15,1.125,1.1036250591278076,0.7173563046273295,0,,1,2.2053356170654297,0.299530565738678,0.147971048951149,0,0,0.2467547953128814,a53cc3ce3a4f72545746a960d85a88a4cb7c55c7,"{""box_angular_velocity"":[0.052813604,-0.61719048,0.097776957],""box_linear_velocity"":[0.099004641,0.001751654,-0.153116629],""box_mass"":1.125,""box_pose"":[0.551801264,2.9168e-05,0.133338079,-0.004432986,-0.004249552,0.764709413,0.64434588],""dof_position"":[-0.115173042,-0.065072939,-0.012358592,0.300250411,-0.195336118,-0.019023187,-0.082784377,0.029120825,0.001185866,0.296218812,-0.224485651,0.03952783,0.047393166,0.019156693,-0.040112525,-0.043044019,0.18166624,0.01203537,1.148338437,0.008116277,-0.077845,0.0535734,-0.03779199,-0.151439264,0.00798588,1.154733062,-0.111371197,0.014442713,-0.007521295],""dof_velocity"":[1.482986331,0.704375029,2.087523699,-2.442823648,1.301242709,0.711632967,1.513364434,-0.998464108,-1.990905046,-1.051187038,1.436469555,-2.257259369,-2.372486591,-0.354049146,0.600243926,2.464918852,-1.173290014,0.213889375,-1.471857548,-0.605653286,-0.288859844,1.063052773,-0.156218186,1.539268374,-0.361406863,1.440126061,-0.98511523,-1.490122795,-0.812418997],""goal"":[-3.450000048,0.0,0.144999996],""robot_root_angular_velocity"":[-0.641173482,0.957943201,1.16646862],""robot_root_linear_velocity"":[0.107856616,-0.061188579,0.207180321],""robot_root_pose"":[2.304545164,-0.000312981,0.805772603,0.016877364,0.006440008,0.99978596,-0.010084323]}",PI policy,True,1|smooth_hold|+box_x|0.1|0.5,3048,1,2,624.0,622.0,160,560,0.7173563046273295,1.1036250591278076,0.9446428571428571,1.0,2.2053356170654297,0.2507519071322999,2.130951404571533,2.5299792289733887,3.8751304935098494,41.64187240600586,0.14053344043370863,0.8294388651847839,4.673352415061423,0.11259859113446764
pi,T0002,legged_gym/logs/Jul09_from_55500/model_73500.pt,1,smooth_hold,+box_x,0.1,1.0,0.1,0.15,0.15,1.125,1.1036250591278076,1.269168833574464,0,,1,2.874159097671509,-0.1361124813556671,0.2715610265731811,0,0,0.1583377122879028,99a446bcc31acd260b084ec50899252ebd88cb08,"{""box_angular_velocity"":[-0.288336545,-0.272149801,0.088868409],""box_linear_velocity"":[0.076622456,-0.001930399,-0.162506312],""box_mass"":1.125,""box_pose"":[0.551413536,-3.3004e-05,0.133166552,-0.003619481,0.000322441,0.764710903,0.644363284],""dof_position"":[-0.115439638,-0.064503051,-0.012230973,0.300245881,-0.195291117,-0.019010432,-0.083426647,0.029642157,0.001286777,0.296223968,-0.224111751,0.039548177,0.047816087,0.019645885,-0.039932199,-0.0433015,0.1818012,0.012149377,1.148338556,0.007820065,-0.077829503,0.053491432,-0.03798198,-0.151399702,0.008092467,1.154458165,-0.111513779,0.014413754,-0.007581025],""dof_velocity"":[1.470691562,0.714782894,2.067069769,-2.44549346,1.308303952,0.717018187,1.491032004,-0.989945948,-2.011117458,-1.062808037,1.442535639,-2.252464771,-2.373888016,-0.338766396,0.613463283,2.463455915,-1.160897255,0.215982005,-1.490572453,-0.628104746,-0.280556351,1.063048005,-0.169343114,1.548475146,-0.360892296,1.433775306,-1.003261328,-1.498839617,-0.812885046],""goal"":[-3.450000048,0.0,0.144999996],""robot_root_angular_velocity"":[-0.626143277,0.950311899,1.14582479],""robot_root_linear_velocity"":[0.112978391,-0.060870338,0.208680004],""robot_root_pose"":[2.304636717,-0.000337857,0.805800438,0.016781339,0.006229964,0.999792457,-0.009729224]}",PI policy,True,1|smooth_hold|+box_x|0.1|1.0,2984,1,765,1346.0,581.0,260,660,1.269168833574464,1.1036250591278076,0.7015151515151515,1.0,2.9838640689849854,0.40366346094136435,2.756122350692749,6.628976345062256,-0.4541563773019747,2.816572904586792,0.29590537993053934,1.0,3.7450416032563556,0.09934574744274316
pi,T0003,legged_gym/logs/Jul09_from_55500/model_73500.pt,1,smooth_hold,+box_x,0.1,2.0,0.1,0.15,0.15,1.125,1.1036250591278076,2.3727938820455066,0,,1,2.8911149501800537,0.6124253273010254,0.2538583874702453,0,1,0.0601326376199722,8686b8759e303de1b9dcd8c4226ee5761c093f21,"{""box_angular_velocity"":[0.052818909,-0.617193997,0.097779892],""box_linear_velocity"":[0.099004783,0.001751711,-0.153116554],""box_mass"":1.125,""box_pose"":[0.551801264,2.9169e-05,0.133338079,-0.004432955,-0.004249581,0.764709473,0.64434588],""dof_position"":[-0.115173273,-0.065072939,-0.012358559,0.300250351,-0.195336089,-0.019023187,-0.082784683,0.029120829,0.001185883,0.296218961,-0.224485591,0.03952783,0.047393195,0.019156681,-0.040112667,-0.043043997,0.18166624,0.012035387,1.148338437,0.008116276,-0.077845,0.0535734,-0.037792016,-0.151439279,0.007985869,1.154733062,-0.111371219,0.014442697,-0.007521289],""dof_velocity"":[1.482971191,0.704375625,2.087524414,-2.442824841,1.301244497,0.711632669,1.513340116,-0.998463988,-1.990904808,-1.051182866,1.436479807,-2.257259607,-2.372484446,-0.354048729,0.600233555,2.464917421,-1.173290372,0.213890702,-1.471856356,-0.605654061,-0.288861006,1.063053846,-0.156221375,1.539267898,-0.361408114,1.440126777,-0.985117376,-1.490123034,-0.812418342],""goal"":[-3.450000048,0.0,0.144999996],""robot_root_angular_velocity"":[-0.641172588,0.957930326,1.166464686],""robot_root_linear_velocity"":[0.107858129,-0.061188579,0.207180291],""robot_root_pose"":[2.304544687,-0.00031296,0.805772424,0.016877344,0.006440034,0.99978596,-0.010084333]}",PI policy,True,1|smooth_hold|+box_x|0.1|2.0,2880,1,1512,2017.0,505.0,460,860,2.3727938820455066,1.1036250591278076,0.8488372093023255,1.0,2.8911149501800537,0.35622086910054435,2.8128821849823,7.737381458282471,0.019370972902275796,31.151124954223636,0.16420014571116934,1.0,4.1521849254622705,0.07422354952433058
pi,T0004,legged_gym/logs/Jul09_from_55500/model_73500.pt,1,smooth_hold,+box_x,0.3,0.5,0.1,0.15,0.15,1.125,3.310875177383423,2.1520688864766577,0,,0,0.6716133952140808,1.015198826789856,1.0051878690719604,1,0,0.3784847259521484,b37d1a34b504a21fd416095ed82af6e900cfd110,"{""box_angular_velocity"":[0.0,0.0,0.0],""box_linear_velocity"":[0.0,0.0,-0.196175486],""box_mass"":1.125,""box_pose"":[0.549999952,0.0,0.132547736,0.0,0.0,0.764192939,0.644987702],""dof_position"":[-0.115593508,-0.064746052,-0.012320553,0.300360948,-0.195070326,-0.019001871,-0.083475702,0.029394845,0.001167293,0.296318293,-0.223998114,0.039558936,0.048016004,0.019729495,-0.039579578,-0.042687569,0.180484638,0.011865744,1.147352099,0.008331287,-0.078113355,0.05443877,-0.03782244,-0.151108593,0.008053473,1.154164195,-0.111383066,0.014411789,-0.00821572],""dof_velocity"":[1.460155487,0.702920616,2.068506956,-2.447604179,1.321188092,0.714539647,1.485135555,-1.002265334,-2.011068106,-1.06355381,1.450716734,-2.256109238,-2.361958027,-0.34181416,0.623745561,2.463394165,-1.212964773,0.20323807,-1.455058575,-0.60581696,-0.349257767,1.082467079,-0.168251291,1.565045118,-0.356730878,1.445312738,-0.988606036,-1.515213132,-0.839687943],""goal"":[-3.450000048,0.0,0.144999996],""robot_root_angular_velocity"":[-0.634959042,0.955117822,1.158339977],""robot_root_linear_velocity"":[0.119195879,-0.061470948,0.209652379],""robot_root_pose"":[2.304764509,-0.000354351,0.805820525,0.016868409,0.006288042,0.999789476,-0.009845998]}",PI policy,True,1|smooth_hold|+box_x|0.3|0.5,2496,1,2233,2717.0,484.0,160,560,2.1520688864766577,3.310875177383423,0.9892857142857143,1.0,0.9859844446182252,0.19678332451065733,1.3084797859191897,3.619135856628418,0.8480057306787265,11.141368865966797,0.20157110471305453,0.8553569316864014,4.488706574216485,0.11388231084752076
pi,T0005,legged_gym/logs/Jul09_from_55500/model_73500.pt,1,smooth_hold,+box_x,0.3,1.0,0.1,0.15,0.15,1.125,3.310875177383423,3.8075065031157065,0,,1,2.813151359558105,0.2885834872722626,0.1125468090176582,0,1,0.0892009362578392,9db9b5a9ba73b99a6c9741211bc52e8b5c86b1a9,"{""box_angular_velocity"":[-0.543689847,-0.640546799,-0.167712316],""box_linear_velocity"":[0.093059234,-0.004584411,-0.1551667],""box_mass"":1.125,""box_pose"":[0.551697075,-8.1623e-05,0.133302674,-0.007970566,-0.000436491,0.763179362,0.646137238],""dof_position"":[-0.114836082,-0.06401553,-0.012329284,0.300230533,-0.195577785,-0.019010823,-0.083038174,0.030153975,0.001231676,0.296281368,-0.224237442,0.03955102,0.048216231,0.020181041,-0.040025908,-0.04253789,0.181061313,0.012000521,1.147909284,0.008117628,-0.078065298,0.054039754,-0.037748057,-0.151306599,0.008082619,1.154565692,-0.111577787,0.014440706,-0.007775543],""dof_velocity"":[1.487249613,0.72265172,2.051012278,-2.434028864,1.300378919,0.719173193,1.50312829,-0.981220365,-2.02793479,-1.054888964,1.436372519,-2.248519659,-2.365444183,-0.33090049,0.606430471,2.474183559,-1.183372974,0.210903481,-1.452399135,-0.616723835,-0.326087087,1.074101329,-0.166087806,1.56101048,-0.360805601,1.451394081,-1.004279971,-1.501424193,-0.821711242],""goal"":[-3.450000048,0.0,0.144999996],""robot_root_angular_velocity"":[-0.615948915,0.96047163,1.141780615],""robot_root_linear_velocity"":[0.109472476,-0.05902905,0.206039473],""robot_root_pose"":[2.304571629,-0.000346344,0.805758595,0.016929861,0.006020484,0.999792635,-0.009578469]}",PI policy,True,1|smooth_hold|+box_x|0.3|1.0,2364,1,2858,3284.0,426.0,260,660,3.8075065031157065,3.310875177383423,0.8166666666666667,1.0,2.8560140132904053,0.38372767378830097,2.818694591522217,6.522810935974121,1.175588275456914,36.86010360717773,0.1724827980742592,1.0,3.159544303177884,0.07064615185079284
pi,T0006,legged_gym/logs/Jul09_from_55500/model_73500.pt,1,smooth_hold,+box_x,0.3,2.0,0.1,0.15,0.15,1.125,3.310875177383423,7.118382146017386,0,,1,2.635721445083618,0.1432768702507019,0.8474631309509277,0,0,0.1563432812690735,8686b8759e303de1b9dcd8c4226ee5761c093f21,"{""box_angular_velocity"":[0.052818909,-0.617193997,0.097779892],""box_linear_velocity"":[0.099004783,0.001751711,-0.153116554],""box_mass"":1.125,""box_pose"":[0.551801264,2.9169e-05,0.133338079,-0.004432955,-0.004249581,0.764709473,0.64434588],""dof_position"":[-0.115173273,-0.065072939,-0.012358559,0.300250351,-0.195336089,-0.019023187,-0.082784683,0.029120829,0.001185883,0.296218961,-0.224485591,0.03952783,0.047393195,0.019156681,-0.040112667,-0.043043997,0.18166624,0.012035387,1.148338437,0.008116276,-0.077845,0.0535734,-0.037792016,-0.151439279,0.007985869,1.154733062,-0.111371219,0.014442697,-0.007521289],""dof_velocity"":[1.482971191,0.704375625,2.087524414,-2.442824841,1.301244497,0.711632669,1.513340116,-0.998463988,-1.990904808,-1.051182866,1.436479807,-2.257259607,-2.372484446,-0.354048729,0.600233555,2.464917421,-1.173290372,0.213890702,-1.471856356,-0.605654061,-0.288861006,1.063053846,-0.156221375,1.539267898,-0.361408114,1.440126777,-0.985117376,-1.490123034,-0.812418342],""goal"":[-3.450000048,0.0,0.144999996],""robot_root_angular_velocity"":[-0.641172588,0.957930326,1.166464686],""robot_root_linear_velocity"":[0.107858129,-0.061188579,0.207180291],""robot_root_pose"":[2.304544687,-0.00031296,0.805772424,0.016877344,0.006440034,0.99978596,-0.010084333]}",PI policy,True,1|smooth_hold|+box_x|0.3|2.0,2924,1,3450,3966.0,516.0,460,860,7.118382146017386,3.310875415802002,0.5325581395348837,1.0,2.712892770767212,0.3360157263833423,2.718930959701538,8.169414520263672,0.25088139227266576,3.535240173339844,0.42919350598917105,1.0,1.9455870771997197,0.04192766100009171
pi,T0007,legged_gym/logs/Jul09_from_55500/model_73500.pt,1,smooth_hold,+box_x,0.5,0.5,0.1,0.15,0.15,1.125,5.518125,0.0,1,other,0,,,,0,0,4.000012397766113,8686b8759e303de1b9dcd8c4226ee5761c093f21,"{""box_angular_velocity"":[0.052818909,-0.617193997,0.097779892],""box_linear_velocity"":[0.099004783,0.001751711,-0.153116554],""box_mass"":1.125,""box_pose"":[0.551801264,2.9169e-05,0.133338079,-0.004432955,-0.004249581,0.764709473,0.64434588],""dof_position"":[-0.115173273,-0.065072939,-0.012358559,0.300250351,-0.195336089,-0.019023187,-0.082784683,0.029120829,0.001185883,0.296218961,-0.224485591,0.03952783,0.047393195,0.019156681,-0.040112667,-0.043043997,0.18166624,0.012035387,1.148338437,0.008116276,-0.077845,0.0535734,-0.037792016,-0.151439279,0.007985869,1.154733062,-0.111371219,0.014442697,-0.007521289],""dof_velocity"":[1.482971191,0.704375625,2.087524414,-2.442824841,1.301244497,0.711632669,1.513340116,-0.998463988,-1.990904808,-1.051182866,1.436479807,-2.257259607,-2.372484446,-0.354048729,0.600233555,2.464917421,-1.173290372,0.213890702,-1.471856356,-0.605654061,-0.288861006,1.063053846,-0.156221375,1.539267898,-0.361408114,1.440126777,-0.985117376,-1.490123034,-0.812418342],""goal"":[-3.450000048,0.0,0.144999996],""robot_root_angular_velocity"":[-0.641172588,0.957930326,1.166464686],""robot_root_linear_velocity"":[0.107858129,-0.061188579,0.207180291],""robot_root_pose"":[2.304544687,-0.00031296,0.805772424,0.016877344,0.006440034,0.99978596,-0.010084333]}",PI policy,False,1|smooth_hold|+box_x|0.5|0.5,812,0,4182,,,0,0,0.0,,,,,,,,,,,,,
pi,T0008,legged_gym/logs/Jul09_from_55500/model_73500.pt,1,smooth_hold,+box_x,0.5,1.0,0.1,0.15,0.15,1.125,5.518125057220459,6.345843861752446,0,,1,2.781477928161621,0.6864949464797974,0.7749125957489014,0,0,0.412785917520523,8686b8759e303de1b9dcd8c4226ee5761c093f21,"{""box_angular_velocity"":[0.052818909,-0.617193997,0.097779892],""box_linear_velocity"":[0.099004783,0.001751711,-0.153116554],""box_mass"":1.125,""box_pose"":[0.551801264,2.9169e-05,0.133338079,-0.004432955,-0.004249581,0.764709473,0.64434588],""dof_position"":[-0.115173273,-0.065072939,-0.012358559,0.300250351,-0.195336089,-0.019023187,-0.082784683,0.029120829,0.001185883,0.296218961,-0.224485591,0.03952783,0.047393195,0.019156681,-0.040112667,-0.043043997,0.18166624,0.012035387,1.148338437,0.008116276,-0.077845,0.0535734,-0.037792016,-0.151439279,0.007985869,1.154733062,-0.111371219,0.014442697,-0.007521289],""dof_velocity"":[1.482971191,0.704375625,2.087524414,-2.442824841,1.301244497,0.711632669,1.513340116,-0.998463988,-1.990904808,-1.051182866,1.436479807,-2.257259607,-2.372484446,-0.354048729,0.600233555,2.464917421,-1.173290372,0.213890702,-1.471856356,-0.605654061,-0.288861006,1.063053846,-0.156221375,1.539267898,-0.361408114,1.440126777,-0.985117376,-1.490123034,-0.812418342],""goal"":[-3.450000048,0.0,0.144999996],""robot_root_angular_velocity"":[-0.641172588,0.957930326,1.166464686],""robot_root_linear_velocity"":[0.107858129,-0.061188579,0.207180291],""robot_root_pose"":[2.304544687,-0.00031296,0.805772424,0.016877344,0.006440034,0.99978596,-0.010084333]}",PI policy,True,1|smooth_hold|+box_x|0.5|1.0,3072,1,4386,4989.0,603.0,260,660,6.345843861752446,5.518125057220459,0.6393939393939394,1.0,2.9002232551574707,0.5725380951708013,2.900982141494751,10.34283447265625,3.4032944948779362,1474.2999267578125,0.34054398194116814,1.0,7.76733462079287,0.07803924765987284
pi,T0009,legged_gym/logs/Jul09_from_55500/model_73500.pt,1,smooth_hold,+box_x,0.5,2.0,0.1,0.15,0.15,1.125,5.518125057220459,11.8639689489511,0,,1,2.8877081871032715,0.269506424665451,-0.345341682434082,0,1,0.0548758842051029,8686b8759e303de1b9dcd8c4226ee5761c093f21,"{""box_angular_velocity"":[0.052818909,-0.617193997,0.097779892],""box_linear_velocity"":[0.099004783,0.001751711,-0.153116554],""box_mass"":1.125,""box_pose"":[0.551801264,2.9169e-05,0.133338079,-0.004432955,-0.004249581,0.764709473,0.64434588],""dof_position"":[-0.115173273,-0.065072939,-0.012358559,0.300250351,-0.195336089,-0.019023187,-0.082784683,0.029120829,0.001185883,0.296218961,-0.224485591,0.03952783,0.047393195,0.019156681,-0.040112667,-0.043043997,0.18166624,0.012035387,1.148338437,0.008116276,-0.077845,0.0535734,-0.037792016,-0.151439279,0.007985869,1.154733062,-0.111371219,0.014442697,-0.007521289],""dof_velocity"":[1.482971191,0.704375625,2.087524414,-2.442824841,1.301244497,0.711632669,1.513340116,-0.998463988,-1.990904808,-1.051182866,1.436479807,-2.257259607,-2.372484446,-0.354048729,0.600233555,2.464917421,-1.173290372,0.213890702,-1.471856356,-0.605654061,-0.288861006,1.063053846,-0.156221375,1.539267898,-0.361408114,1.440126777,-0.985117376,-1.490123034,-0.812418342],""goal"":[-3.450000048,0.0,0.144999996],""robot_root_angular_velocity"":[-0.641172588,0.957930326,1.166464686],""robot_root_linear_velocity"":[0.107858129,-0.061188579,0.207180291],""robot_root_pose"":[2.304544687,-0.00031296,0.805772424,0.016877344,0.006440034,0.99978596,-0.010084333]}",PI policy,True,1|smooth_hold|+box_x|0.5|2.0,2860,1,5155,5655.0,500.0,460,860,11.8639689489511,5.518125057220459,0.5837209302325581,1.0,2.929551839828491,0.48842566816872635,2.856271743774414,7.135561466217041,-0.31590150536990963,32.974693298339844,0.4105156799947551,1.0,4.14902444240139,0.142950833440096
pi,T0010,legged_gym/logs/Jul09_from_55500/model_73500.pt,1,smooth_hold,+box_x,0.7,0.5,0.1,0.15,0.15,1.125,7.725375,0.0,1,base_tilt,0,,,,0,0,4.002824783325195,b37d1a34b504a21fd416095ed82af6e900cfd110,"{""box_angular_velocity"":[0.0,0.0,0.0],""box_linear_velocity"":[0.0,0.0,-0.196175486],""box_mass"":1.125,""box_pose"":[0.549999952,0.0,0.132547736,0.0,0.0,0.764192939,0.644987702],""dof_position"":[-0.115593508,-0.064746052,-0.012320553,0.300360948,-0.195070326,-0.019001871,-0.083475702,0.029394845,0.001167293,0.296318293,-0.223998114,0.039558936,0.048016004,0.019729495,-0.039579578,-0.042687569,0.180484638,0.011865744,1.147352099,0.008331287,-0.078113355,0.05443877,-0.03782244,-0.151108593,0.008053473,1.154164195,-0.111383066,0.014411789,-0.00821572],""dof_velocity"":[1.460155487,0.702920616,2.068506956,-2.447604179,1.321188092,0.714539647,1.485135555,-1.002265334,-2.011068106,-1.06355381,1.450716734,-2.256109238,-2.361958027,-0.34181416,0.623745561,2.463394165,-1.212964773,0.20323807,-1.455058575,-0.60581696,-0.349257767,1.082467079,-0.168251291,1.565045118,-0.356730878,1.445312738,-0.988606036,-1.515213132,-0.839687943],""goal"":[-3.450000048,0.0,0.144999996],""robot_root_angular_velocity"":[-0.634959042,0.955117822,1.158339977],""robot_root_linear_velocity"":[0.119195879,-0.061470948,0.209652379],""robot_root_pose"":[2.304764509,-0.000354351,0.805820525,0.016868409,0.006288042,0.999789476,-0.009845998]}",PI policy,False,1|smooth_hold|+box_x|0.7|0.5,228,0,5871,,,0,0,0.0,,,,,,,,,,,,,
pi,T0011,legged_gym/logs/Jul09_from_55500/model_73500.pt,1,smooth_hold,+box_x,0.7,1.0,0.1,0.15,0.15,1.125,7.725375,0.0,1,box_tilt|timeout,0,,,,0,0,4.000012397766113,8686b8759e303de1b9dcd8c4226ee5761c093f21,"{""box_angular_velocity"":[0.052818909,-0.617193997,0.097779892],""box_linear_velocity"":[0.099004783,0.001751711,-0.153116554],""box_mass"":1.125,""box_pose"":[0.551801264,2.9169e-05,0.133338079,-0.004432955,-0.004249581,0.764709473,0.64434588],""dof_position"":[-0.115173273,-0.065072939,-0.012358559,0.300250351,-0.195336089,-0.019023187,-0.082784683,0.029120829,0.001185883,0.296218961,-0.224485591,0.03952783,0.047393195,0.019156681,-0.040112667,-0.043043997,0.18166624,0.012035387,1.148338437,0.008116276,-0.077845,0.0535734,-0.037792016,-0.151439279,0.007985869,1.154733062,-0.111371219,0.014442697,-0.007521289],""dof_velocity"":[1.482971191,0.704375625,2.087524414,-2.442824841,1.301244497,0.711632669,1.513340116,-0.998463988,-1.990904808,-1.051182866,1.436479807,-2.257259607,-2.372484446,-0.354048729,0.600233555,2.464917421,-1.173290372,0.213890702,-1.471856356,-0.605654061,-0.288861006,1.063053846,-0.156221375,1.539267898,-0.361408114,1.440126777,-0.985117376,-1.490123034,-0.812418342],""goal"":[-3.450000048,0.0,0.144999996],""robot_root_angular_velocity"":[-0.641172588,0.957930326,1.166464686],""robot_root_linear_velocity"":[0.107858129,-0.061188579,0.207180291],""robot_root_pose"":[2.304544687,-0.00031296,0.805772424,0.016877344,0.006440034,0.99978596,-0.010084333]}",PI policy,False,1|smooth_hold|+box_x|0.7|1.0,6004,0,5929,,,0,0,0.0,,,,,,,,,,,,,
pi,T0012,legged_gym/logs/Jul09_from_55500/model_73500.pt,1,smooth_hold,+box_x,0.7,2.0,0.1,0.15,0.15,1.125,7.725375175476074,16.60955769443023,0,,1,2.8562326431274414,1.849697589874268,1.2771728038787842,0,0,0.3362547755241394,8686b8759e303de1b9dcd8c4226ee5761c093f21,"{""box_angular_velocity"":[0.052818909,-0.617193997,0.097779892],""box_linear_velocity"":[0.099004783,0.001751711,-0.153116554],""box_mass"":1.125,""box_pose"":[0.551801264,2.9169e-05,0.133338079,-0.004432955,-0.004249581,0.764709473,0.64434588],""dof_position"":[-0.115173273,-0.065072939,-0.012358559,0.300250351,-0.195336089,-0.019023187,-0.082784683,0.029120829,0.001185883,0.296218961,-0.224485591,0.03952783,0.047393195,0.019156681,-0.040112667,-0.043043997,0.18166624,0.012035387,1.148338437,0.008116276,-0.077845,0.0535734,-0.037792016,-0.151439279,0.007985869,1.154733062,-0.111371219,0.014442697,-0.007521289],""dof_velocity"":[1.482971191,0.704375625,2.087524414,-2.442824841,1.301244497,0.711632669,1.513340116,-0.998463988,-1.990904808,-1.051182866,1.436479807,-2.257259607,-2.372484446,-0.354048729,0.600233555,2.464917421,-1.173290372,0.213890702,-1.471856356,-0.605654061,-0.288861006,1.063053846,-0.156221375,1.539267898,-0.361408114,1.440126777,-0.985117376,-1.490123034,-0.812418342],""goal"":[-3.450000048,0.0,0.144999996],""robot_root_angular_velocity"":[-0.641172588,0.957930326,1.166464686],""robot_root_linear_velocity"":[0.107858129,-0.061188579,0.207180291],""robot_root_pose"":[2.304544687,-0.00031296,0.805772424,0.016877344,0.006440034,0.99978596,-0.010084333]}",PI policy,True,1|smooth_hold|+box_x|0.7|2.0,2768,1,7431,7908.0,477.0,460,860,16.60955769443023,7.725375652313232,0.6627906976744186,1.0,2.889656782150269,0.49187247868367406,2.7749342918396,8.72732162475586,0.22249680711389627,71.43449401855469,0.3970757597120652,1.0,3.1152740145492,0.060257956258266285
pi,T0013,legged_gym/logs/Jul09_from_55500/model_73500.pt,1,smooth_hold,+box_x,0.9,0.5,0.1,0.15,0.15,1.125,9.932624816894531,6.456206233490769,0,,1,2.8323607444763184,0.5854873657226562,0.3836922645568847,0,0,0.1103745996952056,8686b8759e303de1b9dcd8c4226ee5761c093f21,"{""box_angular_velocity"":[0.052818909,-0.617193997,0.097779892],""box_linear_velocity"":[0.099004783,0.001751711,-0.153116554],""box_mass"":1.125,""box_pose"":[0.551801264,2.9169e-05,0.133338079,-0.004432955,-0.004249581,0.764709473,0.64434588],""dof_position"":[-0.115173273,-0.065072939,-0.012358559,0.300250351,-0.195336089,-0.019023187,-0.082784683,0.029120829,0.001185883,0.296218961,-0.224485591,0.03952783,0.047393195,0.019156681,-0.040112667,-0.043043997,0.18166624,0.012035387,1.148338437,0.008116276,-0.077845,0.0535734,-0.037792016,-0.151439279,0.007985869,1.154733062,-0.111371219,0.014442697,-0.007521289],""dof_velocity"":[1.482971191,0.704375625,2.087524414,-2.442824841,1.301244497,0.711632669,1.513340116,-0.998463988,-1.990904808,-1.051182866,1.436479807,-2.257259607,-2.372484446,-0.354048729,0.600233555,2.464917421,-1.173290372,0.213890702,-1.471856356,-0.605654061,-0.288861006,1.063053846,-0.156221375,1.539267898,-0.361408114,1.440126777,-0.985117376,-1.490123034,-0.812418342],""goal"":[-3.450000048,0.0,0.144999996],""robot_root_angular_velocity"":[-0.641172588,0.957930326,1.166464686],""robot_root_linear_velocity"":[0.107858129,-0.061188579,0.207180291],""robot_root_pose"":[2.304544687,-0.00031296,0.805772424,0.016877344,0.006440034,0.99978596,-0.010084333]}",PI policy,True,1|smooth_hold|+box_x|0.9|0.5,2396,1,8124,8583.0,459.0,160,560,6.456206233490769,9.932624816894531,0.8964285714285715,1.0,2.8323607444763184,0.3626864251547626,2.819919347763061,2.557786464691162,2.3070305798668413,23.69196510314941,0.12340964812194992,0.9999999403953552,3.505076567861917,0.07807358917187744
pi,T0014,legged_gym/logs/Jul09_from_55500/model_73500.pt,1,smooth_hold,+box_x,0.9,1.0,0.1,0.15,0.15,1.125,9.932624816894531,11.4225186964516,0,,1,2.6026828289031982,1.3205089569091797,1.6787309646606443,0,0,0.0708320140838623,4149abf76c3cf84118c90e1878fc91144fed6db9,"{""box_angular_velocity"":[0.052863706,-0.617192447,0.097733095],""box_linear_velocity"":[0.099008434,0.001751611,-0.153115004],""box_mass"":1.125,""box_pose"":[0.551801264,2.917e-05,0.133338109,-0.004432607,-0.00424971,0.764709413,0.644346058],""dof_position"":[-0.115175992,-0.065070294,-0.012358455,0.300250411,-0.195335925,-0.019023146,-0.082788952,0.029123446,0.001185832,0.296220273,-0.22448577,0.03952799,0.047394209,0.01915879,-0.040115632,-0.043043509,0.181666002,0.012035213,1.148338318,0.008115808,-0.077845223,0.053573508,-0.037791926,-0.151439697,0.007986027,1.154733062,-0.111371443,0.014442773,-0.007521102],""dof_velocity"":[1.483302593,0.704424083,2.087429047,-2.442863226,1.301235318,0.711652756,1.513743162,-0.998414159,-1.990999579,-1.051387072,1.436457872,-2.257238865,-2.372529745,-0.353975922,0.600616574,2.464824438,-1.173272848,0.213883668,-1.471865773,-0.605689645,-0.288847864,1.063051939,-0.156304061,1.539266825,-0.361414731,1.440092921,-0.985099912,-1.490102768,-0.812429309],""goal"":[-3.450000048,0.0,0.144999996],""robot_root_angular_velocity"":[-0.641109526,0.958215594,1.166488886],""robot_root_linear_velocity"":[0.10784854,-0.061182946,0.207182258],""robot_root_pose"":[2.304544687,-0.000313077,0.805772603,0.016876109,0.006438927,0.999786019,-0.010083516]}",PI policy,True,1|smooth_hold|+box_x|0.9|1.0,2688,1,8724,9231.0,507.0,260,660,11.4225186964516,9.932624816894531,0.6424242424242425,1.0,2.6354916095733643,0.3729670816411575,2.6475155353546143,5.970020294189453,-0.01125241524793885,10.827637672424316,0.3399390927971884,1.0,4.664034591005607,0.10453813098638694
pi,T0015,legged_gym/logs/Jul09_from_55500/model_73500.pt,1,smooth_hold,+box_x,0.9,2.0,0.1,0.15,0.15,1.125,9.932624816894531,21.355143406378616,0,,1,1.816694736480713,-0.3563867509365082,-0.0289004445075988,0,0,0.3734652698040008,8686b8759e303de1b9dcd8c4226ee5761c093f21,"{""box_angular_velocity"":[0.052818909,-0.617193997,0.097779892],""box_linear_velocity"":[0.099004783,0.001751711,-0.153116554],""box_mass"":1.125,""box_pose"":[0.551801264,2.9169e-05,0.133338079,-0.004432955,-0.004249581,0.764709473,0.64434588],""dof_position"":[-0.115173273,-0.065072939,-0.012358559,0.300250351,-0.195336089,-0.019023187,-0.082784683,0.029120829,0.001185883,0.296218961,-0.224485591,0.03952783,0.047393195,0.019156681,-0.040112667,-0.043043997,0.18166624,0.012035387,1.148338437,0.008116276,-0.077845,0.0535734,-0.037792016,-0.151439279,0.007985869,1.154733062,-0.111371219,0.014442697,-0.007521289],""dof_velocity"":[1.482971191,0.704375625,2.087524414,-2.442824841,1.301244497,0.711632669,1.513340116,-0.998463988,-1.990904808,-1.051182866,1.436479807,-2.257259607,-2.372484446,-0.354048729,0.600233555,2.464917421,-1.173290372,0.213890702,-1.471856356,-0.605654061,-0.288861006,1.063053846,-0.156221375,1.539267898,-0.361408114,1.440126777,-0.985117376,-1.490123034,-0.812418342],""goal"":[-3.450000048,0.0,0.144999996],""robot_root_angular_velocity"":[-0.641172588,0.957930326,1.166464686],""robot_root_linear_velocity"":[0.107858129,-0.061188579,0.207180291],""robot_root_pose"":[2.304544687,-0.00031296,0.805772424,0.016877344,0.006440034,0.99978596,-0.010084333]}",PI policy,True,1|smooth_hold|+box_x|0.9|2.0,2784,1,9397,9878.0,481.0,460,860,21.355143406378616,9.932624816894531,0.9709302325581395,1.0,1.816694736480713,0.22275158304634482,1.480728030204773,2.6136903762817383,-1.4702125057729698,20.617563247680664,0.1367226088465666,0.9999998807907104,3.4666589707915865,0.05989690921109491
pi,T0016,legged_gym/logs/Jul09_from_55500/model_73500.pt,1,smooth_hold,+box_x,1.1,0.5,0.1,0.15,0.15,1.125,12.139875000000002,0.0,1,head_low,0,,,,0,0,4.000185489654541,b03f616f19a0c1b4cf544077a8205ddf7456bcbe,"{""box_angular_velocity"":[0.099029072,-0.645599544,0.020675708],""box_linear_velocity"":[0.091708928,0.000152152,-0.155960456],""box_mass"":1.125,""box_pose"":[0.55167377,-2.91e-07,0.133288741,-0.004353635,-0.004764425,0.764211178,0.64493376],""dof_position"":[-0.115151271,-0.065075539,-0.012324107,0.300322175,-0.195330426,-0.019032994,-0.08282841,0.029097017,0.001190656,0.296255141,-0.224384382,0.039523866,0.047628209,0.019107608,-0.039941773,-0.042748995,0.181232274,0.011972217,1.147913337,0.008300611,-0.077974938,0.053979944,-0.03760625,-0.151095524,0.008062194,1.154480457,-0.111386746,0.014396802,-0.007887044],""dof_velocity"":[1.479506612,0.702374876,2.080575705,-2.439231157,1.304909587,0.711904883,1.510446429,-1.001221895,-1.998512149,-1.054146051,1.441123962,-2.257409811,-2.36806941,-0.356375486,0.605270684,2.466969252,-1.190930486,0.21060425,-1.456155419,-0.600705087,-0.319433481,1.074434519,-0.156819582,1.555904627,-0.359626204,1.452345252,-0.987956464,-1.507369518,-0.823955238],""goal"":[-3.450000048,0.0,0.144999996],""robot_root_angular_velocity"":[-0.642714381,0.960704625,1.164902925],""robot_root_linear_velocity"":[0.110216424,-0.060204361,0.206441954],""robot_root_pose"":[2.304591417,-0.000294731,0.805761218,0.016926786,0.006462905,0.999785721,-0.010008967]}",PI policy,False,1|smooth_hold|+box_x|1.1|0.5,160,0,10094,,,0,0,0.0,,,,,,,,,,,,,
pi,T0017,legged_gym/logs/Jul09_from_55500/model_73500.pt,1,smooth_hold,+box_x,1.1,1.0,0.1,0.15,0.15,1.125,12.13987636566162,13.960857882112714,0,,0,0.5332632064819336,-0.4207773804664612,-0.0669971704483032,1,0,0.5697805881500244,7043653c1bb3417fe2789927445354cbf9e4d9d8,"{""box_angular_velocity"":[0.052818857,-0.617193103,0.097779065],""box_linear_velocity"":[0.099004835,0.001751706,-0.153116539],""box_mass"":1.125,""box_pose"":[0.551801264,2.9169e-05,0.133338079,-0.004432954,-0.004249579,0.764709473,0.64434588],""dof_position"":[-0.115173921,-0.065072931,-0.012358476,0.300250322,-0.195335954,-0.019023187,-0.08278574,0.029120827,0.001185951,0.29621926,-0.224485233,0.039527833,0.047393356,0.019156653,-0.040113233,-0.043044034,0.18166624,0.012035456,1.148338318,0.008116283,-0.077845126,0.053573404,-0.037792083,-0.15143925,0.007985833,1.154733062,-0.111371294,0.014442662,-0.007521269],""dof_velocity"":[1.482924342,0.704375267,2.087522984,-2.442831039,1.301254869,0.711632729,1.513262391,-0.998466074,-1.990907788,-1.051166892,1.436510444,-2.257260323,-2.372481346,-0.354047358,0.600206375,2.464908361,-1.173290968,0.213896632,-1.471846104,-0.605656445,-0.288870275,1.0630548,-0.156235352,1.539267063,-0.361411929,1.440132737,-0.985122204,-1.490126014,-0.812416792],""goal"":[-3.450000048,0.0,0.144999996],""robot_root_angular_velocity"":[-0.641171455,0.957891226,1.166457176],""robot_root_linear_velocity"":[0.107863642,-0.06118869,0.207179874],""robot_root_pose"":[2.30454421,-0.000312996,0.805772543,0.016877009,0.006439983,0.999786019,-0.010084151]}",PI policy,True,1|smooth_hold|+box_x|1.1|1.0,2668,1,10135,10637.0,502.0,260,660,13.960857882112714,12.13987636566162,1.0,0.0,0.550837516784668,0.22026391285048288,1.3707250356674194,2.8174586296081543,-1.8768538591931716,8.72760009765625,0.13184914470995973,0.5276877880096436,3.940911946558591,0.0656293988245896
pi,T0018,legged_gym/logs/Jul09_from_55500/model_73500.pt,1,smooth_hold,+box_x,1.1,2.0,0.1,0.15,0.15,1.125,12.139875000000002,18.99890607641676,1,other,1,2.37156081199646,1.8630388975143437,1.6894687414169312,0,0,4.000012397766113,004fd3c2dacc118abe9edae3ce92704d5d31726a,"{""box_angular_velocity"":[0.016862063,-0.305176318,-0.099644996],""box_linear_velocity"":[0.116359308,-0.002293034,-0.146832258],""box_mass"":1.125,""box_pose"":[0.552095711,-4.4977e-05,0.13343893,-0.00214226,-0.002165137,0.763455749,0.645852864],""dof_position"":[-0.114866249,-0.064366363,-0.012170966,0.300148785,-0.195646375,-0.019014256,-0.08309824,0.029738311,0.001327768,0.296201199,-0.224286616,0.039568748,0.048492637,0.020150986,-0.040277451,-0.042213153,0.180625066,0.01189988,1.147806168,0.008243465,-0.078258589,0.054172792,-0.03822878,-0.15242593,0.007791732,1.155199289,-0.111303903,0.014532704,-0.006922814],""dof_velocity"":[1.496095657,0.701320291,2.04923296,-2.429706097,1.291204095,0.714029908,1.515291929,-1.004382372,-2.029604197,-1.056423068,1.427903891,-2.253868341,-2.356756449,-0.33674714,0.612191319,2.473668337,-1.197442055,0.206398353,-1.436306953,-0.61199975,-0.345627606,1.072245717,-0.172713578,1.512727618,-0.36368075,1.424283266,-0.981307745,-1.458559752,-0.800822258],""goal"":[-3.450000048,0.0,0.144999996],""robot_root_angular_velocity"":[-0.631942213,0.963582456,1.143996954],""robot_root_linear_velocity"":[0.106427617,-0.061539494,0.20680365],""robot_root_pose"":[2.30450654,-0.000391043,0.805772901,0.016840018,0.006154755,0.999793828,-0.009526268]}",PI policy,True,1|smooth_hold|+box_x|1.1|2.0,2380,1,10803,11316.0,513.0,328,328,18.99890607641676,12.13987636566162,0.9329268292682927,1.0,2.540077447891236,0.5049647630714789,3.204179286956787,5.807112216949463,1.0777132990202163,32.42049026489258,0.010026307714103563,0.8263294696807861,5.450848119333386,0.07836329106333031
pi,T0019,legged_gym/logs/Jul09_from_55500/model_73500.pt,1,smooth_hold,-box_x,0.1,0.5,0.1,0.15,0.15,1.125,1.1036250591278076,0.7173563022501287,0,,0,0.5808157920837402,-0.7946728467941284,-0.5929775238037109,1,0,0.529767632484436,8686b8759e303de1b9dcd8c4226ee5761c093f21,"{""box_angular_velocity"":[0.052818909,-0.617193997,0.097779892],""box_linear_velocity"":[0.099004783,0.001751711,-0.153116554],""box_mass"":1.125,""box_pose"":[0.551801264,2.9169e-05,0.133338079,-0.004432955,-0.004249581,0.764709473,0.64434588],""dof_position"":[-0.115173273,-0.065072939,-0.012358559,0.300250351,-0.195336089,-0.019023187,-0.082784683,0.029120829,0.001185883,0.296218961,-0.224485591,0.03952783,0.047393195,0.019156681,-0.040112667,-0.043043997,0.18166624,0.012035387,1.148338437,0.008116276,-0.077845,0.0535734,-0.037792016,-0.151439279,0.007985869,1.154733062,-0.111371219,0.014442697,-0.007521289],""dof_velocity"":[1.482971191,0.704375625,2.087524414,-2.442824841,1.301244497,0.711632669,1.513340116,-0.998463988,-1.990904808,-1.051182866,1.436479807,-2.257259607,-2.372484446,-0.354048729,0.600233555,2.464917421,-1.173290372,0.213890702,-1.471856356,-0.605654061,-0.288861006,1.063053846,-0.156221375,1.539267898,-0.361408114,1.440126777,-0.985117376,-1.490123034,-0.812418342],""goal"":[-3.450000048,0.0,0.144999996],""robot_root_angular_velocity"":[-0.641172588,0.957930326,1.166464686],""robot_root_linear_velocity"":[0.107858129,-0.061188579,0.207180291],""robot_root_pose"":[2.304544687,-0.00031296,0.805772424,0.016877344,0.006440034,0.99978596,-0.010084333]}",PI policy,True,1|smooth_hold|-box_x|0.1|0.5,3140,1,11399,12044.0,645.0,160,560,0.7173563022501287,1.1036250591278076,0.9982142857142857,1.0,0.5853747725486755,0.1979967129948948,1.3832072019577026,2.6729557514190674,-5.277206373590577,6.369928359985352,0.10325494861878853,0.7107009887695312,6.2709224947595175,0.08842898602724741
pi,T0020,legged_gym/logs/Jul09_from_55500/model_73500.pt,1,smooth_hold,-box_x,0.1,1.0,0.1,0.15,0.15,1.125,1.1036250591278076,1.2691688263069467,0,,1,0.5497762560844421,-0.6267755627632141,-0.3269473314285278,1,0,0.6057521104812622,bee262728300dd462653fa8b2f6f0d1a38031b26,"{""box_angular_velocity"":[0.042778268,-0.29388997,-0.02081649],""box_linear_velocity"":[0.114865698,-0.001759686,-0.146932617],""box_mass"":1.125,""box_pose"":[0.552072048,-2.8359e-05,0.133436233,-0.001966522,-0.002033486,0.764158726,0.645021915],""dof_position"":[-0.115199916,-0.064922445,-0.012218203,0.300201774,-0.195445493,-0.019019129,-0.08305636,0.029252548,0.001344653,0.296153605,-0.224336758,0.039536756,0.047609247,0.019144323,-0.040161937,-0.043114316,0.18191725,0.012181526,1.148511887,0.007905912,-0.077887304,0.053509824,-0.037676584,-0.151084796,0.008135687,1.154527783,-0.11161533,0.014339966,-0.00770844],""dof_velocity"":[1.487369776,0.70707345,2.075722933,-2.436790943,1.293500304,0.713290095,1.511840463,-0.996070862,-2.000873804,-1.055755377,1.434424281,-2.255409002,-2.375049591,-0.349870265,0.612470388,2.464036226,-1.162475586,0.216358364,-1.478804588,-0.624960482,-0.280837715,1.066961527,-0.164373562,1.554573655,-0.360114902,1.448170543,-1.003446937,-1.506274819,-0.814161241],""goal"":[-3.450000048,0.0,0.144999996],""robot_root_angular_velocity"":[-0.635606587,0.959279597,1.148229837],""robot_root_linear_velocity"":[0.107894853,-0.061386865,0.20746839],""robot_root_pose"":[2.304532528,-0.000317834,0.805778265,0.016799565,0.006407396,0.999790072,-0.009821377]}",PI policy,True,1|smooth_hold|-box_x|0.1|1.0,2344,1,12185,12606.0,421.0,260,660,1.2691688263069467,1.1036250591278076,0.9984848484848485,1.0,0.5612114071846008,0.21230631954121318,1.425092697143555,2.7006428241729736,-0.694681516780772,19.545209884643555,0.10216848389227927,0.8584593534469604,3.7545237870153154,0.06115552195597319
pi,T0021,legged_gym/logs/Jul09_from_55500/model_73500.pt,1,smooth_hold,-box_x,0.1,2.0,0.1,0.15,0.15,1.125,1.1036250591278076,2.372793892677425,0,,1,0.5362852811813354,-0.3441182076931,-0.1775491535663604,1,0,0.5730576515197754,5cf28c06b4f5c01122b41805dd6169ba1e292293,"{""box_angular_velocity"":[-0.437885374,-0.153680876,-0.192338958],""box_linear_velocity"":[0.11087665,-0.005855552,-0.149608463],""box_mass"":1.125,""box_pose"":[0.552018702,-0.000100894,0.133394957,-0.003764899,0.002018075,0.763134778,0.646225095],""dof_position"":[-0.114831112,-0.063896075,-0.01211235,0.300152123,-0.195706606,-0.019026438,-0.083126478,0.030202014,0.001384068,0.296172112,-0.224246159,0.039550625,0.048163831,0.020008968,-0.040221099,-0.042750705,0.181736022,0.012180461,1.148388505,0.00781095,-0.078036219,0.053640671,-0.037711367,-0.151232049,0.008168879,1.154584885,-0.11176078,0.014347966,-0.007589432],""dof_velocity"":[1.495048046,0.726786673,2.048309803,-2.428910494,1.28967917,0.720507741,1.509121299,-0.979328394,-2.030574799,-1.055161357,1.428310394,-2.246969938,-2.373837233,-0.332116753,0.612381756,2.47248745,-1.157970309,0.217665821,-1.465795994,-0.63360393,-0.298939556,1.069152236,-0.170245692,1.560979843,-0.362728864,1.451639891,-1.018278122,-1.505036712,-0.810753524],""goal"":[-3.450000048,0.0,0.144999996],""robot_root_angular_velocity"":[-0.613237619,0.960952461,1.13070333],""robot_root_linear_velocity"":[0.106657341,-0.059679274,0.20710516],""robot_root_pose"":[2.304503679,-0.000348378,0.805776,0.016835885,0.006025905,0.999795616,-0.009433461]}",PI policy,True,1|smooth_hold|-box_x|0.1|2.0,2524,1,12772,13188.0,416.0,460,860,2.372793892677425,1.1036250591278076,0.9988372093023256,1.0,0.5362852811813354,0.1718182173449286,1.651419758796692,2.873622179031372,-1.0936390909994411,18.356990814208984,0.08411165035646516,0.77137291431427,3.3466088969953534,0.04793198795740923
pi,T0022,legged_gym/logs/Jul09_from_55500/model_73500.pt,1,smooth_hold,-box_x,0.3,0.5,0.1,0.15,0.15,1.125,3.310875177383423,2.152068903325446,0,,0,0.469418466091156,-0.5214695930480957,-0.2842190861701965,1,0,0.4398735761642456,b5303e241f2365f2c19aa215d0e1f783cd8e07bf,"{""box_angular_velocity"":[-0.229890957,-0.400473982,-0.130438298],""box_linear_velocity"":[0.112437725,-0.003226179,-0.148721024],""box_mass"":1.125,""box_pose"":[0.552028179,-5.7788e-05,0.133407786,-0.00432765,-0.001015448,0.763420999,0.645885766],""dof_position"":[-0.114843644,-0.064150691,-0.01214973,0.300160587,-0.195654586,-0.019024851,-0.08304964,0.029939458,0.001324925,0.296192735,-0.224293381,0.039556488,0.048211649,0.019997921,-0.040227622,-0.042556271,0.181248188,0.012059774,1.148158431,0.008028097,-0.078099772,0.053887337,-0.037864659,-0.151493996,0.008034495,1.154807448,-0.111608826,0.014436999,-0.007535963],""dof_velocity"":[1.495372415,0.716712832,2.051918745,-2.429697275,1.290766001,0.717617452,1.513376236,-0.989733577,-2.027662277,-1.054739237,1.428398252,-2.250202656,-2.368062019,-0.334604651,0.610515714,2.47335887,-1.177176714,0.211570188,-1.45453608,-0.623115182,-0.316229641,1.07151866,-0.168255016,1.549686313,-0.3603926,1.442920208,-1.001992106,-1.488156319,-0.813964009],""goal"":[-3.450000048,0.0,0.144999996],""robot_root_angular_velocity"":[-0.622055888,0.962811232,1.140178323],""robot_root_linear_velocity"":[0.106575318,-0.060263488,0.20738402],""robot_root_pose"":[2.30450964,-0.000356358,0.805782259,0.016855504,0.006108045,0.999793828,-0.009534535]}",PI policy,True,1|smooth_hold|-box_x|0.3|0.5,2360,1,13404,13854.0,450.0,160,560,2.152068903325446,3.310875177383423,0.9928571428571429,1.0,0.4711277484893799,0.23847560354375413,1.4235775470733645,2.7357163429260254,7.446550050816898,72.67071533203125,0.10659441640434254,0.7901573181152344,9.523168135141688,0.12678586533030672
pi,T0023,legged_gym/logs/Jul09_from_55500/model_73500.pt,1,smooth_hold,-box_x,0.3,1.0,0.1,0.15,0.15,1.125,3.310875177383423,3.807506489704661,0,,0,0.5020667314529419,-0.6347875595092773,-0.3508325219154358,1,0,0.5952383279800415,49b54e685c3775726ae78cb492944e4c5d43e961,"{""box_angular_velocity"":[-0.523575306,-0.588747799,-0.135039851],""box_linear_velocity"":[0.098954834,-0.004116989,-0.153059304],""box_mass"":1.125,""box_pose"":[0.551794589,-7.3672e-05,0.133335769,-0.007451943,-0.00021197,0.763360977,0.645929158],""dof_position"":[-0.114662774,-0.06402421,-0.012337741,0.300297081,-0.195620835,-0.019013833,-0.08266788,0.030151432,0.001229156,0.296243131,-0.224453136,0.039550181,0.04816559,0.020163447,-0.03997343,-0.042477306,0.181080028,0.011975168,1.147906184,0.008151585,-0.078037083,0.054010596,-0.037671663,-0.151297987,0.008095796,1.154592752,-0.111551985,0.014452228,-0.007784084],""dof_velocity"":[1.481866241,0.723414242,2.055340528,-2.434030056,1.303911328,0.719056904,1.502758861,-0.980234504,-2.023857355,-1.046921849,1.42865777,-2.248230934,-2.364044189,-0.333554566,0.589704752,2.480595589,-1.183120728,0.212506518,-1.448467255,-0.61077255,-0.327004731,1.071877718,-0.158856347,1.562065601,-0.362320393,1.456297994,-1.006424189,-1.502244115,-0.821132362],""goal"":[-3.450000048,0.0,0.144999996],""robot_root_angular_velocity"":[-0.616897166,0.954524815,1.142999411],""robot_root_linear_velocity"":[0.108022422,-0.058838565,0.206231311],""robot_root_pose"":[2.304550409,-0.000340783,0.805763841,0.017008116,0.006026044,0.999790907,-0.009623127]}",PI policy,True,1|smooth_hold|-box_x|0.3|1.0,2140,1,13995,14365.0,370.0,260,660,3.807506489704661,3.310875177383423,1.0,0.0,0.5038633346557617,0.23731265792228057,1.5282312631607056,2.619870185852051,-1.1219387779746093,18.647979736328125,0.11473922358709385,0.4804393351078033,4.18079374048746,0.07304276423321532
pi,T0024,legged_gym/logs/Jul09_from_55500/model_73500.pt,1,smooth_hold,-box_x,0.3,2.0,0.1,0.15,0.15,1.125,3.310875177383423,7.118381652807601,0,,1,2.975050210952759,-1.1446434259414673,-0.83708655834198,0,0,0.1893502026796341,33d0208973a93736d541f75c1419e11ec4188803,"{""box_angular_velocity"":[0.006661841,-0.309753567,-0.035179719],""box_linear_velocity"":[0.112452328,-0.002225378,-0.147713304],""box_mass"":1.125,""box_pose"":[0.552032471,-3.6421e-05,0.133423626,-0.002281537,-0.001881798,0.764077783,0.645117223],""dof_position"":[-0.114850789,-0.064712085,-0.012202019,0.300258338,-0.195561707,-0.019031055,-0.082535714,0.02943998,0.001328672,0.296063483,-0.2245747,0.039533567,0.047610663,0.019238608,-0.040044539,-0.043025769,0.181967363,0.012171112,1.148509502,0.007924774,-0.077859119,0.053489909,-0.037548345,-0.150991902,0.00817955,1.154512405,-0.111633159,0.014341366,-0.007757017],""dof_velocity"":[1.500818968,0.713789046,2.073575974,-2.436755657,1.295968294,0.714971781,1.534561157,-0.990208626,-2.004259109,-1.057643175,1.427591085,-2.253156662,-2.376793623,-0.349287003,0.612355649,2.467516661,-1.15981257,0.220177501,-1.472437859,-0.619274735,-0.282717913,1.065463901,-0.160296634,1.561334252,-0.364671022,1.45732522,-1.011236548,-1.511439085,-0.813843489],""goal"":[-3.450000048,0.0,0.144999996],""robot_root_angular_velocity"":[-0.631652236,0.96848768,1.149403214],""robot_root_linear_velocity"":[0.105294891,-0.060308591,0.207119733],""robot_root_pose"":[2.304502487,-0.00030556,0.805772364,0.016927624,0.006345116,0.999788344,-0.00981549]}",PI policy,True,1|smooth_hold|-box_x|0.3|2.0,2492,1,14531,14939.0,408.0,460,860,7.118381652807601,3.310875177383423,0.8127906976744186,1.0,3.016276836395264,0.4175875051640147,2.900356769561768,12.078276634216309,-2.256580839700304,20.429201126098636,0.23155004011662028,1.0,4.046013749009648,0.08699170526851109
pi,T0025,legged_gym/logs/Jul09_from_55500/model_73500.pt,1,smooth_hold,-box_x,0.5,0.5,0.1,0.15,0.15,1.125,5.518125057220459,3.5867813464764,0,,0,0.454352855682373,-0.1741077303886413,0.0454173572361469,1,0,0.6186634302139282,8686b8759e303de1b9dcd8c4226ee5761c093f21,"{""box_angular_velocity"":[0.052818909,-0.617193997,0.097779892],""box_linear_velocity"":[0.099004783,0.001751711,-0.153116554],""box_mass"":1.125,""box_pose"":[0.551801264,2.9169e-05,0.133338079,-0.004432955,-0.004249581,0.764709473,0.64434588],""dof_position"":[-0.115173273,-0.065072939,-0.012358559,0.300250351,-0.195336089,-0.019023187,-0.082784683,0.029120829,0.001185883,0.296218961,-0.224485591,0.03952783,0.047393195,0.019156681,-0.040112667,-0.043043997,0.18166624,0.012035387,1.148338437,0.008116276,-0.077845,0.0535734,-0.037792016,-0.151439279,0.007985869,1.154733062,-0.111371219,0.014442697,-0.007521289],""dof_velocity"":[1.482971191,0.704375625,2.087524414,-2.442824841,1.301244497,0.711632669,1.513340116,-0.998463988,-1.990904808,-1.051182866,1.436479807,-2.257259607,-2.372484446,-0.354048729,0.600233555,2.464917421,-1.173290372,0.213890702,-1.471856356,-0.605654061,-0.288861006,1.063053846,-0.156221375,1.539267898,-0.361408114,1.440126777,-0.985117376,-1.490123034,-0.812418342],""goal"":[-3.450000048,0.0,0.144999996],""robot_root_angular_velocity"":[-0.641172588,0.957930326,1.166464686],""robot_root_linear_velocity"":[0.107858129,-0.061188579,0.207180291],""robot_root_pose"":[2.304544687,-0.00031296,0.805772424,0.016877344,0.006440034,0.99978596,-0.010084333]}",PI policy,True,1|smooth_hold|-box_x|0.5|0.5,2436,1,15155,15624.0,469.0,160,560,3.5867813464764,5.518125057220459,1.0,0.0,0.4554173052310943,0.22403566144140705,1.4158294200897217,2.788515090942383,-2.6479895061813297,12.45973014831543,0.12013894976607839,0.4730381965637207,4.197549906399633,0.07089112083277926
pi,T0026,legged_gym/logs/Jul09_from_55500/model_73500.pt,1,smooth_hold,-box_x,0.5,1.0,0.1,0.15,0.15,1.125,5.518125057220459,6.345844368524597,0,,1,2.4236857891082764,0.6550149321556091,0.1401408612728119,0,0,0.3104237020015716,b37d1a34b504a21fd416095ed82af6e900cfd110,"{""box_angular_velocity"":[0.0,0.0,0.0],""box_linear_velocity"":[0.0,0.0,-0.196175486],""box_mass"":1.125,""box_pose"":[0.549999952,0.0,0.132547736,0.0,0.0,0.764192939,0.644987702],""dof_position"":[-0.115593508,-0.064746052,-0.012320553,0.300360948,-0.195070326,-0.019001871,-0.083475702,0.029394845,0.001167293,0.296318293,-0.223998114,0.039558936,0.048016004,0.019729495,-0.039579578,-0.042687569,0.180484638,0.011865744,1.147352099,0.008331287,-0.078113355,0.05443877,-0.03782244,-0.151108593,0.008053473,1.154164195,-0.111383066,0.014411789,-0.00821572],""dof_velocity"":[1.460155487,0.702920616,2.068506956,-2.447604179,1.321188092,0.714539647,1.485135555,-1.002265334,-2.011068106,-1.06355381,1.450716734,-2.256109238,-2.361958027,-0.34181416,0.623745561,2.463394165,-1.212964773,0.20323807,-1.455058575,-0.60581696,-0.349257767,1.082467079,-0.168251291,1.565045118,-0.356730878,1.445312738,-0.988606036,-1.515213132,-0.839687943],""goal"":[-3.450000048,0.0,0.144999996],""robot_root_angular_velocity"":[-0.634959042,0.955117822,1.158339977],""robot_root_linear_velocity"":[0.119195879,-0.061470948,0.209652379],""robot_root_pose"":[2.304764509,-0.000354351,0.805820525,0.016868409,0.006288042,0.999789476,-0.009845998]}",PI policy,True,1|smooth_hold|-box_x|0.5|1.0,2596,1,15765,16249.0,484.0,260,660,6.345844368524597,5.518125534057617,0.7015151515151515,1.0,2.5754287242889404,0.47740772590323377,2.3501768112182617,9.84047031402588,0.019934416807849298,23.545001983642575,0.28848269823762224,1.0,3.2722226963942926,0.07368502005931185
pi,T0027,legged_gym/logs/Jul09_from_55500/model_73500.pt,1,smooth_hold,-box_x,0.5,2.0,0.1,0.15,0.15,1.125,5.518125057220459,11.863968927309486,0,,1,2.881324052810669,0.5586850047111511,-0.2629360258579254,0,1,0.0340278632938861,8686b8759e303de1b9dcd8c4226ee5761c093f21,"{""box_angular_velocity"":[0.052818909,-0.617193997,0.097779892],""box_linear_velocity"":[0.099004783,0.001751711,-0.153116554],""box_mass"":1.125,""box_pose"":[0.551801264,2.9169e-05,0.133338079,-0.004432955,-0.004249581,0.764709473,0.64434588],""dof_position"":[-0.115173273,-0.065072939,-0.012358559,0.300250351,-0.195336089,-0.019023187,-0.082784683,0.029120829,0.001185883,0.296218961,-0.224485591,0.03952783,0.047393195,0.019156681,-0.040112667,-0.043043997,0.18166624,0.012035387,1.148338437,0.008116276,-0.077845,0.0535734,-0.037792016,-0.151439279,0.007985869,1.154733062,-0.111371219,0.014442697,-0.007521289],""dof_velocity"":[1.482971191,0.704375625,2.087524414,-2.442824841,1.301244497,0.711632669,1.513340116,-0.998463988,-1.990904808,-1.051182866,1.436479807,-2.257259607,-2.372484446,-0.354048729,0.600233555,2.464917421,-1.173290372,0.213890702,-1.471856356,-0.605654061,-0.288861006,1.063053846,-0.156221375,1.539267898,-0.361408114,1.440126777,-0.985117376,-1.490123034,-0.812418342],""goal"":[-3.450000048,0.0,0.144999996],""robot_root_angular_velocity"":[-0.641172588,0.957930326,1.166464686],""robot_root_linear_velocity"":[0.107858129,-0.061188579,0.207180291],""robot_root_pose"":[2.304544687,-0.00031296,0.805772424,0.016877344,0.006440034,0.99978596,-0.010084333]}",PI policy,True,1|smooth_hold|-box_x|0.5|2.0,3032,1,16415,16958.0,543.0,460,860,11.863968927309486,5.518125057220459,0.6174418604651163,1.0,2.978332757949829,0.6041849007440168,2.9410440921783447,6.749892234802246,-0.43782473477849,10.038376808166504,0.3757279651017513,1.0,4.249158354608212,0.1684477829677975
pi,T0028,legged_gym/logs/Jul09_from_55500/model_73500.pt,1,smooth_hold,-box_x,0.7,0.5,0.1,0.15,0.15,1.125,7.725375,0.0,1,base_tilt,0,,,,0,0,4.007104396820068,8686b8759e303de1b9dcd8c4226ee5761c093f21,"{""box_angular_velocity"":[0.052818909,-0.617193997,0.097779892],""box_linear_velocity"":[0.099004783,0.001751711,-0.153116554],""box_mass"":1.125,""box_pose"":[0.551801264,2.9169e-05,0.133338079,-0.004432955,-0.004249581,0.764709473,0.64434588],""dof_position"":[-0.115173273,-0.065072939,-0.012358559,0.300250351,-0.195336089,-0.019023187,-0.082784683,0.029120829,0.001185883,0.296218961,-0.224485591,0.03952783,0.047393195,0.019156681,-0.040112667,-0.043043997,0.18166624,0.012035387,1.148338437,0.008116276,-0.077845,0.0535734,-0.037792016,-0.151439279,0.007985869,1.154733062,-0.111371219,0.014442697,-0.007521289],""dof_velocity"":[1.482971191,0.704375625,2.087524414,-2.442824841,1.301244497,0.711632669,1.513340116,-0.998463988,-1.990904808,-1.051182866,1.436479807,-2.257259607,-2.372484446,-0.354048729,0.600233555,2.464917421,-1.173290372,0.213890702,-1.471856356,-0.605654061,-0.288861006,1.063053846,-0.156221375,1.539267898,-0.361408114,1.440126777,-0.985117376,-1.490123034,-0.812418342],""goal"":[-3.450000048,0.0,0.144999996],""robot_root_angular_velocity"":[-0.641172588,0.957930326,1.166464686],""robot_root_linear_velocity"":[0.107858129,-0.061188579,0.207180291],""robot_root_pose"":[2.304544687,-0.00031296,0.805772424,0.016877344,0.006440034,0.99978596,-0.010084333]}",PI policy,False,1|smooth_hold|-box_x|0.7|0.5,144,0,17174,,,0,0,0.0,,,,,,,,,,,,,
pi,T0029,legged_gym/logs/Jul09_from_55500/model_73500.pt,1,smooth_hold,-box_x,0.7,1.0,0.1,0.15,0.15,1.125,7.725375,0.0,1,base_tilt,0,,,,0,0,4.000012397766113,8686b8759e303de1b9dcd8c4226ee5761c093f21,"{""box_angular_velocity"":[0.052818909,-0.617193997,0.097779892],""box_linear_velocity"":[0.099004783,0.001751711,-0.153116554],""box_mass"":1.125,""box_pose"":[0.551801264,2.9169e-05,0.133338079,-0.004432955,-0.004249581,0.764709473,0.64434588],""dof_position"":[-0.115173273,-0.065072939,-0.012358559,0.300250351,-0.195336089,-0.019023187,-0.082784683,0.029120829,0.001185883,0.296218961,-0.224485591,0.03952783,0.047393195,0.019156681,-0.040112667,-0.043043997,0.18166624,0.012035387,1.148338437,0.008116276,-0.077845,0.0535734,-0.037792016,-0.151439279,0.007985869,1.154733062,-0.111371219,0.014442697,-0.007521289],""dof_velocity"":[1.482971191,0.704375625,2.087524414,-2.442824841,1.301244497,0.711632669,1.513340116,-0.998463988,-1.990904808,-1.051182866,1.436479807,-2.257259607,-2.372484446,-0.354048729,0.600233555,2.464917421,-1.173290372,0.213890702,-1.471856356,-0.605654061,-0.288861006,1.063053846,-0.156221375,1.539267898,-0.361408114,1.440126777,-0.985117376,-1.490123034,-0.812418342],""goal"":[-3.450000048,0.0,0.144999996],""robot_root_angular_velocity"":[-0.641172588,0.957930326,1.166464686],""robot_root_linear_velocity"":[0.107858129,-0.061188579,0.207180291],""robot_root_pose"":[2.304544687,-0.00031296,0.805772424,0.016877344,0.006440034,0.99978596,-0.010084333]}",PI policy,False,1|smooth_hold|-box_x|0.7|1.0,272,0,17211,,,0,0,0.0,,,,,,,,,,,,,
pi,T0030,legged_gym/logs/Jul09_from_55500/model_73500.pt,1,smooth_hold,-box_x,0.7,2.0,0.1,0.15,0.15,1.125,7.725375175476074,16.609556690073415,0,,1,3.10539984703064,1.3865909576416016,0.9197556972503662,0,0,0.7151324152946472,8686b8759e303de1b9dcd8c4226ee5761c093f21,"{""box_angular_velocity"":[0.052818909,-0.617193997,0.097779892],""box_linear_velocity"":[0.099004783,0.001751711,-0.153116554],""box_mass"":1.125,""box_pose"":[0.551801264,2.9169e-05,0.133338079,-0.004432955,-0.004249581,0.764709473,0.64434588],""dof_position"":[-0.115173273,-0.065072939,-0.012358559,0.300250351,-0.195336089,-0.019023187,-0.082784683,0.029120829,0.001185883,0.296218961,-0.224485591,0.03952783,0.047393195,0.019156681,-0.040112667,-0.043043997,0.18166624,0.012035387,1.148338437,0.008116276,-0.077845,0.0535734,-0.037792016,-0.151439279,0.007985869,1.154733062,-0.111371219,0.014442697,-0.007521289],""dof_velocity"":[1.482971191,0.704375625,2.087524414,-2.442824841,1.301244497,0.711632669,1.513340116,-0.998463988,-1.990904808,-1.051182866,1.436479807,-2.257259607,-2.372484446,-0.354048729,0.600233555,2.464917421,-1.173290372,0.213890702,-1.471856356,-0.605654061,-0.288861006,1.063053846,-0.156221375,1.539267898,-0.361408114,1.440126777,-0.985117376,-1.490123034,-0.812418342],""goal"":[-3.450000048,0.0,0.144999996],""robot_root_angular_velocity"":[-0.641172588,0.957930326,1.166464686],""robot_root_linear_velocity"":[0.107858129,-0.061188579,0.207180291],""robot_root_pose"":[2.304544687,-0.00031296,0.805772424,0.016877344,0.006440034,0.99978596,-0.010084333]}",PI policy,True,1|smooth_hold|-box_x|0.7|2.0,3200,1,17280,17865.0,585.0,460,860,16.609556690073415,7.725375175476074,0.45813953488372094,1.0,3.2002553939819336,0.725765627449335,3.038663387298584,9.93328094482422,5.207981062609009,119.75360107421876,0.48142663665998425,1.0,7.477908521617741,0.15971987801928852
pi,T0031,legged_gym/logs/Jul09_from_55500/model_73500.pt,1,smooth_hold,-box_x,0.9,0.5,0.1,0.15,0.15,1.125,9.932625,0.0,1,timeout,0,,,,0,0,4.000012397766113,8686b8759e303de1b9dcd8c4226ee5761c093f21,"{""box_angular_velocity"":[0.052818909,-0.617193997,0.097779892],""box_linear_velocity"":[0.099004783,0.001751711,-0.153116554],""box_mass"":1.125,""box_pose"":[0.551801264,2.9169e-05,0.133338079,-0.004432955,-0.004249581,0.764709473,0.64434588],""dof_position"":[-0.115173273,-0.065072939,-0.012358559,0.300250351,-0.195336089,-0.019023187,-0.082784683,0.029120829,0.001185883,0.296218961,-0.224485591,0.03952783,0.047393195,0.019156681,-0.040112667,-0.043043997,0.18166624,0.012035387,1.148338437,0.008116276,-0.077845,0.0535734,-0.037792016,-0.151439279,0.007985869,1.154733062,-0.111371219,0.014442697,-0.007521289],""dof_velocity"":[1.482971191,0.704375625,2.087524414,-2.442824841,1.301244497,0.711632669,1.513340116,-0.998463988,-1.990904808,-1.051182866,1.436479807,-2.257259607,-2.372484446,-0.354048729,0.600233555,2.464917421,-1.173290372,0.213890702,-1.471856356,-0.605654061,-0.288861006,1.063053846,-0.156221375,1.539267898,-0.361408114,1.440126777,-0.985117376,-1.490123034,-0.812418342],""goal"":[-3.450000048,0.0,0.144999996],""robot_root_angular_velocity"":[-0.641172588,0.957930326,1.166464686],""robot_root_linear_velocity"":[0.107858129,-0.061188579,0.207180291],""robot_root_pose"":[2.304544687,-0.00031296,0.805772424,0.016877344,0.006440034,0.99978596,-0.010084333]}",PI policy,False,1|smooth_hold|-box_x|0.9|0.5,6004,0,18081,,,0,0,0.0,,,,,,,,,,,,,
pi,T0032,legged_gym/logs/Jul09_from_55500/model_73500.pt,1,smooth_hold,-box_x,0.9,1.0,0.1,0.15,0.15,1.125,9.932624816894531,11.422518653533926,0,,1,0.4963454306125641,-0.5335834622383118,-0.2502279877662658,1,0,0.4966937899589538,8686b8759e303de1b9dcd8c4226ee5761c093f21,"{""box_angular_velocity"":[0.052818909,-0.617193997,0.097779892],""box_linear_velocity"":[0.099004783,0.001751711,-0.153116554],""box_mass"":1.125,""box_pose"":[0.551801264,2.9169e-05,0.133338079,-0.004432955,-0.004249581,0.764709473,0.64434588],""dof_position"":[-0.115173273,-0.065072939,-0.012358559,0.300250351,-0.195336089,-0.019023187,-0.082784683,0.029120829,0.001185883,0.296218961,-0.224485591,0.03952783,0.047393195,0.019156681,-0.040112667,-0.043043997,0.18166624,0.012035387,1.148338437,0.008116276,-0.077845,0.0535734,-0.037792016,-0.151439279,0.007985869,1.154733062,-0.111371219,0.014442697,-0.007521289],""dof_velocity"":[1.482971191,0.704375625,2.087524414,-2.442824841,1.301244497,0.711632669,1.513340116,-0.998463988,-1.990904808,-1.051182866,1.436479807,-2.257259607,-2.372484446,-0.354048729,0.600233555,2.464917421,-1.173290372,0.213890702,-1.471856356,-0.605654061,-0.288861006,1.063053846,-0.156221375,1.539267898,-0.361408114,1.440126777,-0.985117376,-1.490123034,-0.812418342],""goal"":[-3.450000048,0.0,0.144999996],""robot_root_angular_velocity"":[-0.641172588,0.957930326,1.166464686],""robot_root_linear_velocity"":[0.107858129,-0.061188579,0.207180291],""robot_root_pose"":[2.304544687,-0.00031296,0.805772424,0.016877344,0.006440034,0.99978596,-0.010084333]}",PI policy,True,1|smooth_hold|-box_x|0.9|1.0,2844,1,19583,20129.0,546.0,260,660,11.422518653533926,9.932624816894531,0.9848484848484849,1.0,0.5026090741157532,0.233208161629172,1.4170266389846802,3.016132116317749,-2.2933126079744066,43.582515716552734,0.13412897938467336,0.996115744113922,4.620635122289373,0.08334532005448467
pi,T0033,legged_gym/logs/Jul09_from_55500/model_73500.pt,1,smooth_hold,-box_x,0.9,2.0,0.1,0.15,0.15,1.125,9.932624816894531,21.355143506391027,0,,0,0.430887758731842,-0.3476292788982391,-0.0917800664901733,1,0,0.552681565284729,31b7b6fd2e55d734de43e298fbcee9b115723851,"{""box_angular_velocity"":[0.165757179,-0.568535805,0.06037423],""box_linear_velocity"":[0.0957224,0.000646281,-0.15481469],""box_mass"":1.125,""box_pose"":[0.551739097,8.385e-06,0.133306444,-0.003437006,-0.004780316,0.764445543,0.644661248],""dof_position"":[-0.115119889,-0.065090224,-0.012307026,0.300316364,-0.195352644,-0.019034337,-0.082815699,0.029082626,0.001212814,0.296247602,-0.224384576,0.039522663,0.04766072,0.019080682,-0.039956577,-0.042734616,0.181244656,0.011978773,1.147928953,0.008299234,-0.077979527,0.053976394,-0.037621167,-0.151089519,0.008062545,1.15451467,-0.111392297,0.014405881,-0.007881341],""dof_velocity"":[1.479692578,0.701466203,2.079077959,-2.437473774,1.303670168,0.711790621,1.511091232,-1.002045155,-1.99981153,-1.054559112,1.440713763,-2.257453442,-2.368164539,-0.35680598,0.604519367,2.467395544,-1.1906991,0.210665748,-1.455434918,-0.601256847,-0.319375932,1.074657559,-0.157253876,1.555691004,-0.359323502,1.45201087,-0.987927496,-1.505408049,-0.823499799],""goal"":[-3.450000048,0.0,0.144999996],""robot_root_angular_velocity"":[-0.643220127,0.960612237,1.164399624],""robot_root_linear_velocity"":[0.1098435,-0.060191642,0.206395805],""robot_root_pose"":[2.304582357,-0.000292846,0.805760682,0.016927838,0.006473909,0.999785781,-0.00998778]}",PI policy,True,1|smooth_hold|-box_x|0.9|2.0,2560,1,20295,20720.0,425.0,460,860,21.355143506391027,9.932624816894531,1.0,0.0,0.4381389915943146,0.1746520259439252,1.3963030576705933,2.578709125518799,-2.5678171885882093,14.219648361206056,0.1375132163968966,0.6118656396865845,4.917348917183834,0.07648081336473991
pi,T0034,legged_gym/logs/Jul09_from_55500/model_73500.pt,1,smooth_hold,-box_x,1.1,0.5,0.1,0.15,0.15,1.125,12.13987636566162,7.890919721338825,0,,0,0.4653209745883941,-0.3705375790596008,-0.0919140577316284,1,0,0.6306599378585815,c58af53d7eda3617c38599f43d6893351d5cbd4f,"{""box_angular_velocity"":[0.0,0.0,0.0],""box_linear_velocity"":[0.0,0.0,-0.196175486],""box_mass"":1.125,""box_pose"":[0.549999952,0.0,0.132547736,0.0,0.0,0.764192939,0.644987702],""dof_position"":[-0.115584187,-0.064746358,-0.012321726,0.30036065,-0.195070714,-0.019001797,-0.083462663,0.029394593,0.001166575,0.29631418,-0.223997891,0.039558686,0.048014645,0.019731261,-0.039570909,-0.042688586,0.180483967,0.011866074,1.147352695,0.008331907,-0.078113146,0.05443871,-0.037823386,-0.151108816,0.008052696,1.154163361,-0.111383222,0.014411447,-0.008215741],""dof_velocity"":[1.459118128,0.702944815,2.068711042,-2.447558165,1.321303964,0.714534581,1.483798504,-1.002248406,-2.010879755,-1.06281662,1.450683236,-2.256110668,-2.361808062,-0.341883302,0.622514844,2.463708639,-1.212964892,0.20325999,-1.455008984,-0.605755866,-0.34932068,1.082443357,-0.168035045,1.565081716,-0.356710047,1.445467234,-0.988705754,-1.515287399,-0.839668274],""goal"":[-3.450000048,0.0,0.144999996],""robot_root_angular_velocity"":[-0.634968102,0.954188943,1.158186555],""robot_root_linear_velocity"":[0.119225048,-0.061477974,0.209644631],""robot_root_pose"":[2.304764748,-0.000354475,0.805820704,0.016872384,0.006287766,0.999789417,-0.009846795]}",PI policy,True,1|smooth_hold|-box_x|1.1|0.5,2232,1,20936,21354.0,418.0,160,560,7.890919721338825,12.13987636566162,1.0,0.0,0.4653209745883941,0.23457532781508883,1.5001834630966189,2.7171976566314697,-2.748149435790921,17.130205154418945,0.11900144769471285,0.4642107188701629,4.474032643490604,0.07441082328231065
pi,T0035,legged_gym/logs/Jul09_from_55500/model_73500.pt,1,smooth_hold,-box_x,1.1,1.0,0.1,0.15,0.15,1.125,12.13987636566162,13.960857951137683,0,,0,0.512549877166748,-0.4336817860603332,-0.1215548366308212,1,0,0.6514705419540405,24846e3a26dc5202cec14e5d1fb08073fc9530c4,"{""box_angular_velocity"":[-0.39286077,-0.317029715,-0.203733623],""box_linear_velocity"":[0.095706388,-0.004522304,-0.155354589],""box_mass"":1.125,""box_pose"":[0.551730514,-7.5504e-05,0.133287773,-0.004772079,0.000803246,0.763203323,0.646140277],""dof_position"":[-0.114812121,-0.064376883,-0.012326961,0.300144911,-0.195610449,-0.019008065,-0.082989022,0.029793542,0.00124159,0.296290249,-0.224275574,0.039556853,0.047784749,0.019848473,-0.039959706,-0.043046538,0.181699365,0.012124164,1.148365736,0.007847287,-0.077838443,0.053541251,-0.037683148,-0.151223704,0.00816696,1.154370904,-0.11164818,0.014447513,-0.007760419],""dof_velocity"":[1.477390289,0.717976868,2.063323975,-2.432187319,1.290222168,0.716739178,1.492346287,-0.985958397,-2.014934301,-1.055874944,1.442540169,-2.251065254,-2.377103806,-0.334215105,0.591941953,2.474163532,-1.163538098,0.216035381,-1.477437139,-0.625525594,-0.286079258,1.062955499,-0.161472574,1.558624029,-0.364868939,1.453347206,-1.016503453,-1.510082722,-0.81638211],""goal"":[-3.450000048,0.0,0.144999996],""robot_root_angular_velocity"":[-0.621032536,0.948279858,1.146304011],""robot_root_linear_velocity"":[0.109387442,-0.061106727,0.207509086],""robot_root_pose"":[2.304569721,-0.000354097,0.805782974,0.016919075,0.006154405,0.999790668,-0.009717884]}",PI policy,True,1|smooth_hold|-box_x|1.1|1.0,2336,1,21495,21914.0,419.0,260,660,13.960857951137683,12.13987636566162,1.0,0.0,0.512549877166748,0.2426016082789636,1.4560555219650269,2.597039699554444,-2.344503625485143,11.435097694396973,0.14897797909101373,0.551972508430481,4.581337527151812,0.07976959050645907
pi,T0036,legged_gym/logs/Jul09_from_55500/model_73500.pt,1,smooth_hold,-box_x,1.1,2.0,0.1,0.15,0.15,1.125,12.13987636566162,26.100734323107293,0,,1,2.479199171066284,0.6313639879226685,-0.0881566852331161,0,0,0.3728376924991607,b65440db37af73e745d49be6d81e1d4d6ce20b45,"{""box_angular_velocity"":[0.256559759,-0.009974728,-0.01271597],""box_linear_velocity"":[0.077806532,-0.002031167,-0.161827698],""box_mass"":1.125,""box_pose"":[0.551443875,-3.755e-05,0.133179799,0.001406801,-0.001907996,0.764004052,0.645207047],""dof_position"":[-0.115207359,-0.064680338,-0.012172709,0.300195158,-0.19543682,-0.018991582,-0.083375245,0.029447896,0.001359875,0.29620567,-0.224115476,0.03958226,0.048345812,0.019907273,-0.040018924,-0.042464294,0.180667311,0.011945911,1.147729397,0.008155784,-0.078215033,0.054209266,-0.037995499,-0.151870206,0.00795336,1.154658914,-0.111438215,0.014418875,-0.00745193],""dof_velocity"":[1.481458068,0.695869148,2.055411816,-2.433186531,1.298604608,0.712825716,1.501186013,-1.00907588,-2.021987677,-1.060451627,1.436488748,-2.256164789,-2.359921455,-0.336773664,0.623762608,2.468009472,-1.201134086,0.206260502,-1.449276328,-0.619023561,-0.341212362,1.076491952,-0.175846383,1.53330493,-0.362678707,1.43674469,-0.993591309,-1.490616798,-0.815079689],""goal"":[-3.450000048,0.0,0.144999996],""robot_root_angular_velocity"":[-0.634675086,0.960156024,1.141722322],""robot_root_linear_velocity"":[0.112335593,-0.063403018,0.208558455],""robot_root_pose"":[2.304611683,-0.000403241,0.80580169,0.016806072,0.006255767,0.99979347,-0.009561839]}",PI policy,True,1|smooth_hold|-box_x|1.1|2.0,2936,1,22080,22599.0,519.0,460,860,26.100734323107293,12.13987636566162,0.8058139534883721,1.0,2.6414272785186768,0.31502085206380415,2.5644805431365967,5.0309834480285645,0.9913801393861514,10.435718536376951,0.20451315310045937,1.0,3.711623534490896,0.06784287480027262
pi,T0037,legged_gym/logs/Jul09_from_55500/model_73500.pt,1,smooth_hold,+box_y,0.1,0.5,0.1,0.15,0.15,1.125,1.1036250591278076,0.7173562989619777,0,,1,2.7586662769317627,0.7771679162979126,0.5757459402084351,0,0,0.1557931900024414,8686b8759e303de1b9dcd8c4226ee5761c093f21,"{""box_angular_velocity"":[0.052818909,-0.617193997,0.097779892],""box_linear_velocity"":[0.099004783,0.001751711,-0.153116554],""box_mass"":1.125,""box_pose"":[0.551801264,2.9169e-05,0.133338079,-0.004432955,-0.004249581,0.764709473,0.64434588],""dof_position"":[-0.115173273,-0.065072939,-0.012358559,0.300250351,-0.195336089,-0.019023187,-0.082784683,0.029120829,0.001185883,0.296218961,-0.224485591,0.03952783,0.047393195,0.019156681,-0.040112667,-0.043043997,0.18166624,0.012035387,1.148338437,0.008116276,-0.077845,0.0535734,-0.037792016,-0.151439279,0.007985869,1.154733062,-0.111371219,0.014442697,-0.007521289],""dof_velocity"":[1.482971191,0.704375625,2.087524414,-2.442824841,1.301244497,0.711632669,1.513340116,-0.998463988,-1.990904808,-1.051182866,1.436479807,-2.257259607,-2.372484446,-0.354048729,0.600233555,2.464917421,-1.173290372,0.213890702,-1.471856356,-0.605654061,-0.288861006,1.063053846,-0.156221375,1.539267898,-0.361408114,1.440126777,-0.985117376,-1.490123034,-0.812418342],""goal"":[-3.450000048,0.0,0.144999996],""robot_root_angular_velocity"":[-0.641172588,0.957930326,1.166464686],""robot_root_linear_velocity"":[0.107858129,-0.061188579,0.207180291],""robot_root_pose"":[2.304544687,-0.00031296,0.805772424,0.016877344,0.006440034,0.99978596,-0.010084333]}",PI policy,True,1|smooth_hold|+box_y|0.1|0.5,2908,1,22815,23402.0,587.0,160,560,0.7173562989619777,1.1036250591278076,0.8214285714285714,1.0,2.857785701751709,0.3525722275621125,2.701046705245972,5.463292121887207,1.846663227670693,21.81367492675781,0.1602327391950114,1.0,2.964150007774255,0.07345363332816691
pi,T0038,legged_gym/logs/Jul09_from_55500/model_73500.pt,1,smooth_hold,+box_y,0.1,1.0,0.1,0.15,0.15,1.125,1.1036250591278076,1.269168828116914,0,,0,0.4672282338142395,-0.5050098896026611,-0.3019776940345764,1,0,0.537666916847229,8686b8759e303de1b9dcd8c4226ee5761c093f21,"{""box_angular_velocity"":[0.052818909,-0.617193997,0.097779892],""box_linear_velocity"":[0.099004783,0.001751711,-0.153116554],""box_mass"":1.125,""box_pose"":[0.551801264,2.9169e-05,0.133338079,-0.004432955,-0.004249581,0.764709473,0.64434588],""dof_position"":[-0.115173273,-0.065072939,-0.012358559,0.300250351,-0.195336089,-0.019023187,-0.082784683,0.029120829,0.001185883,0.296218961,-0.224485591,0.03952783,0.047393195,0.019156681,-0.040112667,-0.043043997,0.18166624,0.012035387,1.148338437,0.008116276,-0.077845,0.0535734,-0.037792016,-0.151439279,0.007985869,1.154733062,-0.111371219,0.014442697,-0.007521289],""dof_velocity"":[1.482971191,0.704375625,2.087524414,-2.442824841,1.301244497,0.711632669,1.513340116,-0.998463988,-1.990904808,-1.051182866,1.436479807,-2.257259607,-2.372484446,-0.354048729,0.600233555,2.464917421,-1.173290372,0.213890702,-1.471856356,-0.605654061,-0.288861006,1.063053846,-0.156221375,1.539267898,-0.361408114,1.440126777,-0.985117376,-1.490123034,-0.812418342],""goal"":[-3.450000048,0.0,0.144999996],""robot_root_angular_velocity"":[-0.641172588,0.957930326,1.166464686],""robot_root_linear_velocity"":[0.107858129,-0.061188579,0.207180291],""robot_root_pose"":[2.304544687,-0.00031296,0.805772424,0.016877344,0.006440034,0.99978596,-0.010084333]}",PI policy,True,1|smooth_hold|+box_y|0.1|1.0,2516,1,23543,24007.0,464.0,260,660,1.269168828116914,1.1036250591278076,0.9954545454545455,1.0,0.5865330100059509,0.1803995336913927,1.5113000869750977,2.6746084690093994,-0.014614801667630673,25.34141731262207,0.15580428455529424,0.8776257634162903,3.6352752946655857,0.06080591185583956
pi,T0039,legged_gym/logs/Jul09_from_55500/model_73500.pt,1,smooth_hold,+box_y,0.1,2.0,0.1,0.15,0.15,1.125,1.1036250591278076,2.3727938927047845,0,,1,2.8724842071533203,0.772681713104248,0.1152153015136718,0,1,0.084322415292263,10e2d8ffe3a40ba09a9fd1df6db9de99e14b9fae,"{""box_angular_velocity"":[-0.613657236,-0.077114999,-0.288028687],""box_linear_velocity"":[0.09303201,-0.006483119,-0.156255275],""box_mass"":1.125,""box_pose"":[0.55168283,-0.000110044,0.133264482,-0.003971246,0.003894639,0.762700915,0.646727324],""dof_position"":[-0.114841782,-0.064023644,-0.012187262,0.300096393,-0.195712328,-0.019028315,-0.08325436,0.030080378,0.001319809,0.296228558,-0.224128917,0.039549567,0.048113346,0.019850189,-0.04001883,-0.042851985,0.18195489,0.012182436,1.148241639,0.007803848,-0.078010187,0.053484358,-0.037799224,-0.151327163,0.008169894,1.154471159,-0.111625239,0.014356019,-0.007476057],""dof_velocity"":[1.48198092,0.72542268,2.04793334,-2.426421404,1.284073949,0.719686568,1.493050694,-0.980644524,-2.030817509,-1.060383439,1.43892324,-2.248155117,-2.374438524,-0.336695552,0.604834974,2.473403692,-1.15007019,0.221239656,-1.469725609,-0.627491117,-0.30224666,1.063602686,-0.168130502,1.555698514,-0.365840256,1.446747541,-1.016772628,-1.506761909,-0.804923475],""goal"":[-3.450000048,0.0,0.144999996],""robot_root_angular_velocity"":[-0.614177227,0.950985134,1.135105252],""robot_root_linear_velocity"":[0.109574325,-0.059479207,0.207706153],""robot_root_pose"":[2.304563761,-0.000337644,0.8057881,0.016846377,0.006069758,0.999794662,-0.009486164]}",PI policy,True,1|smooth_hold|+box_y|0.1|2.0,2612,1,24173,24611.0,438.0,460,860,2.3727938927047845,1.1036250591278076,0.6546511627906977,1.0,2.9606151580810547,0.5259084007074667,2.9299721717834477,5.595577239990234,-1.3174786331825132,3.2677969932556152,0.32445951185979727,1.0,4.366170807979827,0.12491437517317026
pi,T0040,legged_gym/logs/Jul09_from_55500/model_73500.pt,1,smooth_hold,+box_y,0.3,0.5,0.1,0.15,0.15,1.125,3.310875,0.0,1,base_tilt,0,,,,0,0,4.005032062530518,8686b8759e303de1b9dcd8c4226ee5761c093f21,"{""box_angular_velocity"":[0.052818909,-0.617193997,0.097779892],""box_linear_velocity"":[0.099004783,0.001751711,-0.153116554],""box_mass"":1.125,""box_pose"":[0.551801264,2.9169e-05,0.133338079,-0.004432955,-0.004249581,0.764709473,0.64434588],""dof_position"":[-0.115173273,-0.065072939,-0.012358559,0.300250351,-0.195336089,-0.019023187,-0.082784683,0.029120829,0.001185883,0.296218961,-0.224485591,0.03952783,0.047393195,0.019156681,-0.040112667,-0.043043997,0.18166624,0.012035387,1.148338437,0.008116276,-0.077845,0.0535734,-0.037792016,-0.151439279,0.007985869,1.154733062,-0.111371219,0.014442697,-0.007521289],""dof_velocity"":[1.482971191,0.704375625,2.087524414,-2.442824841,1.301244497,0.711632669,1.513340116,-0.998463988,-1.990904808,-1.051182866,1.436479807,-2.257259607,-2.372484446,-0.354048729,0.600233555,2.464917421,-1.173290372,0.213890702,-1.471856356,-0.605654061,-0.288861006,1.063053846,-0.156221375,1.539267898,-0.361408114,1.440126777,-0.985117376,-1.490123034,-0.812418342],""goal"":[-3.450000048,0.0,0.144999996],""robot_root_angular_velocity"":[-0.641172588,0.957930326,1.166464686],""robot_root_linear_velocity"":[0.107858129,-0.061188579,0.207180291],""robot_root_pose"":[2.304544687,-0.00031296,0.805772424,0.016877344,0.006440034,0.99978596,-0.010084333]}",PI policy,False,1|smooth_hold|+box_y|0.3|0.5,176,0,24827,,,0,0,0.0,,,,,,,,,,,,,
pi,T0041,legged_gym/logs/Jul09_from_55500/model_73500.pt,1,smooth_hold,+box_y,0.3,1.0,0.1,0.15,0.15,1.125,3.310875177383423,3.807506237958882,0,,1,1.0246832370758057,-0.5001364946365356,-0.1642795801162719,0,0,0.4440958797931671,c2cb38aec8b01c59a7da3fa31587fc4edc6c543b,"{""box_angular_velocity"":[0.052811202,-0.617038369,0.098070011],""box_linear_velocity"":[0.099019013,0.001755439,-0.153111473],""box_mass"":1.125,""box_pose"":[0.551801503,2.9235e-05,0.133338153,-0.00443239,-0.004249012,0.764711201,0.644343793],""dof_position"":[-0.115221962,-0.065072052,-0.012351275,0.300227135,-0.195315167,-0.01902326,-0.082885064,0.029119266,0.001190604,0.29622972,-0.224418446,0.039527461,0.047409363,0.019155001,-0.040133774,-0.043064341,0.181665018,0.012048483,1.148351073,0.008115022,-0.077855758,0.053575382,-0.037819866,-0.15143919,0.007973018,1.154743075,-0.111383587,0.014437718,-0.007517333],""dof_velocity"":[1.485912085,0.704183757,2.086769581,-2.445690155,1.302802563,0.711692631,1.513330698,-0.998883605,-1.991663218,-1.05532372,1.444449902,-2.257382631,-2.37204051,-0.353246719,0.607046127,2.460754395,-1.173546553,0.215040177,-1.470842957,-0.606235147,-0.28960529,1.063426256,-0.16066511,1.538999081,-0.363016844,1.440475225,-0.985864401,-1.490309834,-0.812146306],""goal"":[-3.450000048,0.0,0.144999996],""robot_root_angular_velocity"":[-0.641169786,0.960258067,1.165341735],""robot_root_linear_velocity"":[0.108425617,-0.061228711,0.207207024],""robot_root_pose"":[2.304548502,-0.000313224,0.805772603,0.016854839,0.006441037,0.999786496,-0.010072584]}",PI policy,True,1|smooth_hold|+box_y|0.3|1.0,2664,1,24872,25373.0,501.0,260,660,3.807506237958882,3.310874938964844,0.9742424242424242,1.0,1.0246832370758057,0.21089521303321376,1.305275797843933,2.8277783393859863,-1.8847435670763706,16.591753005981445,0.14410008427503546,0.9999998211860656,3.752594544651043,0.07838910778395292
pi,T0042,legged_gym/logs/Jul09_from_55500/model_73500.pt,1,smooth_hold,+box_y,0.3,2.0,0.1,0.15,0.15,1.125,3.310875177383423,7.118382145608769,0,,1,0.5201695561408997,0.0451773405075073,0.4683047533035278,1,0,0.5044781565666199,56a1dbcd80f88a266ba55142809d34322b77b29e,"{""box_angular_velocity"":[0.099245951,-0.646853447,0.019745309],""box_linear_velocity"":[0.091620848,0.000138942,-0.155986711],""box_mass"":1.125,""box_pose"":[0.55167228,-5.26e-07,0.133288309,-0.004360619,-0.00477295,0.764205694,0.644940138],""dof_position"":[-0.114951931,-0.065066025,-0.012336398,0.300370991,-0.195387334,-0.019031689,-0.082447998,0.029116675,0.00118945,0.296212196,-0.224609643,0.039526451,0.047579404,0.019122139,-0.039917443,-0.042661786,0.181232974,0.011947684,1.147916794,0.008333736,-0.077958383,0.053964183,-0.037493765,-0.151093289,0.008076961,1.154493451,-0.11138159,0.014394731,-0.007888303],""dof_velocity"":[1.475593925,0.703441381,2.084556818,-2.437734365,1.306984663,0.711704373,1.511343002,-0.999753058,-1.994819283,-1.04517138,1.432429552,-2.257069349,-2.367036819,-0.358308226,0.590012372,2.472728252,-1.190812349,0.212135538,-1.451040864,-0.595405936,-0.321049303,1.072631359,-0.150217026,1.557256818,-0.361586004,1.458939552,-0.991117656,-1.5101794,-0.823396206],""goal"":[-3.450000048,0.0,0.144999996],""robot_root_angular_velocity"":[-0.642843366,0.956013322,1.165626168],""robot_root_linear_velocity"":[0.108633779,-0.060173288,0.206129104],""robot_root_pose"":[2.304562092,-0.000295375,0.805757284,0.017004007,0.006455319,0.999784172,-0.010045355]}",PI policy,True,1|smooth_hold|+box_y|0.3|2.0,2788,1,25539,26021.0,482.0,460,860,7.118382145608769,3.310875415802002,0.9988372093023256,1.0,0.5274143218994141,0.25621789621925634,1.536890149116516,4.042255401611328,3.279336568457616,74.26224517822266,0.016265394995638793,0.4835909605026245,5.304673233801543,0.06930326147188211
pi,T0043,legged_gym/logs/Jul09_from_55500/model_73500.pt,1,smooth_hold,+box_y,0.5,0.5,0.1,0.15,0.15,1.125,5.518125057220459,3.586781339565986,0,,0,0.8002448081970215,-0.2990569472312927,-0.1086449697613716,1,0,0.9839934706687928,f6e75115f7b30a83bf6a3d592a4e3a3524e19e1e,"{""box_angular_velocity"":[0.0,0.0,0.0],""box_linear_velocity"":[0.0,0.0,-0.196175486],""box_mass"":1.125,""box_pose"":[0.549999952,0.0,0.132547736,0.0,0.0,0.764192939,0.644987702],""dof_position"":[-0.115594,-0.064746045,-0.012320487,0.300360858,-0.195070237,-0.019001871,-0.083476521,0.029394843,0.001167338,0.296318471,-0.223997861,0.039558921,0.048016097,0.019729454,-0.039580029,-0.042687569,0.180484653,0.011865799,1.147352099,0.008331289,-0.078113414,0.054438777,-0.037822492,-0.151108593,0.00805344,1.154164195,-0.111383148,0.01441176,-0.008215703],""dof_velocity"":[1.460117698,0.702920377,2.068506718,-2.447607994,1.321196437,0.714539766,1.485073924,-1.002266049,-2.011068106,-1.063537598,1.450739264,-2.256109238,-2.361954212,-0.341813505,0.623722672,2.463387489,-1.212965608,0.203242868,-1.455052853,-0.605819166,-0.349263489,1.082469106,-0.168261677,1.565044641,-0.356735051,1.445316911,-0.988610983,-1.515215874,-0.839686513],""goal"":[-3.450000048,0.0,0.144999996],""robot_root_angular_velocity"":[-0.634958684,0.955086172,1.158332467],""robot_root_linear_velocity"":[0.119200416,-0.061471052,0.209652171],""robot_root_pose"":[2.304764509,-0.000354367,0.805820584,0.016868172,0.00628808,0.999789476,-0.009845988]}",PI policy,True,1|smooth_hold|+box_y|0.5|0.5,2216,1,26237,26651.0,414.0,160,560,3.586781339565986,5.518125057220459,1.0,0.0,0.802416205406189,0.3699621849161174,1.7759090662002563,4.931795120239258,0.9199880207223552,29.414974212646484,0.13121081839323903,0.6211891770362854,4.671730507896947,0.07501275391267487
pi,T0044,legged_gym/logs/Jul09_from_55500/model_73500.pt,1,smooth_hold,+box_y,0.5,1.0,0.1,0.15,0.15,1.125,5.518125057220459,6.345844395644715,0,,1,0.4919975697994232,-0.0239165686070919,0.0425459370017051,1,0,0.4804666042327881,ea3dc9cf1758679ae7f4f2d9aa2b41b2a81ee1eb,"{""box_angular_velocity"":[-0.04066379,-0.369516551,-0.049433246],""box_linear_velocity"":[0.128441766,-0.001453264,-0.142076984],""box_mass"":1.125,""box_pose"":[0.552300334,-2.3975e-05,0.133520976,-0.003000303,-0.002121949,0.763972223,0.645238638],""dof_position"":[-0.115043074,-0.064748667,-0.012275051,0.300226867,-0.195475221,-0.019010745,-0.082885787,0.029415643,0.001253535,0.296211392,-0.224412575,0.039550472,0.047592506,0.019443499,-0.040141363,-0.043078184,0.18181473,0.012136518,1.148491502,0.00792702,-0.077839866,0.053477116,-0.037657987,-0.151218355,0.008112323,1.15455687,-0.111597553,0.014388666,-0.007700609],""dof_velocity"":[1.487683415,0.711302519,2.07657814,-2.438985586,1.296944141,0.714046717,1.511415482,-0.992605686,-2.001983166,-1.052942872,1.434957266,-2.2543571,-2.375249624,-0.344206005,0.602318168,2.468076944,-1.162591577,0.215944499,-1.476983905,-0.621433794,-0.280542701,1.062297463,-0.160359025,1.553531289,-0.361999422,1.450827241,-1.004864693,-1.504296422,-0.815921187],""goal"":[-3.450000048,0.0,0.144999996],""robot_root_angular_velocity"":[-0.631562471,0.958120465,1.151532054],""robot_root_linear_velocity"":[0.106970318,-0.061319336,0.206088275],""robot_root_pose"":[2.304524422,-0.000334474,0.805755496,0.016867206,0.00631645,0.999789178,-0.00985902]}",PI policy,True,1|smooth_hold|+box_y|0.5|1.0,3068,1,26792,27394.0,602.0,260,660,6.345844395644715,5.518125534057617,0.9984848484848485,1.0,0.4919975697994232,0.11238442604909787,0.5958340764045715,2.856539011001587,0.7635231691356184,38.98115921020508,0.13640693898355077,0.7854748964309692,3.727073526156671,0.061667906142908784
pi,T0045,legged_gym/logs/Jul09_from_55500/model_73500.pt,1,smooth_hold,+box_y,0.5,2.0,0.1,0.15,0.15,1.125,5.518125057220459,11.863968912406,0,,1,2.7659008502960205,0.344516783952713,-0.3994809091091156,0,0,0.1038197726011276,4ed1443074e4a4065e7dd8719827665721ac47ac,"{""box_angular_velocity"":[-0.612123847,-0.641065955,-0.192873225],""box_linear_velocity"":[0.094695359,-0.004943129,-0.154525742],""box_mass"":1.125,""box_pose"":[0.551725864,-8.8095e-05,0.13331382,-0.008381181,5.8416e-05,0.763021588,0.646318555],""dof_position"":[-0.114186279,-0.063890196,-0.012359272,0.300197214,-0.195899203,-0.019020893,-0.08243721,0.030281631,0.001226178,0.296292782,-0.224509045,0.03955362,0.048248313,0.020281294,-0.039959226,-0.042305082,0.181066036,0.011969112,1.147893667,0.008148465,-0.078046523,0.054022219,-0.037550189,-0.151298732,0.008143431,1.154595375,-0.111598149,0.014454448,-0.007764126],""dof_velocity"":[1.483023882,0.72606647,2.047636509,-2.420958042,1.287433267,0.719150186,1.498714566,-0.977752447,-2.031740665,-1.04519558,1.430858135,-2.24701643,-2.366354465,-0.331314147,0.572416902,2.489284992,-1.182403207,0.21381481,-1.440179706,-0.60957557,-0.332160383,1.071681619,-0.15302749,1.564977407,-0.366079211,1.464350224,-1.016554713,-1.505987406,-0.818622231],""goal"":[-3.450000048,0.0,0.144999996],""robot_root_angular_velocity"":[-0.612734318,0.949767709,1.141509414],""robot_root_linear_velocity"":[0.10609474,-0.05862565,0.205628306],""robot_root_pose"":[2.304513216,-0.000346364,0.805755556,0.017098954,0.005973864,0.999790311,-0.009552296]}",PI policy,True,1|smooth_hold|+box_y|0.5|2.0,2484,1,27560,27966.0,406.0,460,860,11.863968912406,5.518125057220459,0.8604651162790697,1.0,2.8608086109161377,0.3425184717141958,2.881938934326172,9.14336395263672,-0.47931148250016037,5.3465094566345215,0.16151672714487325,1.0,3.8074163398174785,0.08032699888556653
pi,T0046,legged_gym/logs/Jul09_from_55500/model_73500.pt,1,smooth_hold,+box_y,0.7,0.5,0.1,0.15,0.15,1.125,7.725375175476074,5.021494200678207,0,,1,2.7874526977539062,-0.2961993217468261,-0.8925449252128601,0,0,0.0931473597884178,8686b8759e303de1b9dcd8c4226ee5761c093f21,"{""box_angular_velocity"":[0.052818909,-0.617193997,0.097779892],""box_linear_velocity"":[0.099004783,0.001751711,-0.153116554],""box_mass"":1.125,""box_pose"":[0.551801264,2.9169e-05,0.133338079,-0.004432955,-0.004249581,0.764709473,0.64434588],""dof_position"":[-0.115173273,-0.065072939,-0.012358559,0.300250351,-0.195336089,-0.019023187,-0.082784683,0.029120829,0.001185883,0.296218961,-0.224485591,0.03952783,0.047393195,0.019156681,-0.040112667,-0.043043997,0.18166624,0.012035387,1.148338437,0.008116276,-0.077845,0.0535734,-0.037792016,-0.151439279,0.007985869,1.154733062,-0.111371219,0.014442697,-0.007521289],""dof_velocity"":[1.482971191,0.704375625,2.087524414,-2.442824841,1.301244497,0.711632669,1.513340116,-0.998463988,-1.990904808,-1.051182866,1.436479807,-2.257259607,-2.372484446,-0.354048729,0.600233555,2.464917421,-1.173290372,0.213890702,-1.471856356,-0.605654061,-0.288861006,1.063053846,-0.156221375,1.539267898,-0.361408114,1.440126777,-0.985117376,-1.490123034,-0.812418342],""goal"":[-3.450000048,0.0,0.144999996],""robot_root_angular_velocity"":[-0.641172588,0.957930326,1.166464686],""robot_root_linear_velocity"":[0.107858129,-0.061188579,0.207180291],""robot_root_pose"":[2.304544687,-0.00031296,0.805772424,0.016877344,0.006440034,0.99978596,-0.010084333]}",PI policy,True,1|smooth_hold|+box_y|0.7|0.5,2628,1,28182,28699.0,517.0,160,560,5.021494200678207,7.725375652313232,0.8464285714285714,1.0,2.8396599292755127,0.3873590772838465,2.785243034362793,7.817854881286621,0.42647943229946705,4.750599384307861,0.2366507521323261,1.0,4.321461680425065,0.11602126528081756
pi,T0047,legged_gym/logs/Jul09_from_55500/model_73500.pt,1,smooth_hold,+box_y,0.7,1.0,0.1,0.15,0.15,1.125,7.725375,0.0,1,base_tilt,0,,,,0,0,4.000150203704834,b20df5a97838de78c622d7d33d83c0de4bef1fc0,"{""box_angular_velocity"":[0.052783299,-0.61702776,0.098115511],""box_linear_velocity"":[0.099017888,0.001755741,-0.153112069],""box_mass"":1.125,""box_pose"":[0.551801503,2.9239e-05,0.133338153,-0.004432489,-0.004248843,0.76471138,0.644343555],""dof_position"":[-0.115220785,-0.065072082,-0.012351477,0.300227314,-0.195315331,-0.019023249,-0.082883157,0.029119287,0.001190438,0.296229243,-0.224418953,0.039527465,0.047409091,0.01915507,-0.040132847,-0.043064289,0.181664988,0.012048354,1.148350596,0.008115033,-0.077855654,0.053575378,-0.037819672,-0.151439175,0.007973091,1.154743075,-0.111383468,0.014437776,-0.007517383],""dof_velocity"":[1.486032009,0.70418185,2.086752653,-2.445676804,1.302786946,0.711692989,1.513529301,-0.998882771,-1.991679788,-1.055383444,1.444399834,-2.257380962,-2.372065783,-0.353242666,0.607143521,2.460754395,-1.17354691,0.215031967,-1.470848918,-0.606228471,-0.289595962,1.063423514,-0.160649896,1.539000392,-0.363017023,1.440467596,-0.985857725,-1.490307808,-0.812149465],""goal"":[-3.450000048,0.0,0.144999996],""robot_root_angular_velocity"":[-0.641166866,0.960366428,1.165377498],""robot_root_linear_velocity"":[0.108414337,-0.061228249,0.207208201],""robot_root_pose"":[2.304548025,-0.000313182,0.805772305,0.016855747,0.006441124,0.999786496,-0.010072916]}",PI policy,False,1|smooth_hold|+box_y|0.7|1.0,84,0,28840,,,0,0,0.0,,,,,,,,,,,,,
pi,T0048,legged_gym/logs/Jul09_from_55500/model_73500.pt,1,smooth_hold,+box_y,0.7,2.0,0.1,0.15,0.15,1.125,7.725375,0.0,1,other,0,,,,0,0,4.000012397766113,8686b8759e303de1b9dcd8c4226ee5761c093f21,"{""box_angular_velocity"":[0.052818909,-0.617193997,0.097779892],""box_linear_velocity"":[0.099004783,0.001751711,-0.153116554],""box_mass"":1.125,""box_pose"":[0.551801264,2.9169e-05,0.133338079,-0.004432955,-0.004249581,0.764709473,0.64434588],""dof_position"":[-0.115173273,-0.065072939,-0.012358559,0.300250351,-0.195336089,-0.019023187,-0.082784683,0.029120829,0.001185883,0.296218961,-0.224485591,0.03952783,0.047393195,0.019156681,-0.040112667,-0.043043997,0.18166624,0.012035387,1.148338437,0.008116276,-0.077845,0.0535734,-0.037792016,-0.151439279,0.007985869,1.154733062,-0.111371219,0.014442697,-0.007521289],""dof_velocity"":[1.482971191,0.704375625,2.087524414,-2.442824841,1.301244497,0.711632669,1.513340116,-0.998463988,-1.990904808,-1.051182866,1.436479807,-2.257259607,-2.372484446,-0.354048729,0.600233555,2.464917421,-1.173290372,0.213890702,-1.471856356,-0.605654061,-0.288861006,1.063053846,-0.156221375,1.539267898,-0.361408114,1.440126777,-0.985117376,-1.490123034,-0.812418342],""goal"":[-3.450000048,0.0,0.144999996],""robot_root_angular_velocity"":[-0.641172588,0.957930326,1.166464686],""robot_root_linear_velocity"":[0.107858129,-0.061188579,0.207180291],""robot_root_pose"":[2.304544687,-0.00031296,0.805772424,0.016877344,0.006440034,0.99978596,-0.010084333]}",PI policy,False,1|smooth_hold|+box_y|0.7|2.0,508,0,28862,,,0,0,0.0,,,,,,,,,,,,,
pi,T0049,legged_gym/logs/Jul09_from_55500/model_73500.pt,1,smooth_hold,+box_y,0.9,0.5,0.1,0.15,0.15,1.125,9.932624816894531,6.456206205769951,0,,0,0.4326323568820953,-1.4154545068740845,-1.5365068912506104,1,0,0.5841483473777771,8686b8759e303de1b9dcd8c4226ee5761c093f21,"{""box_angular_velocity"":[0.052818909,-0.617193997,0.097779892],""box_linear_velocity"":[0.099004783,0.001751711,-0.153116554],""box_mass"":1.125,""box_pose"":[0.551801264,2.9169e-05,0.133338079,-0.004432955,-0.004249581,0.764709473,0.64434588],""dof_position"":[-0.115173273,-0.065072939,-0.012358559,0.300250351,-0.195336089,-0.019023187,-0.082784683,0.029120829,0.001185883,0.296218961,-0.224485591,0.03952783,0.047393195,0.019156681,-0.040112667,-0.043043997,0.18166624,0.012035387,1.148338437,0.008116276,-0.077845,0.0535734,-0.037792016,-0.151439279,0.007985869,1.154733062,-0.111371219,0.014442697,-0.007521289],""dof_velocity"":[1.482971191,0.704375625,2.087524414,-2.442824841,1.301244497,0.711632669,1.513340116,-0.998463988,-1.990904808,-1.051182866,1.436479807,-2.257259607,-2.372484446,-0.354048729,0.600233555,2.464917421,-1.173290372,0.213890702,-1.471856356,-0.605654061,-0.288861006,1.063053846,-0.156221375,1.539267898,-0.361408114,1.440126777,-0.985117376,-1.490123034,-0.812418342],""goal"":[-3.450000048,0.0,0.144999996],""robot_root_angular_velocity"":[-0.641172588,0.957930326,1.166464686],""robot_root_linear_velocity"":[0.107858129,-0.061188579,0.207180291],""robot_root_pose"":[2.304544687,-0.00031296,0.805772424,0.016877344,0.006440034,0.99978596,-0.010084333]}",PI policy,True,1|smooth_hold|+box_y|0.9|0.5,3068,1,28990,29617.0,627.0,160,560,6.456206205769951,9.932624816894531,1.0,0.0,0.4461715519428253,0.1870383193683145,1.4464364051818848,3.095444679260254,-0.06603227642564369,8.671727180480957,0.18602851729717387,0.6076217293739319,8.9500014975667,0.12297327267798594
pi,T0050,legged_gym/logs/Jul09_from_55500/model_73500.pt,1,smooth_hold,+box_y,0.9,1.0,0.1,0.15,0.15,1.125,9.932624816894531,11.422518661894877,0,,0,0.6226838231086731,-0.2253694534301757,-0.3859292864799499,1,0,0.649664580821991,b2fd2658e0bef04c1b6d2e1a99c7327029032065,"{""box_angular_velocity"":[0.095949478,-0.678055823,-0.023486027],""box_linear_velocity"":[0.118563309,-8.336e-06,-0.145199001],""box_mass"":1.125,""box_pose"":[0.552128553,1.571e-06,0.133473516,-0.004661907,-0.005051388,0.764087677,0.645075679],""dof_position"":[-0.114522927,-0.065014131,-0.012293502,0.300113976,-0.195753515,-0.019029653,-0.082571015,0.029160028,0.001284309,0.29623571,-0.224484399,0.039540362,0.047856659,0.019246917,-0.040184185,-0.042188223,0.180940002,0.011950258,1.147896886,0.0083556,-0.078203097,0.054213397,-0.03737421,-0.151163816,0.00807254,1.154636025,-0.111549437,0.014321934,-0.007796129],""dof_velocity"":[1.500490308,0.699193358,2.068089724,-2.41725111,1.273380995,0.709897995,1.523947477,-1.003969908,-2.009442329,-1.049017191,1.43382585,-2.257444859,-2.367815733,-0.353023618,0.601228774,2.474933147,-1.199700356,0.209212214,-1.427828074,-0.60291481,-0.342701733,1.080473542,-0.154890299,1.555832624,-0.362937361,1.465634823,-0.997838974,-1.510666966,-0.820803583],""goal"":[-3.450000048,0.0,0.144999996],""robot_root_angular_velocity"":[-0.640335202,0.967801452,1.15697515],""robot_root_linear_velocity"":[0.104791746,-0.061368298,0.206488162],""robot_root_pose"":[2.304474354,-0.000330999,0.805766642,0.016971935,0.0064252,0.999786913,-0.00983042]}",PI policy,True,1|smooth_hold|+box_y|0.9|1.0,3304,1,29758,30419.0,661.0,260,660,11.422518661894877,9.932624816894531,1.0,0.0,0.632994532585144,0.18208015475309255,1.3838014602661133,3.134989023208618,-0.11589152361971862,1.7700557708740234,0.06769633974472525,0.7373302578926086,3.3584921714031335,0.05242957751437859
pi,T0051,legged_gym/logs/Jul09_from_55500/model_73500.pt,1,smooth_hold,+box_y,0.9,2.0,0.1,0.15,0.15,1.125,9.932624816894531,21.35514340779889,0,,1,0.6055124402046204,-0.2269068360328674,-0.5254683494567871,1,0,0.5499889850616455,9068e12db2bfb6bb78f16cf7c0928aa1409366e7,"{""box_angular_velocity"":[0.066419028,-0.525673807,0.036817234],""box_linear_velocity"":[0.091477767,-0.000109863,-0.15573065],""box_mass"":1.125,""box_pose"":[0.551662922,-3.23e-07,0.133286938,-0.003546898,-0.003755087,0.764477849,0.64462918],""dof_position"":[-0.115234017,-0.064752206,-0.01223653,0.300220817,-0.195386201,-0.018996982,-0.083212517,0.029398149,0.001291244,0.296218127,-0.224218771,0.039567184,0.047923729,0.019670406,-0.04010696,-0.042788267,0.181203425,0.012031779,1.148101687,0.008059636,-0.078028589,0.053857569,-0.037822198,-0.151387364,0.00803513,1.15459156,-0.111552492,0.01442275,-0.007751292],""dof_velocity"":[1.487808228,0.702421546,2.06792593,-2.438735723,1.300299883,0.713410795,1.509921551,-1.001889229,-2.010088682,-1.057771325,1.437120318,-2.255539179,-2.367714405,-0.34006691,0.620416939,2.465118885,-1.184329748,0.209967002,-1.464259863,-0.619514585,-0.310653389,1.070100427,-0.169631079,1.549607754,-0.359770685,1.443678856,-0.996332943,-1.497374177,-0.82242018],""goal"":[-3.450000048,0.0,0.144999996],""robot_root_angular_velocity"":[-0.63418889,0.963931084,1.149018526],""robot_root_linear_velocity"":[0.110314548,-0.062618643,0.207406506],""robot_root_pose"":[2.304582357,-0.000371514,0.805779278,0.016818246,0.006294683,0.999791145,-0.009746546]}",PI policy,True,1|smooth_hold|+box_y|0.9|2.0,2568,1,30585,31012.0,427.0,460,860,21.35514340779889,9.932624816894531,0.9872093023255814,1.0,0.9277850389480592,0.17419470817413787,1.5637321472167969,2.6217830181121826,-0.5826825263812532,10.014610290527344,0.1653018803454849,0.9976860284805298,5.9090372606072314,0.12197745673434245
pi,T0052,legged_gym/logs/Jul09_from_55500/model_73500.pt,1,smooth_hold,+box_y,1.1,0.5,0.1,0.15,0.15,1.125,12.13987636566162,7.890919786601255,0,,1,2.9110300540924072,0.1296446770429611,0.6447399258613586,0,0,0.3806070387363434,38797be5a5306e966ba2bedd456d5d2b1120b012,"{""box_angular_velocity"":[-0.72496593,-0.109138459,-0.23624675],""box_linear_velocity"":[0.084838301,-0.006426526,-0.159371614],""box_mass"":1.125,""box_pose"":[0.551537871,-0.000111281,0.133209214,-0.004870817,0.004541584,0.762910485,0.646469712],""dof_position"":[-0.114850499,-0.063977174,-0.012180301,0.300101519,-0.195709139,-0.019038878,-0.083252914,0.030119989,0.00131423,0.296230137,-0.224128813,0.039538674,0.048062913,0.019789571,-0.040007278,-0.042940117,0.181984872,0.012204945,1.148306608,0.007790717,-0.077964678,0.053525697,-0.037745271,-0.151052952,0.008220443,1.154411674,-0.111688077,0.014355718,-0.007679919],""dof_velocity"":[1.481567264,0.728625596,2.0481112,-2.426654577,1.284264684,0.72063601,1.493037105,-0.977786958,-2.031060696,-1.060830235,1.439285517,-2.24724412,-2.376828671,-0.33690837,0.60431838,2.473331213,-1.151315093,0.220299795,-1.474529147,-0.629867971,-0.295659184,1.067423224,-0.167307124,1.565795779,-0.363336951,1.449916005,-1.019046426,-1.510878682,-0.809913218],""goal"":[-3.450000048,0.0,0.144999996],""robot_root_angular_velocity"":[-0.612965584,0.950820208,1.135650635],""robot_root_linear_velocity"":[0.10965775,-0.058754265,0.207844421],""robot_root_pose"":[2.304567337,-0.00031918,0.805789828,0.016847426,0.006069895,0.999794483,-0.009495853]}",PI policy,True,1|smooth_hold|+box_y|1.1|0.5,2368,1,31228,31680.0,452.0,160,560,7.890919786601255,12.13987636566162,0.8035714285714286,1.0,2.9110300540924072,0.4451221770473889,2.6644556522369385,5.345401287078857,0.12325565447764737,3.716357469558716,0.19347094701453377,1.0,3.7136762831692716,0.10174358065973393
pi,T0053,legged_gym/logs/Jul09_from_55500/model_73500.pt,1,smooth_hold,+box_y,1.1,1.0,0.1,0.15,0.15,1.125,12.139875000000002,0.0,1,other,0,,,,0,0,4.00249719619751,e5a14799c13411e8740f04ee59faa8298f95bba4,"{""box_angular_velocity"":[0.05283143,-0.617193103,0.097817644],""box_linear_velocity"":[0.099008687,0.001752378,-0.153114885],""box_mass"":1.125,""box_pose"":[0.551801264,2.9183e-05,0.133338109,-0.004432711,-0.004249462,0.764709771,0.644345522],""dof_position"":[-0.115175165,-0.065068766,-0.012358678,0.3002505,-0.195336163,-0.019023113,-0.082787789,0.029125001,0.001185659,0.296219945,-0.224486172,0.039528023,0.047394462,0.019160436,-0.04011517,-0.043043297,0.181665689,0.012035106,1.148338318,0.008115625,-0.077845193,0.053573534,-0.037791919,-0.151439995,0.007986037,1.154733062,-0.111371547,0.014442818,-0.007521026],""dof_velocity"":[1.483359933,0.704456568,2.087404728,-2.442863703,1.301242113,0.711664021,1.5138309,-0.998380959,-1.99102509,-1.051398158,1.43640697,-2.257224083,-2.372536182,-0.353945225,0.600652158,2.464834452,-1.173260331,0.213878512,-1.471867442,-0.605697691,-0.288845807,1.06304431,-0.156298146,1.539276958,-0.36141631,1.440091968,-0.985110521,-1.490100861,-0.812432408],""goal"":[-3.450000048,0.0,0.144999996],""robot_root_angular_velocity"":[-0.641072452,0.95826143,1.166483641],""robot_root_linear_velocity"":[0.10784208,-0.06118108,0.207182541],""robot_root_pose"":[2.304544449,-0.000313137,0.805772781,0.016876455,0.006438265,0.999786019,-0.010083336]}",PI policy,False,1|smooth_hold|+box_y|1.1|1.0,180,0,31821,,,0,0,0.0,,,,,,,,,,,,,
pi,T0054,legged_gym/logs/Jul09_from_55500/model_73500.pt,1,smooth_hold,+box_y,1.1,2.0,0.1,0.15,0.15,1.125,12.13987636566162,26.100734260373407,0,,0,0.6827113628387451,0.5336598753929138,0.6245633959770203,1,0,0.6045035719871521,b37d1a34b504a21fd416095ed82af6e900cfd110,"{""box_angular_velocity"":[0.0,0.0,0.0],""box_linear_velocity"":[0.0,0.0,-0.196175486],""box_mass"":1.125,""box_pose"":[0.549999952,0.0,0.132547736,0.0,0.0,0.764192939,0.644987702],""dof_position"":[-0.115593508,-0.064746052,-0.012320553,0.300360948,-0.195070326,-0.019001871,-0.083475702,0.029394845,0.001167293,0.296318293,-0.223998114,0.039558936,0.048016004,0.019729495,-0.039579578,-0.042687569,0.180484638,0.011865744,1.147352099,0.008331287,-0.078113355,0.05443877,-0.03782244,-0.151108593,0.008053473,1.154164195,-0.111383066,0.014411789,-0.00821572],""dof_velocity"":[1.460155487,0.702920616,2.068506956,-2.447604179,1.321188092,0.714539647,1.485135555,-1.002265334,-2.011068106,-1.06355381,1.450716734,-2.256109238,-2.361958027,-0.34181416,0.623745561,2.463394165,-1.212964773,0.20323807,-1.455058575,-0.60581696,-0.349257767,1.082467079,-0.168251291,1.565045118,-0.356730878,1.445312738,-0.988606036,-1.515213132,-0.839687943],""goal"":[-3.450000048,0.0,0.144999996],""robot_root_angular_velocity"":[-0.634959042,0.955117822,1.158339977],""robot_root_linear_velocity"":[0.119195879,-0.061470948,0.209652379],""robot_root_pose"":[2.304764509,-0.000354351,0.805820525,0.016868409,0.006288042,0.999789476,-0.009845998]}",PI policy,True,1|smooth_hold|+box_y|1.1|2.0,3212,1,31867,32455.0,588.0,460,860,26.100734260373407,12.13987636566162,0.9988372093023256,1.0,0.6827113628387451,0.15872550028766136,1.3989028930664062,2.8842430114746094,3.138165315116084,40.79172134399414,0.16625487327881613,0.953780710697174,4.316869866388828,0.07909237810759633
pi,T0055,legged_gym/logs/Jul09_from_55500/model_73500.pt,1,smooth_hold,-box_y,0.1,0.5,0.1,0.15,0.15,1.125,1.1036250591278076,0.7173562955606133,0,,1,2.442734956741333,-0.4720030426979065,-0.1590594947338104,0,0,0.190688356757164,bfde04740851cba29a57ef694c62bb9698397542,"{""box_angular_velocity"":[-0.054843929,-0.316983521,-0.085278675],""box_linear_velocity"":[0.11242912,-0.002142294,-0.147702083],""box_mass"":1.125,""box_pose"":[0.552038252,-3.4651e-05,0.13342534,-0.002655052,-0.001480527,0.763786077,0.645462155],""dof_position"":[-0.115075581,-0.064703859,-0.012275347,0.300186694,-0.195501417,-0.019024933,-0.082926035,0.029491106,0.001309864,0.296152771,-0.224411249,0.039525345,0.047566146,0.019259339,-0.040199179,-0.043059316,0.18195869,0.012180631,1.148533821,0.007923836,-0.077891171,0.053513911,-0.037580173,-0.150978908,0.008154607,1.154521108,-0.111645617,0.014321324,-0.007756919],""dof_velocity"":[1.49042809,0.715112746,2.075006008,-2.436015368,1.29205215,0.7150172,1.513865232,-0.987298787,-2.001665831,-1.051478028,1.431321979,-2.253089666,-2.375801802,-0.348544568,0.609505057,2.464790344,-1.159442425,0.217184246,-1.475779891,-0.623081565,-0.281304061,1.067314267,-0.162351504,1.560872793,-0.360426515,1.453392267,-1.005016804,-1.5100106,-0.815402746],""goal"":[-3.450000048,0.0,0.144999996],""robot_root_angular_velocity"":[-0.630166829,0.960005224,1.148680329],""robot_root_linear_velocity"":[0.106802814,-0.060082428,0.20683597],""robot_root_pose"":[2.304508924,-0.000304691,0.805768251,0.016826063,0.006325058,0.999789953,-0.009836727]}",PI policy,True,1|smooth_hold|-box_y|0.1|0.5,2632,1,32671,33189.0,518.0,160,560,0.7173562955606133,1.1036250591278076,0.7571428571428571,1.0,2.622393846511841,0.3494393872562796,2.52747654914856,7.863651275634766,-1.5616707246417978,7.675754547119141,0.21157668431343543,1.0,2.6332750341788467,0.05447461678448751
pi,T0056,legged_gym/logs/Jul09_from_55500/model_73500.pt,1,smooth_hold,-box_y,0.1,1.0,0.1,0.15,0.15,1.125,1.1036250591278076,1.269168957757017,0,,0,0.445869117975235,0.1412509083747863,-0.0556384772062301,1,0,0.6143366098403931,b64d0a41d7c7ea5a95865e9e6de1ca6983b0c1f3,"{""box_angular_velocity"":[0.052836888,-0.617173612,0.097806774],""box_linear_velocity"":[0.099009208,0.001752301,-0.153114736],""box_mass"":1.125,""box_pose"":[0.551801264,2.9182e-05,0.133338109,-0.004432667,-0.004249521,0.764709711,0.644345582],""dof_position"":[-0.115174919,-0.065068662,-0.012358702,0.30025053,-0.195336267,-0.019023104,-0.082787342,0.029125093,0.001185645,0.296219707,-0.224486381,0.039528027,0.047394514,0.019160556,-0.040114988,-0.043043274,0.181665659,0.012035088,1.148338199,0.008115606,-0.077845179,0.053573523,-0.037791912,-0.151440024,0.007986054,1.154733062,-0.11137154,0.014442839,-0.00752102],""dof_velocity"":[1.483384252,0.704456508,2.087399244,-2.442860603,1.301239729,0.711664617,1.513870955,-0.998380244,-1.991030097,-1.051407337,1.43639338,-2.257223368,-2.372538567,-0.353943259,0.600671291,2.464834213,-1.173258901,0.213877738,-1.471865296,-0.605697989,-0.288846374,1.063042879,-0.156297237,1.539277792,-0.361416489,1.440092087,-0.985110998,-1.490099192,-0.812432587],""goal"":[-3.450000048,0.0,0.144999996],""robot_root_angular_velocity"":[-0.64107126,0.958282828,1.16648674],""robot_root_linear_velocity"":[0.107839659,-0.061181005,0.207182646],""robot_root_pose"":[2.304545164,-0.000313103,0.805772722,0.016876794,0.006438314,0.999786019,-0.010083462]}",PI policy,True,1|smooth_hold|-box_y|0.1|1.0,2576,1,33330,33809.0,479.0,260,660,1.269168957757017,1.1036251783370972,0.9984848484848485,1.0,0.4733530580997467,0.18795205696175493,1.2760579586029053,2.50883150100708,0.3868682147031932,25.299503326416016,0.07054961331111065,0.9919919967651368,3.9322539475831118,0.058012146502490654
pi,T0057,legged_gym/logs/Jul09_from_55500/model_73500.pt,1,smooth_hold,-box_y,0.1,2.0,0.1,0.15,0.15,1.125,1.1036250591278076,2.3727941258800263,0,,1,3.0100536346435547,0.2978903651237488,0.0949149951338768,0,0,0.1358658671379089,ed4147fbc7f1dc223ff62bf32a9d47358ae994bf,"{""box_angular_velocity"":[-0.40927574,-0.39736101,-0.199187994],""box_linear_velocity"":[0.099161305,-0.004215186,-0.154073134],""box_mass"":1.125,""box_pose"":[0.551790714,-7.4742e-05,0.133311599,-0.005366279,0.000249832,0.763021111,0.646351099],""dof_position"":[-0.11521358,-0.0643939,-0.012298737,0.300228775,-0.195374519,-0.018999698,-0.083263561,0.029751264,0.001223711,0.296253622,-0.224176034,0.039564639,0.048038036,0.020009352,-0.039981365,-0.04282704,0.181138143,0.0120035,1.148006558,0.00804517,-0.078004174,0.053870805,-0.038006246,-0.151613593,0.007990599,1.154650092,-0.111466363,0.01447307,-0.007596856],""dof_velocity"":[1.478114724,0.711333871,2.062513828,-2.442148209,1.305666924,0.716257751,1.496996999,-0.993517935,-2.016376734,-1.058240891,1.43898797,-2.252631903,-2.365660191,-0.334666371,0.61171025,2.467844248,-1.18165803,0.210132897,-1.465878487,-0.618578911,-0.312836736,1.067525744,-0.168689981,1.544604897,-0.360259265,1.435060263,-0.994551897,-1.489008188,-0.818142116],""goal"":[-3.450000048,0.0,0.144999996],""robot_root_angular_velocity"":[-0.62623173,0.955277979,1.14730835],""robot_root_linear_velocity"":[0.11167898,-0.06122366,0.208455399],""robot_root_pose"":[2.304613829,-0.000369091,0.805799663,0.016840905,0.006149895,0.999792159,-0.009703186]}",PI policy,True,1|smooth_hold|-box_y|0.1|2.0,2724,1,33975,34441.0,466.0,460,860,2.3727941258800263,1.1036251783370972,0.6372093023255814,1.0,3.0448944568634038,0.5032869003366592,2.970955371856689,7.437342166900635,2.1530938168332456,98.9798812866211,0.32477344265911556,1.0,3.315188676681976,0.1122682778756931
pi,T0058,legged_gym/logs/Jul09_from_55500/model_73500.pt,1,smooth_hold,-box_y,0.3,0.5,0.1,0.15,0.15,1.125,3.310875177383423,2.152069025970149,0,,0,0.4155398905277252,0.2371267080307006,0.5207069516181946,1,0,0.5886709094047546,8686b8759e303de1b9dcd8c4226ee5761c093f21,"{""box_angular_velocity"":[0.052818909,-0.617193997,0.097779892],""box_linear_velocity"":[0.099004783,0.001751711,-0.153116554],""box_mass"":1.125,""box_pose"":[0.551801264,2.9169e-05,0.133338079,-0.004432955,-0.004249581,0.764709473,0.64434588],""dof_position"":[-0.115173273,-0.065072939,-0.012358559,0.300250351,-0.195336089,-0.019023187,-0.082784683,0.029120829,0.001185883,0.296218961,-0.224485591,0.03952783,0.047393195,0.019156681,-0.040112667,-0.043043997,0.18166624,0.012035387,1.148338437,0.008116276,-0.077845,0.0535734,-0.037792016,-0.151439279,0.007985869,1.154733062,-0.111371219,0.014442697,-0.007521289],""dof_velocity"":[1.482971191,0.704375625,2.087524414,-2.442824841,1.301244497,0.711632669,1.513340116,-0.998463988,-1.990904808,-1.051182866,1.436479807,-2.257259607,-2.372484446,-0.354048729,0.600233555,2.464917421,-1.173290372,0.213890702,-1.471856356,-0.605654061,-0.288861006,1.063053846,-0.156221375,1.539267898,-0.361408114,1.440126777,-0.985117376,-1.490123034,-0.812418342],""goal"":[-3.450000048,0.0,0.144999996],""robot_root_angular_velocity"":[-0.641172588,0.957930326,1.166464686],""robot_root_linear_velocity"":[0.107858129,-0.061188579,0.207180291],""robot_root_pose"":[2.304544687,-0.00031296,0.805772424,0.016877344,0.006440034,0.99978596,-0.010084333]}",PI policy,True,1|smooth_hold|-box_y|0.3|0.5,2432,1,34657,35125.0,468.0,160,560,2.152069025970149,3.310875415802002,1.0,0.0,0.4642670750617981,0.20624136638029344,1.493056058883667,2.672811508178711,1.1356505184633923,7.907944679260254,0.13982720203223703,0.7000671625137329,7.3756267212863476,0.12480183228534375
pi,T0059,legged_gym/logs/Jul09_from_55500/model_73500.pt,1,smooth_hold,-box_y,0.3,1.0,0.1,0.15,0.15,1.125,3.310875177383423,3.807506485523023,0,,1,1.0258294343948364,-0.1348432004451751,-0.22623011469841,0,0,0.4331222474575043,b37d1a34b504a21fd416095ed82af6e900cfd110,"{""box_angular_velocity"":[0.0,0.0,0.0],""box_linear_velocity"":[0.0,0.0,-0.196175486],""box_mass"":1.125,""box_pose"":[0.549999952,0.0,0.132547736,0.0,0.0,0.764192939,0.644987702],""dof_position"":[-0.115593508,-0.064746052,-0.012320553,0.300360948,-0.195070326,-0.019001871,-0.083475702,0.029394845,0.001167293,0.296318293,-0.223998114,0.039558936,0.048016004,0.019729495,-0.039579578,-0.042687569,0.180484638,0.011865744,1.147352099,0.008331287,-0.078113355,0.05443877,-0.03782244,-0.151108593,0.008053473,1.154164195,-0.111383066,0.014411789,-0.00821572],""dof_velocity"":[1.460155487,0.702920616,2.068506956,-2.447604179,1.321188092,0.714539647,1.485135555,-1.002265334,-2.011068106,-1.06355381,1.450716734,-2.256109238,-2.361958027,-0.34181416,0.623745561,2.463394165,-1.212964773,0.20323807,-1.455058575,-0.60581696,-0.349257767,1.082467079,-0.168251291,1.565045118,-0.356730878,1.445312738,-0.988606036,-1.515213132,-0.839687943],""goal"":[-3.450000048,0.0,0.144999996],""robot_root_angular_velocity"":[-0.634959042,0.955117822,1.158339977],""robot_root_linear_velocity"":[0.119195879,-0.061470948,0.209652379],""robot_root_pose"":[2.304764509,-0.000354351,0.805820525,0.016868409,0.006288042,0.999789476,-0.009845998]}",PI policy,True,1|smooth_hold|-box_y|0.3|1.0,2468,1,35266,35718.0,452.0,260,660,3.807506485523023,3.310875177383423,0.9878787878787879,1.0,1.0258294343948364,0.19315749059120815,1.4440923929214478,3.3139092922210693,2.73261520922692,28.241100311279297,0.17547664153566017,0.836858332157135,4.436425765208674,0.1108156106354506
pi,T0060,legged_gym/logs/Jul09_from_55500/model_73500.pt,1,smooth_hold,-box_y,0.3,2.0,0.1,0.15,0.15,1.125,3.310875177383423,7.1183816778334,0,,1,2.3581748008728027,-0.4226975440979004,-0.0879116356372833,0,0,0.1177096143364906,47c99c9eca8a7f14bff3cc3ed277a3f700139b51,"{""box_angular_velocity"":[-0.010378717,-0.333182216,0.00082723],""box_linear_velocity"":[0.104778133,-0.001443134,-0.151574522],""box_mass"":1.125,""box_pose"":[0.551890194,-2.3965e-05,0.13335444,-0.00261034,-0.001973208,0.764249742,0.644912064],""dof_position"":[-0.114952445,-0.064667955,-0.012277602,0.30015257,-0.195548296,-0.019012354,-0.083069682,0.029480144,0.001259861,0.29627189,-0.224244937,0.039557118,0.047782589,0.019609056,-0.039953683,-0.043134693,0.181735426,0.012116855,1.148370385,0.007869786,-0.077818334,0.053477421,-0.037897296,-0.1514934,0.008088035,1.154584765,-0.111510918,0.014453187,-0.007532792],""dof_velocity"":[1.473152637,0.70960474,2.06715107,-2.433516979,1.290803671,0.714381933,1.491015434,-0.995099902,-2.011154652,-1.059687018,1.444606543,-2.254105091,-2.374682188,-0.34016192,0.591414094,2.472674608,-1.164188385,0.215903893,-1.480985165,-0.622923255,-0.283434391,1.060570478,-0.160593957,1.544314742,-0.363996148,1.439551353,-1.006912708,-1.494984746,-0.810280085],""goal"":[-3.450000048,0.0,0.144999996],""robot_root_angular_velocity"":[-0.629527032,0.945576191,1.149421692],""robot_root_linear_velocity"":[0.109759845,-0.061670214,0.208196893],""robot_root_pose"":[2.304581404,-0.000348725,0.80579406,0.016883817,0.006279822,0.999790013,-0.009762601]}",PI policy,True,1|smooth_hold|-box_y|0.3|2.0,3092,1,35884,36442.0,558.0,460,860,7.1183816778334,3.310875177383423,0.4,1.0,2.3581748008728027,0.4602142032755669,2.1477839946746826,8.08425235748291,-0.3328633628612341,11.550251007080078,0.6036738130209838,1.0,1.858247528329145,0.07513183858123781
pi,T0061,legged_gym/logs/Jul09_from_55500/model_73500.pt,1,smooth_hold,-box_y,0.5,0.5,0.1,0.15,0.15,1.125,5.518125,0.0,1,box_tilt|timeout,0,,,,0,0,4.000012397766113,b37d1a34b504a21fd416095ed82af6e900cfd110,"{""box_angular_velocity"":[0.0,0.0,0.0],""box_linear_velocity"":[0.0,0.0,-0.196175486],""box_mass"":1.125,""box_pose"":[0.549999952,0.0,0.132547736,0.0,0.0,0.764192939,0.644987702],""dof_position"":[-0.115593508,-0.064746052,-0.012320553,0.300360948,-0.195070326,-0.019001871,-0.083475702,0.029394845,0.001167293,0.296318293,-0.223998114,0.039558936,0.048016004,0.019729495,-0.039579578,-0.042687569,0.180484638,0.011865744,1.147352099,0.008331287,-0.078113355,0.05443877,-0.03782244,-0.151108593,0.008053473,1.154164195,-0.111383066,0.014411789,-0.00821572],""dof_velocity"":[1.460155487,0.702920616,2.068506956,-2.447604179,1.321188092,0.714539647,1.485135555,-1.002265334,-2.011068106,-1.06355381,1.450716734,-2.256109238,-2.361958027,-0.34181416,0.623745561,2.463394165,-1.212964773,0.20323807,-1.455058575,-0.60581696,-0.349257767,1.082467079,-0.168251291,1.565045118,-0.356730878,1.445312738,-0.988606036,-1.515213132,-0.839687943],""goal"":[-3.450000048,0.0,0.144999996],""robot_root_angular_velocity"":[-0.634959042,0.955117822,1.158339977],""robot_root_linear_velocity"":[0.119195879,-0.061470948,0.209652379],""robot_root_pose"":[2.304764509,-0.000354351,0.805820525,0.016868409,0.006288042,0.999789476,-0.009845998]}",PI policy,False,1|smooth_hold|-box_y|0.5|0.5,6004,0,36658,,,0,0,0.0,,,,,,,,,,,,,
pi,T0062,legged_gym/logs/Jul09_from_55500/model_73500.pt,1,smooth_hold,-box_y,0.5,1.0,0.1,0.15,0.15,1.125,5.518125057220459,6.345844368803995,0,,0,0.5628808736801147,0.5040773153305054,0.2671894431114197,1,0,0.6720931529998779,8686b8759e303de1b9dcd8c4226ee5761c093f21,"{""box_angular_velocity"":[0.052818909,-0.617193997,0.097779892],""box_linear_velocity"":[0.099004783,0.001751711,-0.153116554],""box_mass"":1.125,""box_pose"":[0.551801264,2.9169e-05,0.133338079,-0.004432955,-0.004249581,0.764709473,0.64434588],""dof_position"":[-0.115173273,-0.065072939,-0.012358559,0.300250351,-0.195336089,-0.019023187,-0.082784683,0.029120829,0.001185883,0.296218961,-0.224485591,0.03952783,0.047393195,0.019156681,-0.040112667,-0.043043997,0.18166624,0.012035387,1.148338437,0.008116276,-0.077845,0.0535734,-0.037792016,-0.151439279,0.007985869,1.154733062,-0.111371219,0.014442697,-0.007521289],""dof_velocity"":[1.482971191,0.704375625,2.087524414,-2.442824841,1.301244497,0.711632669,1.513340116,-0.998463988,-1.990904808,-1.051182866,1.436479807,-2.257259607,-2.372484446,-0.354048729,0.600233555,2.464917421,-1.173290372,0.213890702,-1.471856356,-0.605654061,-0.288861006,1.063053846,-0.156221375,1.539267898,-0.361408114,1.440126777,-0.985117376,-1.490123034,-0.812418342],""goal"":[-3.450000048,0.0,0.144999996],""robot_root_angular_velocity"":[-0.641172588,0.957930326,1.166464686],""robot_root_linear_velocity"":[0.107858129,-0.061188579,0.207180291],""robot_root_pose"":[2.304544687,-0.00031296,0.805772424,0.016877344,0.006440034,0.99978596,-0.010084333]}",PI policy,True,1|smooth_hold|-box_y|0.5|1.0,3488,1,38160,38867.0,707.0,260,660,6.345844368803995,5.518125534057617,1.0,0.0,0.5667756795883179,0.13594129407834823,0.7008004784584045,2.819912910461426,2.9754373865145625,17.717615127563477,0.0710669223324106,0.8287346959114075,4.297525977501364,0.08159178198424559
pi,T0063,legged_gym/logs/Jul09_from_55500/model_73500.pt,1,smooth_hold,-box_y,0.5,2.0,0.1,0.15,0.15,1.125,5.518125057220459,11.863968906818062,0,,1,2.8283698558807373,0.0297180693596601,0.3061637878417969,0,0,0.200468897819519,7847e15ede923f91bfa50e25ed7c64970ce48f0c,"{""box_angular_velocity"":[0.320365191,-0.564513505,0.024622412],""box_linear_velocity"":[0.137099981,0.001951015,-0.13887848],""box_mass"":1.125,""box_pose"":[0.552449405,3.2672e-05,0.133581981,-0.002498475,-0.005951038,0.764265835,0.64486903],""dof_position"":[-0.114865258,-0.065328144,-0.012257705,0.300246239,-0.195525482,-0.019020464,-0.082596458,0.028850267,0.001283546,0.296210825,-0.224528655,0.039544053,0.047724821,0.019048892,-0.040231995,-0.042357586,0.180964068,0.011926998,1.147941709,0.008400346,-0.078125969,0.054127395,-0.03755831,-0.151424348,0.00796862,1.154775143,-0.111410044,0.014394172,-0.007610978],""dof_velocity"":[1.499677658,0.689855516,2.079694986,-2.42961359,1.290158987,0.707839906,1.531519651,-1.013020754,-1.998286366,-1.050073743,1.432473302,-2.260503769,-2.365873337,-0.359414846,0.607225299,2.469205379,-1.200384378,0.208384678,-1.435288191,-0.598592699,-0.333890319,1.076780796,-0.156696916,1.541269064,-0.361083329,1.45386076,-0.983654618,-1.496387959,-0.817435682],""goal"":[-3.450000048,0.0,0.144999996],""robot_root_angular_velocity"":[-0.649920881,0.971589088,1.163876414],""robot_root_linear_velocity"":[0.105040021,-0.062653691,0.204587772],""robot_root_pose"":[2.304486513,-0.000338859,0.805729866,0.016932182,0.006536925,0.999785602,-0.00996346]}",PI policy,True,1|smooth_hold|-box_y|0.5|2.0,2712,1,39033,39496.0,463.0,460,860,11.863968906818062,5.518125057220459,0.7616279069767442,1.0,2.8283698558807373,0.4476616693010857,2.7153775691986084,9.160765647888184,0.350131424555425,54.81406021118164,0.28959026830649914,1.0,3.2498195980523907,0.07766644286406683
pi,T0064,legged_gym/logs/Jul09_from_55500/model_73500.pt,1,smooth_hold,-box_y,0.7,0.5,0.1,0.15,0.15,1.125,7.725375175476074,5.0214939050973815,0,,0,0.5863533616065979,0.365031898021698,0.6284794211387634,1,0,0.5907950401306152,dc3a6c950cf6c1497a48405f000f04f4552cfbc6,"{""box_angular_velocity"":[0.296913803,-0.555012286,-0.064363919],""box_linear_velocity"":[0.102136657,0.0018806,-0.152151778],""box_mass"":1.125,""box_pose"":[0.551847041,2.9087e-05,0.133352831,-0.002549503,-0.005763356,0.763701558,0.645538568],""dof_position"":[-0.115186691,-0.065272734,-0.012381868,0.30025816,-0.195302382,-0.019017147,-0.082781538,0.02888942,0.001112425,0.296238512,-0.224482328,0.039544947,0.047650795,0.019261084,-0.040100843,-0.042604502,0.180894986,0.01184283,1.147840619,0.008431876,-0.078038529,0.054017305,-0.038080573,-0.152051643,0.007779119,1.155054927,-0.11108876,0.014551737,-0.007210219],""dof_velocity"":[1.482063651,0.690915048,2.086405516,-2.442373276,1.302999854,0.708201885,1.515169263,-1.01314044,-1.993438601,-1.051558256,1.436695218,-2.261168242,-2.360701561,-0.359722704,0.601948977,2.464616776,-1.199133158,0.207052961,-1.446546197,-0.589591324,-0.328546107,1.067932725,-0.158786669,1.517809749,-0.361902118,1.426174402,-0.962774932,-1.465079188,-0.80988884],""goal"":[-3.450000048,0.0,0.144999996],""robot_root_angular_velocity"":[-0.651428401,0.959717393,1.173995018],""robot_root_linear_velocity"":[0.108553939,-0.061776422,0.206830293],""robot_root_pose"":[2.304559708,-0.000336646,0.805769324,0.016890656,0.006491541,0.999785066,-0.010118709]}",PI policy,True,1|smooth_hold|-box_y|0.7|0.5,2360,1,39712,40162.0,450.0,160,560,5.0214939050973815,7.725375175476074,1.0,0.0,0.6105483770370483,0.21346302446244017,1.368983268737793,3.3858346939086914,0.3283976370402213,6.940296173095703,0.16664780157443596,0.7207044959068298,4.990179889981768,0.0919786076537223
pi,T0065,legged_gym/logs/Jul09_from_55500/model_73500.pt,1,smooth_hold,-box_y,0.7,1.0,0.1,0.15,0.15,1.125,7.725375,0.0,1,box_tilt|timeout,0,,,,0,0,4.000012397766113,b74716f854bc22791f002898c39095ad6e3bab0b,"{""box_angular_velocity"":[-0.011880491,-0.723196208,0.010865303],""box_linear_velocity"":[0.11453446,0.001441037,-0.146376073],""box_mass"":1.125,""box_pose"":[0.552050531,2.436e-05,0.133450508,-0.005629017,-0.004594497,0.764229059,0.644903898],""dof_position"":[-0.114755467,-0.06500034,-0.012396622,0.300189912,-0.195553243,-0.01903243,-0.082474999,0.029189058,0.001154976,0.29622072,-0.224610046,0.039526395,0.047604017,0.019249603,-0.040204059,-0.042327806,0.181010202,0.011906762,1.147931099,0.008425539,-0.078145154,0.054116055,-0.037480738,-0.151245445,0.007982131,1.154762506,-0.111418284,0.014368371,-0.007750504],""dof_velocity"":[1.497662067,0.702851653,2.080547571,-2.429771185,1.287720919,0.710617423,1.527571321,-0.999901295,-1.998287201,-1.044099092,1.429765821,-2.257215738,-2.366650581,-0.356864601,0.601494551,2.470143795,-1.196956873,0.209113464,-1.433036447,-0.593666077,-0.335867852,1.075932622,-0.153159603,1.551722527,-0.361332089,1.458863139,-0.983139515,-1.500590444,-0.822127521],""goal"":[-3.450000048,0.0,0.144999996],""robot_root_angular_velocity"":[-0.641899884,0.967639565,1.167904377],""robot_root_linear_velocity"":[0.104673468,-0.060288243,0.20605503],""robot_root_pose"":[2.304477215,-0.000311149,0.805757523,0.016956681,0.00641076,0.999785185,-0.010040583]}",PI policy,False,1|smooth_hold|-box_y|0.7|1.0,6004,0,40303,,,0,0,0.0,,,,,,,,,,,,,
pi,T0066,legged_gym/logs/Jul09_from_55500/model_73500.pt,1,smooth_hold,-box_y,0.7,2.0,0.1,0.15,0.15,1.125,7.725375,0.0,1,base_tilt,0,,,,0,0,4.000012397766113,8686b8759e303de1b9dcd8c4226ee5761c093f21,"{""box_angular_velocity"":[0.052818909,-0.617193997,0.097779892],""box_linear_velocity"":[0.099004783,0.001751711,-0.153116554],""box_mass"":1.125,""box_pose"":[0.551801264,2.9169e-05,0.133338079,-0.004432955,-0.004249581,0.764709473,0.64434588],""dof_position"":[-0.115173273,-0.065072939,-0.012358559,0.300250351,-0.195336089,-0.019023187,-0.082784683,0.029120829,0.001185883,0.296218961,-0.224485591,0.03952783,0.047393195,0.019156681,-0.040112667,-0.043043997,0.18166624,0.012035387,1.148338437,0.008116276,-0.077845,0.0535734,-0.037792016,-0.151439279,0.007985869,1.154733062,-0.111371219,0.014442697,-0.007521289],""dof_velocity"":[1.482971191,0.704375625,2.087524414,-2.442824841,1.301244497,0.711632669,1.513340116,-0.998463988,-1.990904808,-1.051182866,1.436479807,-2.257259607,-2.372484446,-0.354048729,0.600233555,2.464917421,-1.173290372,0.213890702,-1.471856356,-0.605654061,-0.288861006,1.063053846,-0.156221375,1.539267898,-0.361408114,1.440126777,-0.985117376,-1.490123034,-0.812418342],""goal"":[-3.450000048,0.0,0.144999996],""robot_root_angular_velocity"":[-0.641172588,0.957930326,1.166464686],""robot_root_linear_velocity"":[0.107858129,-0.061188579,0.207180291],""robot_root_pose"":[2.304544687,-0.00031296,0.805772424,0.016877344,0.006440034,0.99978596,-0.010084333]}",PI policy,False,1|smooth_hold|-box_y|0.7|2.0,304,0,41805,,,0,0,0.0,,,,,,,,,,,,,
pi,T0067,legged_gym/logs/Jul09_from_55500/model_73500.pt,1,smooth_hold,-box_y,0.9,0.5,0.1,0.15,0.15,1.125,9.932624816894531,6.4562062252928,0,,1,1.7041587829589844,0.1178850382566452,-0.1421177089214325,0,0,0.315486341714859,8686b8759e303de1b9dcd8c4226ee5761c093f21,"{""box_angular_velocity"":[0.052818909,-0.617193997,0.097779892],""box_linear_velocity"":[0.099004783,0.001751711,-0.153116554],""box_mass"":1.125,""box_pose"":[0.551801264,2.9169e-05,0.133338079,-0.004432955,-0.004249581,0.764709473,0.64434588],""dof_position"":[-0.115173273,-0.065072939,-0.012358559,0.300250351,-0.195336089,-0.019023187,-0.082784683,0.029120829,0.001185883,0.296218961,-0.224485591,0.03952783,0.047393195,0.019156681,-0.040112667,-0.043043997,0.18166624,0.012035387,1.148338437,0.008116276,-0.077845,0.0535734,-0.037792016,-0.151439279,0.007985869,1.154733062,-0.111371219,0.014442697,-0.007521289],""dof_velocity"":[1.482971191,0.704375625,2.087524414,-2.442824841,1.301244497,0.711632669,1.513340116,-0.998463988,-1.990904808,-1.051182866,1.436479807,-2.257259607,-2.372484446,-0.354048729,0.600233555,2.464917421,-1.173290372,0.213890702,-1.471856356,-0.605654061,-0.288861006,1.063053846,-0.156221375,1.539267898,-0.361408114,1.440126777,-0.985117376,-1.490123034,-0.812418342],""goal"":[-3.450000048,0.0,0.144999996],""robot_root_angular_velocity"":[-0.641172588,0.957930326,1.166464686],""robot_root_linear_velocity"":[0.107858129,-0.061188579,0.207180291],""robot_root_pose"":[2.304544687,-0.00031296,0.805772424,0.016877344,0.006440034,0.99978596,-0.010084333]}",PI policy,True,1|smooth_hold|-box_y|0.9|0.5,2608,1,41882,42394.0,512.0,160,560,6.4562062252928,9.932624816894531,0.9571428571428572,1.0,1.7041587829589844,0.2823909198599202,1.6098374128341677,3.194181203842163,1.353235534317459,47.60171508789063,0.10389321701950391,0.9848034977912904,3.69586753788005,0.07583321288652117
pi,T0068,legged_gym/logs/Jul09_from_55500/model_73500.pt,1,smooth_hold,-box_y,0.9,1.0,0.1,0.15,0.15,1.125,9.932625,0.0,1,other,0,,,,0,0,4.007273674011231,37236c875ed18a19bc0b5e346952a087aa612331,"{""box_angular_velocity"":[-0.546777606,-0.645373642,-0.163571313],""box_linear_velocity"":[0.091834046,-0.004629397,-0.155687571],""box_mass"":1.125,""box_pose"":[0.551675797,-8.2593e-05,0.133294031,-0.008050115,-0.000464256,0.763198495,0.646113753],""dof_position"":[-0.114884198,-0.06401249,-0.012320977,0.300211817,-0.1955612,-0.019011132,-0.083137654,0.030154752,0.001237533,0.296291113,-0.224170014,0.039550666,0.048235755,0.020178791,-0.040049624,-0.042549934,0.181059286,0.012013832,1.147917628,0.008116459,-0.07807792,0.05404475,-0.037762988,-0.151304275,0.008074504,1.154565454,-0.111592114,0.014431639,-0.007771704],""dof_velocity"":[1.492001176,0.722448111,2.050035,-2.437279701,1.301950455,0.719249547,1.504902959,-0.98163414,-2.028864384,-1.05947578,1.44430244,-2.248621702,-2.364984751,-0.330070823,0.614878714,2.469827414,-1.183651686,0.212135717,-1.451140642,-0.617371798,-0.327180028,1.074606061,-0.170836717,1.560895801,-0.362713277,1.452437997,-1.005500436,-1.502487063,-0.821359396],""goal"":[-3.450000048,0.0,0.144999996],""robot_root_angular_velocity"":[-0.615943015,0.96423763,1.140412688],""robot_root_linear_velocity"":[0.109984852,-0.059061483,0.206040576],""robot_root_pose"":[2.304576397,-0.000346601,0.805757761,0.016907249,0.006020764,0.999793172,-0.009563167]}",PI policy,False,1|smooth_hold|-box_y|0.9|1.0,488,0,42535,,,0,0,0.0,,,,,,,,,,,,,
pi,T0069,legged_gym/logs/Jul09_from_55500/model_73500.pt,1,smooth_hold,-box_y,0.9,2.0,0.1,0.15,0.15,1.125,9.932624816894531,21.35514342873502,0,,0,0.4282293021678924,0.4805936217308044,0.6347723603248596,1,0,0.5051597356796265,8686b8759e303de1b9dcd8c4226ee5761c093f21,"{""box_angular_velocity"":[0.052818909,-0.617193997,0.097779892],""box_linear_velocity"":[0.099004783,0.001751711,-0.153116554],""box_mass"":1.125,""box_pose"":[0.551801264,2.9169e-05,0.133338079,-0.004432955,-0.004249581,0.764709473,0.64434588],""dof_position"":[-0.115173273,-0.065072939,-0.012358559,0.300250351,-0.195336089,-0.019023187,-0.082784683,0.029120829,0.001185883,0.296218961,-0.224485591,0.03952783,0.047393195,0.019156681,-0.040112667,-0.043043997,0.18166624,0.012035387,1.148338437,0.008116276,-0.077845,0.0535734,-0.037792016,-0.151439279,0.007985869,1.154733062,-0.111371219,0.014442697,-0.007521289],""dof_velocity"":[1.482971191,0.704375625,2.087524414,-2.442824841,1.301244497,0.711632669,1.513340116,-0.998463988,-1.990904808,-1.051182866,1.436479807,-2.257259607,-2.372484446,-0.354048729,0.600233555,2.464917421,-1.173290372,0.213890702,-1.471856356,-0.605654061,-0.288861006,1.063053846,-0.156221375,1.539267898,-0.361408114,1.440126777,-0.985117376,-1.490123034,-0.812418342],""goal"":[-3.450000048,0.0,0.144999996],""robot_root_angular_velocity"":[-0.641172588,0.957930326,1.166464686],""robot_root_linear_velocity"":[0.107858129,-0.061188579,0.207180291],""robot_root_pose"":[2.304544687,-0.00031296,0.805772424,0.016877344,0.006440034,0.99978596,-0.010084333]}",PI policy,True,1|smooth_hold|-box_y|0.9|2.0,3184,1,42658,43239.0,581.0,460,860,21.35514342873502,9.932624816894531,1.0,0.0,0.4433416426181793,0.1886777980859543,1.3246206045150757,2.4906721115112305,10.221549560995989,44.29280090332031,0.039894048453763466,0.8799960613250732,11.22209772762171,0.1469850342759834
pi,T0070,legged_gym/logs/Jul09_from_55500/model_73500.pt,1,smooth_hold,-box_y,1.1,0.5,0.1,0.15,0.15,1.125,12.13987636566162,7.890920206813991,0,,0,0.5074835419654846,-0.0632762759923935,0.2143491953611374,1,0,0.6220380067825317,5394f07030f4c210f700556d4039f517a3a62080,"{""box_angular_velocity"":[0.0,0.0,0.0],""box_linear_velocity"":[0.0,0.0,-0.196175486],""box_mass"":1.125,""box_pose"":[0.549999952,0.0,0.132547736,0.0,0.0,0.764192939,0.644987702],""dof_position"":[-0.115199775,-0.064741455,-0.012342526,0.300274879,-0.195298284,-0.019007843,-0.083287686,0.029401679,0.001171509,0.29636687,-0.224031657,0.039561354,0.048068218,0.019742884,-0.039527535,-0.042573001,0.180481613,0.01185841,1.147331595,0.008332084,-0.078109004,0.05443779,-0.037747283,-0.151107281,0.00809264,1.154166937,-0.111399584,0.014423873,-0.008208429],""dof_velocity"":[1.458274126,0.702725112,2.06296277,-2.436100245,1.306379318,0.713822365,1.479243755,-1.002407312,-2.016382933,-1.063427925,1.454624534,-2.255996466,-2.363877773,-0.341221362,0.606633365,2.471347332,-1.213352799,0.204265803,-1.449094296,-0.604001164,-0.353094429,1.081974745,-0.162425101,1.566360712,-0.359769136,1.450787544,-0.996386468,-1.51717937,-0.837537169],""goal"":[-3.450000048,0.0,0.144999996],""robot_root_angular_velocity"":[-0.633585215,0.948903084,1.1583606],""robot_root_linear_velocity"":[0.117900208,-0.061512951,0.20963493],""robot_root_pose"":[2.304741621,-0.000356438,0.805822372,0.016948786,0.006286846,0.999788523,-0.009805434]}",PI policy,True,1|smooth_hold|-box_y|1.1|0.5,2236,1,43455,43874.0,419.0,160,560,7.890920206813991,12.139877319335938,0.9982142857142857,1.0,0.5269357562065125,0.2299664497242442,1.3744415044784546,2.814439296722412,-0.4086574551699284,1.276943922042847,0.09138546688648469,0.9477261304855348,3.7759485056756863,0.0632853785218555
pi,T0071,legged_gym/logs/Jul09_from_55500/model_73500.pt,1,smooth_hold,-box_y,1.1,1.0,0.1,0.15,0.15,1.125,12.13987636566162,13.960857818363683,0,,0,0.4300121963024139,0.5582617521286011,0.8699102401733398,1,0,0.5318915843963623,247081ac97c6ae80daffe0cfcb2a7fd2ff40fbdf,"{""box_angular_velocity"":[0.193946615,-0.365300536,0.092627496],""box_linear_velocity"":[0.104196139,0.001519312,-0.152303517],""box_mass"":1.125,""box_pose"":[0.551877081,2.6187e-05,0.133342057,-0.001603813,-0.003688851,0.764716864,0.644353926],""dof_position"":[-0.115161158,-0.06513954,-0.012293356,0.300230473,-0.195375189,-0.019020922,-0.082874075,0.029027531,0.001238639,0.29619348,-0.224421129,0.039538588,0.047612689,0.019142482,-0.040097553,-0.04270127,0.181226835,0.011995849,1.148062944,0.008236617,-0.078054845,0.053947125,-0.037622437,-0.151209101,0.008027258,1.154601097,-0.111459151,0.014348243,-0.007791393],""dof_velocity"":[1.488053083,0.699286401,2.081370115,-2.436677217,1.295900583,0.710513592,1.517571807,-1.004328728,-1.996691465,-1.051795721,1.434270144,-2.258472919,-2.36860919,-0.354313731,0.612700045,2.465386391,-1.190078259,0.209786743,-1.454748392,-0.606638074,-0.316993028,1.073750377,-0.158959046,1.551445723,-0.359357476,1.44948566,-0.988132,-1.503509998,-0.822795212],""goal"":[-3.450000048,0.0,0.144999996],""robot_root_angular_velocity"":[-0.643704176,0.963726759,1.161555648],""robot_root_linear_velocity"":[0.108299412,-0.061553836,0.208110675],""robot_root_pose"":[2.304545164,-0.000322257,0.805791736,0.016859436,0.006471776,0.999787092,-0.009978475]}",PI policy,True,1|smooth_hold|-box_y|1.1|1.0,2996,1,44015,44599.0,584.0,260,660,13.960857818363683,12.13987636566162,0.9984848484848485,1.0,0.4300121963024139,0.1840805397961627,1.2119067907333374,2.2682008743286133,-0.49537464947242177,33.76411056518555,0.06768014094900122,0.9921124577522278,4.563951177082279,0.07067487262507763
pi,T0072,legged_gym/logs/Jul09_from_55500/model_73500.pt,1,smooth_hold,-box_y,1.1,2.0,0.1,0.15,0.15,1.125,12.13987636566162,26.100734314017583,0,,1,2.571406126022339,0.5594584345817566,1.1262688636779783,0,0,0.1151777207851409,3b772b1bba89e9bf9e2f60b86069c3a9cd6dc859,"{""box_angular_velocity"":[-0.350617707,-0.095130183,-0.193258032],""box_linear_velocity"":[0.072821341,-0.003740693,-0.165785402],""box_mass"":1.125,""box_pose"":[0.551329017,-6.0727e-05,0.133103222,-0.002972597,0.00180577,0.763248742,0.646095276],""dof_position"":[-0.11535757,-0.064516909,-0.012248573,0.300288171,-0.195301622,-0.019014595,-0.083328985,0.029634962,0.001272414,0.296242714,-0.224112436,0.03954355,0.047892954,0.019550521,-0.039846156,-0.04287158,0.181541353,0.012037087,1.147911191,0.007998239,-0.078026779,0.053778999,-0.037788786,-0.151084796,0.008124514,1.154300809,-0.111515351,0.01438864,-0.007853203],""dof_velocity"":[1.472810626,0.714876473,2.065109491,-2.441615105,1.308667898,0.71694237,1.494750261,-0.989521623,-2.013229609,-1.060972095,1.443251967,-2.252485037,-2.369517326,-0.342667848,0.618144512,2.463405609,-1.174184442,0.217650607,-1.463841438,-0.613282979,-0.31799081,1.070213437,-0.167829528,1.561796546,-0.360156298,1.444505811,-1.000675917,-1.511000872,-0.821746886],""goal"":[-3.450000048,0.0,0.144999996],""robot_root_angular_velocity"":[-0.626013935,0.956080437,1.148082376],""robot_root_linear_velocity"":[0.113889299,-0.060531862,0.208032474],""robot_root_pose"":[2.304653168,-0.000330768,0.805789471,0.016837297,0.006238244,0.999791324,-0.009739004]}",PI policy,True,1|smooth_hold|-box_y|1.1|2.0,2720,1,44765,45230.0,465.0,460,860,26.100734314017583,12.13987636566162,0.6069767441860465,1.0,2.68782114982605,0.5242819999279671,2.7941434383392334,15.95368766784668,0.8228086671759482,135.45372009277344,0.40798507905348613,1.0,2.7266430685946417,0.057726240484686914
pi,T0073,legged_gym/logs/Jul09_from_55500/model_73500.pt,2,smooth_hold,+box_x,0.1,0.5,0.1,0.15,0.15,1.125,1.103625,0.0,1,other,0,,,,0,0,4.002978801727295,2ca4c43e9b058a9fcccad1b2232bb36b094477aa,"{""box_angular_velocity"":[0.672618151,-0.300420433,0.179238752],""box_linear_velocity"":[0.033689652,-0.002563326,-0.186210856],""box_mass"":1.125,""box_pose"":[0.550548136,-4.4258e-05,0.132714629,0.001759084,-0.00635018,0.685543656,0.728001714],""dof_position"":[-0.237285301,-0.026350558,0.005896532,0.430966944,-0.16551204,0.055689678,0.132243916,0.032053489,0.046180256,0.269787073,-0.251025379,0.020427672,0.103851572,0.004671078,0.038377546,-0.071688324,0.111822061,-0.005959525,0.347464085,-0.143093005,-0.147227928,-0.067092627,-0.393885165,-0.158520728,0.130056649,0.653409958,0.040091336,-0.132863685,0.135726064],""dof_velocity"":[-3.69987011,-2.04023695,-0.219868556,-14.315044403,-0.977586269,-2.914503098,-8.073449135,-2.565349817,-2.709582567,5.553555012,-0.017191259,-2.663327694,-0.661635637,-3.170675993,-11.556290627,0.988226235,-0.195298359,1.803678989,16.630430222,2.109781742,-13.163048744,-1.939331055,1.677898407,9.73107338,-11.54144001,15.634000778,-13.568096161,-10.718770981,5.724619389],""goal"":[-3.450000048,0.0,0.18273592],""robot_root_angular_velocity"":[-1.431528211,-7.326596737,1.130014539],""robot_root_linear_velocity"":[-0.336922407,0.054843113,-0.045488797],""robot_root_pose"":[2.28360796,0.002504884,0.79816258,-0.089187384,0.011171118,0.995951295,0.001305299]}",PI policy,False,2|smooth_hold|+box_x|0.1|0.5,144,0,45446,,,0,0,0.0,,,,,,,,,,,,,
pi,T0074,legged_gym/logs/Jul09_from_55500/model_73500.pt,2,smooth_hold,+box_x,0.1,1.0,0.1,0.15,0.15,1.125,1.1036250591278076,1.2691688273500277,0,,1,0.635988175868988,-0.1148761808872222,-0.2649130821228027,0,0,0.3729443550109863,b5c8ad07aba8dbea248472ee7759391fd29bbfd5,"{""box_angular_velocity"":[0.672617495,-0.300419331,0.17923297],""box_linear_velocity"":[0.03368954,-0.002563389,-0.186210886],""box_mass"":1.125,""box_pose"":[0.550548136,-4.4259e-05,0.132714629,0.001759089,-0.006350186,0.685543597,0.728001773],""dof_position"":[-0.237284869,-0.026350636,0.005896856,0.430967838,-0.165514305,0.055689692,0.132243767,0.03205312,0.046180442,0.269787192,-0.25102523,0.020427709,0.103851825,0.004670701,0.038377684,-0.071688376,0.111822158,-0.005959492,0.347464144,-0.14309305,-0.147227988,-0.067092635,-0.393885165,-0.158520669,0.13005662,0.653410077,0.040091328,-0.132863805,0.13572602],""dof_velocity"":[-3.699799061,-2.040255785,-0.219846427,-14.315005302,-0.977765501,-2.91450882,-8.07344532,-2.565390587,-2.709569931,5.55354929,-0.017179376,-2.663324356,-0.661617756,-3.170716047,-11.556266785,0.988224328,-0.195290193,1.803682685,16.630435944,2.109781265,-13.163054466,-1.939333081,1.677896023,9.731084824,-11.541437149,15.6340065,-13.568099022,-10.718781471,5.724613667],""goal"":[-3.450000048,0.0,0.18273592],""robot_root_angular_velocity"":[-1.431560278,-7.326583385,1.129992127],""robot_root_linear_velocity"":[-0.336924016,0.054842059,-0.045485049],""robot_root_pose"":[2.28360796,0.002504911,0.798162878,-0.089187354,0.011171281,0.995951355,0.001305427]}",PI policy,True,2|smooth_hold|+box_x|0.1|1.0,2360,1,45483,45908.0,425.0,260,660,1.2691688273500277,1.1036250591278076,0.9833333333333333,1.0,0.635988175868988,0.20520840878739502,1.3260068893432615,3.5521116256713867,4.249900561571121,89.52664947509766,0.12750648972737094,0.9999998807907104,5.528627718228734,0.11932757010398548
pi,T0075,legged_gym/logs/Jul09_from_55500/model_73500.pt,2,smooth_hold,+box_x,0.1,2.0,0.1,0.15,0.15,1.125,1.1036250591278076,2.372793882467221,0,,0,0.5048685669898987,0.1020121127367019,-0.1109703108668327,1,0,0.6362336874008179,f3a67c14a0570a9eeb4e2e738a2c481b0f816f0a,"{""box_angular_velocity"":[0.426794112,-0.655767322,0.130312845],""box_linear_velocity"":[0.002186756,-0.005304846,-0.193893626],""box_mass"":1.125,""box_pose"":[0.550047696,-9.8907e-05,0.132598951,-0.001606673,-0.007371054,0.684973776,0.728528559],""dof_position"":[-0.23754704,-0.026036609,0.006015177,0.430994481,-0.16544266,0.055636376,0.131640837,0.032189339,0.04626165,0.269817621,-0.250573665,0.020434266,0.104223393,0.004700539,0.038702354,-0.071696371,0.110494167,-0.005676913,0.346969396,-0.142008334,-0.147296607,-0.066441678,-0.394387186,-0.158496916,0.130068034,0.653480113,0.04013152,-0.132912457,0.135749742],""dof_velocity"":[-3.710478544,-2.04000473,-0.234905094,-14.315104485,-0.971876264,-2.913040161,-8.090005875,-2.566616058,-2.729003429,5.535470963,0.002721286,-2.664393425,-0.659124553,-3.184981346,-11.529662132,0.996366143,-0.207095534,1.77662468,16.590961456,2.098881245,-13.174014091,-1.867237926,1.646655679,9.741802216,-11.542308807,15.642601013,-13.567768097,-10.723856926,5.725372314],""goal"":[-3.450000048,0.0,0.18273592],""robot_root_angular_velocity"":[-1.432190776,-7.327732086,1.117252588],""robot_root_linear_velocity"":[-0.33051905,0.057517465,-0.043789215],""robot_root_pose"":[2.283718348,0.002523554,0.798198223,-0.089253075,0.011086256,0.99594605,0.001558631]}",PI policy,True,2|smooth_hold|+box_x|0.1|2.0,2524,1,46074,46490.0,416.0,460,860,2.372793882467221,1.1036250591278076,1.0,0.0,0.5048685669898987,0.16975595650674646,1.3570332527160645,2.4076743125915527,1.8892703623359286,14.026813507080078,0.052531700079981765,0.4772182703018188,3.2225014445220315,0.044811228091384124
pi,T0076,legged_gym/logs/Jul09_from_55500/model_73500.pt,2,smooth_hold,+box_x,0.3,0.5,0.1,0.15,0.15,1.125,3.310875177383423,2.1520689088656515,0,,0,0.5275887250900269,-0.2035317718982696,-0.2800796627998352,1,0,0.4449300169944763,410a339b6db77184fc9f500d7ac357ed400e61c9,"{""box_angular_velocity"":[0.149782255,-0.407726526,0.33583039],""box_linear_velocity"":[-0.019697012,0.001595212,-0.207504198],""box_mass"":1.125,""box_pose"":[0.54965502,3.5724e-05,0.132353216,-0.001955254,-0.003514151,0.686863244,0.726775527],""dof_position"":[-0.237474993,-0.026114687,0.00586086,0.431130081,-0.165453032,0.05567944,0.131943092,0.032261703,0.046143357,0.269872397,-0.250743866,0.020445686,0.104135476,0.004657648,0.038864218,-0.071443982,0.111613564,-0.00572943,0.345924467,-0.142950252,-0.146441117,-0.067130633,-0.395718485,-0.157287896,0.128859237,0.655778587,0.039093614,-0.133507535,0.135681659],""dof_velocity"":[-3.723014355,-2.030225515,-0.235065117,-14.30734539,-0.970925033,-2.909221649,-8.094763756,-2.552084446,-2.723549366,5.543012142,0.001905858,-2.65907073,-0.659039378,-3.163455725,-11.544304848,1.014814496,-0.199918121,1.798728943,16.542695999,2.100515366,-13.130867958,-1.92498374,1.567335129,9.739690781,-11.543318748,15.761292458,-13.543819427,-10.76420784,5.663603783],""goal"":[-3.450000048,0.0,0.18273592],""robot_root_angular_velocity"":[-1.419001818,-7.334391117,1.131370544],""robot_root_linear_velocity"":[-0.331176341,0.055566125,-0.045391239],""robot_root_pose"":[2.283710241,0.002526435,0.798172712,-0.089169301,0.011093972,0.995953798,0.0013799]}",PI policy,True,2|smooth_hold|+box_x|0.3|0.5,2324,1,46706,47147.0,441.0,160,560,2.1520689088656515,3.310875177383423,1.0,0.0,0.5347945094108582,0.2015155829988154,1.2195760011672974,2.745681047439575,2.325902762503496,14.615206718444824,0.08434657962893,0.4523611962795257,3.9231063108758204,0.0638605666891505
pi,T0077,legged_gym/logs/Jul09_from_55500/model_73500.pt,2,smooth_hold,+box_x,0.3,1.0,0.1,0.15,0.15,1.125,3.310875177383423,3.807506233833123,0,,1,2.586239814758301,-0.2972877621650696,-0.3432624638080597,0,0,0.116431176662445,4908f0519a1151314580639ab56139edbe60aac3,"{""box_angular_velocity"":[0.658107936,-0.659350157,0.215167806],""box_linear_velocity"":[0.005775886,-0.004036506,-0.193530351],""box_mass"":1.125,""box_pose"":[0.550109029,-7.6095e-05,0.132603839,-7.2809e-05,-0.008811771,0.685532928,0.727988243],""dof_position"":[-0.237525567,-0.026175419,0.00600659,0.430971473,-0.165402249,0.055645976,0.131702647,0.032082036,0.046255276,0.26982823,-0.250616431,0.020429213,0.10417743,0.004608062,0.038684353,-0.071599185,0.110512659,-0.005822154,0.34679392,-0.141922504,-0.147190496,-0.066363007,-0.39434725,-0.158480033,0.130047902,0.653493404,0.04011653,-0.132909313,0.135738492],""dof_velocity"":[-3.710496426,-2.042320013,-0.233840138,-14.312791824,-0.972966969,-2.913847923,-8.087697983,-2.567909718,-2.726022243,5.536954403,0.002473517,-2.665399075,-0.660838366,-3.184605122,-11.530592918,0.998885155,-0.212565944,1.778068662,16.584396362,2.109431028,-13.167650223,-1.872201562,1.648121953,9.739653587,-11.541929245,15.642475128,-13.566810608,-10.72308445,5.72410202],""goal"":[-3.450000048,0.0,0.18273592],""robot_root_angular_velocity"":[-1.434190512,-7.326488972,1.120340824],""robot_root_linear_velocity"":[-0.330975503,0.05715777,-0.044008024],""robot_root_pose"":[2.283708811,0.002524755,0.798193812,-0.089242294,0.011138035,0.995946527,0.001523445]}",PI policy,True,2|smooth_hold|+box_x|0.3|1.0,2304,1,47288,47699.0,411.0,260,660,3.807506233833123,3.310874938964844,0.8181818181818182,1.0,2.8514955043792725,0.4279694249006835,2.4192538261413574,7.82257080078125,2.801230701346966,330.1556701660156,0.20330014823315043,1.0,5.4246737831808405,0.09336247440686828
pi,T0078,legged_gym/logs/Jul09_from_55500/model_73500.pt,2,smooth_hold,+box_x,0.3,2.0,0.1,0.15,0.15,1.125,3.310875,0.0,1,box_tilt|timeout,0,,,,0,0,4.000012397766113,7c1f2a968712bc151137881b9419bd55575a31fd,"{""box_angular_velocity"":[0.672560871,-0.300383776,0.179341763],""box_linear_velocity"":[0.033707943,-0.002564036,-0.186203152],""box_mass"":1.125,""box_pose"":[0.550548553,-4.4268e-05,0.132714778,0.001759038,-0.006349898,0.685544312,0.728000998],""dof_position"":[-0.237283826,-0.026351757,0.005896891,0.430968344,-0.165513381,0.055688914,0.132245973,0.032052509,0.046179473,0.269787699,-0.251026005,0.020426875,0.103852563,0.004665846,0.038380884,-0.071675062,0.111795455,-0.005968498,0.34747076,-0.14306967,-0.147254318,-0.067078635,-0.393885612,-0.158518717,0.130054608,0.653409719,0.040091705,-0.132863715,0.135724962],""dof_velocity"":[-3.699853659,-2.040274858,-0.219844058,-14.314961433,-0.977654457,-2.914536476,-8.073411942,-2.565372705,-2.709612608,5.553611279,-0.017200902,-2.663356066,-0.661596179,-3.17101717,-11.556139946,0.988642991,-0.196054056,1.803285122,16.63104248,2.110189915,-13.164363861,-1.938727617,1.677851558,9.731161118,-11.541464806,15.633981705,-13.567970276,-10.718790054,5.724478245],""goal"":[-3.450000048,0.0,0.18273592],""robot_root_angular_velocity"":[-1.431691766,-7.326523781,1.130100608],""robot_root_linear_velocity"":[-0.33690089,0.054902196,-0.04550327],""robot_root_pose"":[2.283609629,0.002505902,0.798162699,-0.08918605,0.011172494,0.995951355,0.001304639]}",PI policy,False,2|smooth_hold|+box_x|0.3|2.0,6004,0,47865,,,0,0,0.0,,,,,,,,,,,,,
pi,T0079,legged_gym/logs/Jul09_from_55500/model_73500.pt,2,smooth_hold,+box_x,0.5,0.5,0.1,0.15,0.15,1.125,5.518125057220459,3.586781595103433,0,,1,0.7986940145492554,2.7201292514801025,2.3730876445770264,1,0,0.7975142598152161,2ca4c43e9b058a9fcccad1b2232bb36b094477aa,"{""box_angular_velocity"":[0.672618151,-0.300420433,0.179238752],""box_linear_velocity"":[0.033689652,-0.002563326,-0.186210856],""box_mass"":1.125,""box_pose"":[0.550548136,-4.4258e-05,0.132714629,0.001759084,-0.00635018,0.685543656,0.728001714],""dof_position"":[-0.237285301,-0.026350558,0.005896532,0.430966944,-0.16551204,0.055689678,0.132243916,0.032053489,0.046180256,0.269787073,-0.251025379,0.020427672,0.103851572,0.004671078,0.038377546,-0.071688324,0.111822061,-0.005959525,0.347464085,-0.143093005,-0.147227928,-0.067092627,-0.393885165,-0.158520728,0.130056649,0.653409958,0.040091336,-0.132863685,0.135726064],""dof_velocity"":[-3.69987011,-2.04023695,-0.219868556,-14.315044403,-0.977586269,-2.914503098,-8.073449135,-2.565349817,-2.709582567,5.553555012,-0.017191259,-2.663327694,-0.661635637,-3.170675993,-11.556290627,0.988226235,-0.195298359,1.803678989,16.630430222,2.109781742,-13.163048744,-1.939331055,1.677898407,9.73107338,-11.54144001,15.634000778,-13.568096161,-10.718770981,5.724619389],""goal"":[-3.450000048,0.0,0.18273592],""robot_root_angular_velocity"":[-1.431528211,-7.326596737,1.130014539],""robot_root_linear_velocity"":[-0.336922407,0.054843113,-0.045488797],""robot_root_pose"":[2.28360796,0.002504884,0.79816258,-0.089187384,0.011171118,0.995951295,0.001305299]}",PI policy,True,2|smooth_hold|+box_x|0.5|0.5,2312,1,49367,49805.0,438.0,160,560,3.586781595103433,5.518125534057617,0.975,1.0,0.8167040944099426,0.33318922873586415,1.4189093112945557,4.06852388381958,0.7182307273681675,26.82839584350586,0.14778031152340448,0.9954463243484496,6.620383330587564,0.11831046138109479
pi,T0080,legged_gym/logs/Jul09_from_55500/model_73500.pt,2,smooth_hold,+box_x,0.5,1.0,0.1,0.15,0.15,1.125,5.518125057220459,6.345843877846866,0,,1,1.0776687860488892,0.3031267523765564,0.3569109439849853,1,0,1.1973674297332764,08b12e93a29cd0ee3b7fab0ac8d0f245278c4140,"{""box_angular_velocity"":[0.012840456,0.137617737,0.714095116],""box_linear_velocity"":[-0.025995698,0.007744202,-0.213560253],""box_mass"":1.125,""box_pose"":[0.549584925,0.000137602,0.132260948,0.000642875,0.000802774,0.689078152,0.724686265],""dof_position"":[-0.237607628,-0.026009038,0.005881162,0.431070924,-0.165302381,0.055678871,0.131702885,0.032302111,0.046153147,0.269862264,-0.250550956,0.02046415,0.104426764,0.004924085,0.038948007,-0.07113675,0.11233566,-0.005184202,0.343811005,-0.144238889,-0.144517839,-0.067924708,-0.395162612,-0.157992944,0.129175633,0.654743314,0.039507765,-0.133262038,0.135662258],""dof_velocity"":[-3.724284649,-2.035297871,-0.24387522,-14.308386803,-0.965970933,-2.908371449,-8.094822884,-2.55637455,-2.73437953,5.535557747,0.007626375,-2.659319162,-0.646498442,-3.157833338,-11.528464317,1.027449489,-0.163880125,1.802179933,16.421211243,2.040458441,-13.026689529,-1.94612956,1.600975633,9.726054192,-11.550540924,15.706977844,-13.551578522,-10.748356819,5.682386398],""goal"":[-3.450000048,0.0,0.18273592],""robot_root_angular_velocity"":[-1.419759989,-7.328633308,1.132001638],""robot_root_linear_velocity"":[-0.327822894,0.055076689,-0.042604748],""robot_root_pose"":[2.283769608,0.002508011,0.798219502,-0.08919058,0.011041123,0.995952308,0.001450461]}",PI policy,True,2|smooth_hold|+box_x|0.5|1.0,2060,1,49946,50296.0,350.0,260,660,6.345843877846866,5.518125057220459,0.9621212121212122,1.0,1.0776687860488892,0.4129592430636738,1.5573965311050415,5.452977180480957,-0.6234281383793462,42.202823638916016,0.1653486958214533,0.9865421056747437,6.556876330534843,0.12943147372478211
pi,T0081,legged_gym/logs/Jul09_from_55500/model_73500.pt,2,smooth_hold,+box_x,0.5,2.0,0.1,0.15,0.15,1.125,5.518125057220459,11.86396990298151,0,,1,2.4927732944488525,1.0233622789382937,0.91819429397583,0,0,0.1716852635145187,438b8fa359b98d7cd79d36815ad462b6ea3df090,"{""box_angular_velocity"":[0.455649883,-0.622341871,0.641697645],""box_linear_velocity"":[0.046996858,0.002305493,-0.180667236],""box_mass"":1.125,""box_pose"":[0.550819755,4.3873e-05,0.132827446,-0.001492579,-0.007103615,0.688573837,0.725129843],""dof_position"":[-0.237238005,-0.026595533,0.00587462,0.431067467,-0.165549949,0.055683587,0.132301807,0.031877823,0.04609634,0.269905031,-0.251007289,0.02040788,0.103875138,0.004228814,0.038520847,-0.071549177,0.110913619,-0.005797213,0.34634468,-0.142069384,-0.146429494,-0.066770516,-0.395324081,-0.157115027,0.128845647,0.655771196,0.039025452,-0.133462265,0.13563858],""dof_velocity"":[-3.711355209,-2.040388584,-0.224462077,-14.302898407,-0.980521858,-2.913968563,-8.079603195,-2.56058526,-2.709994793,5.550191402,-0.002868831,-2.663253546,-0.663701773,-3.174627542,-11.561995506,1.004209638,-0.219171509,1.783341527,16.567014694,2.119541645,-13.131399155,-1.896985292,1.590079308,9.73925972,-11.542325974,15.754821777,-13.540665627,-10.75965786,5.659004211],""goal"":[-3.450000048,0.0,0.18273592],""robot_root_angular_velocity"":[-1.432242155,-7.33128643,1.142098308],""robot_root_linear_velocity"":[-0.337311178,0.055360995,-0.048584335],""robot_root_pose"":[2.283596039,0.002543551,0.79811132,-0.089144841,0.01129675,0.995953798,0.00121994]}",PI policy,True,2|smooth_hold|+box_x|0.5|2.0,2540,1,50462,50882.0,420.0,460,860,11.86396990298151,5.518125534057617,0.8372093023255814,1.0,2.563893795013428,0.3953946481307232,2.6161885261535645,5.490748405456543,3.4334422327967924,62.63118362426758,0.21157265802802042,1.0,8.6942170715436,0.18060325064210236
pi,T0082,legged_gym/logs/Jul09_from_55500/model_73500.pt,2,smooth_hold,+box_x,0.7,0.5,0.1,0.15,0.15,1.125,7.725375175476074,5.021493933949754,0,,1,0.4807260930538177,0.5051083564758301,0.3549588322639465,1,0,0.7314777970314026,4582287138b2fc3a31a1cb25dd8705f72c204d9c,"{""box_angular_velocity"":[0.0,0.0,0.0],""box_linear_velocity"":[0.0,0.0,-0.196175486],""box_mass"":1.125,""box_pose"":[0.549999952,0.0,0.132547736,0.0,0.0,0.68435663,0.729147375],""dof_position"":[-0.237780809,-0.025950639,0.005912176,0.431112438,-0.165377572,0.055663545,0.131443098,0.032299895,0.046190694,0.269825906,-0.250445813,0.020467527,0.104477204,0.004905494,0.038970519,-0.071286865,0.109377429,-0.00606284,0.346385926,-0.141034573,-0.147619501,-0.0659502,-0.397222638,-0.156369403,0.128000021,0.657772839,0.038140442,-0.134024382,0.135641053],""dof_velocity"":[-3.723170042,-2.037189007,-0.247902557,-14.308513641,-0.969866395,-2.908161879,-8.095814705,-2.559491634,-2.739269257,5.529987812,0.007342046,-2.660553455,-0.661911964,-3.166270971,-11.513833046,1.023054957,-0.251062393,1.770554185,16.558387756,2.1219697,-13.192837715,-1.849751234,1.464424968,9.760338783,-11.547391891,15.874684334,-13.54074955,-10.804070473,5.615897655],""goal"":[-3.450000048,0.0,0.18273592],""robot_root_angular_velocity"":[-1.421434879,-7.328875542,1.125061154],""robot_root_linear_velocity"":[-0.327150285,0.055600896,-0.04376151],""robot_root_pose"":[2.28378129,0.002500449,0.798210204,-0.089273386,0.011016761,0.995945036,0.001546588]}",PI policy,True,2|smooth_hold|+box_x|0.7|0.5,2028,1,51098,51465.0,367.0,160,560,5.021493933949754,7.725375175476074,0.9821428571428571,1.0,0.4969052076339721,0.25199241140591244,1.418940186500549,2.6817283630371094,3.270808150855425,32.58371353149414,0.20431317428010515,0.8137497305870056,5.676957154247377,0.12198044657761455
pi,T0083,legged_gym/logs/Jul09_from_55500/model_73500.pt,2,smooth_hold,+box_x,0.7,1.0,0.1,0.15,0.15,1.125,7.725375175476074,8.884182037850543,0,,1,3.0789506435394287,0.6004997491836548,0.406948834657669,0,0,0.1166416034102439,97c69410a45f3c718490ffcffd9dc17f6cfdd60d,"{""box_angular_velocity"":[-0.106510997,-0.011654354,0.440360337],""box_linear_velocity"":[-0.037681315,0.000935575,-0.215222076],""box_mass"":1.125,""box_pose"":[0.549362063,2.3324e-05,0.132221654,-0.001029565,0.000737808,0.687471807,0.726209879],""dof_position"":[-0.237686127,-0.025817193,0.005913828,0.431119025,-0.165383235,0.055662829,0.131518424,0.03242835,0.046198878,0.269853652,-0.2504448,0.020471612,0.104409486,0.004951451,0.039011199,-0.071544595,0.111418903,-0.005472148,0.34564656,-0.142879754,-0.146297693,-0.067130998,-0.395971537,-0.157404706,0.128895774,0.655759096,0.039092783,-0.133526474,0.135696799],""dof_velocity"":[-3.727942467,-2.030294418,-0.245394781,-14.311291695,-0.966080606,-2.907065868,-8.103728294,-2.554059744,-2.73730278,5.530688286,0.010844484,-2.658409119,-0.65595758,-3.16182971,-11.527855873,1.015562892,-0.190990403,1.794865847,16.515762329,2.085682869,-13.122343063,-1.905853987,1.551390886,9.743409157,-11.544600487,15.764019966,-13.549321175,-10.767094612,5.666002274],""goal"":[-3.450000048,0.0,0.18273592],""robot_root_angular_velocity"":[-1.416021705,-7.334930897,1.122277141],""robot_root_linear_velocity"":[-0.327237725,0.055740848,-0.043065012],""robot_root_pose"":[2.283783436,0.002508262,0.798217654,-0.089231268,0.010973743,0.995949268,0.001549781]}",PI policy,True,2|smooth_hold|+box_x|0.7|1.0,2164,1,51606,51982.0,376.0,260,660,8.884182037850543,7.725375652313232,0.8181818181818182,1.0,3.1977078914642334,0.4034707466761271,2.956068515777588,8.962854385375977,1.3971523951485076,16.511056900024414,0.176345217554957,1.0,3.146249436654828,0.07279956203322699
pi,T0084,legged_gym/logs/Jul09_from_55500/model_73500.pt,2,smooth_hold,+box_x,0.7,2.0,0.1,0.15,0.15,1.125,7.725375175476074,16.60955665771694,0,,1,2.7909514904022217,0.8936094045639038,0.628083348274231,0,0,0.2207525670528412,2ca4c43e9b058a9fcccad1b2232bb36b094477aa,"{""box_angular_velocity"":[0.672618151,-0.300420433,0.179238752],""box_linear_velocity"":[0.033689652,-0.002563326,-0.186210856],""box_mass"":1.125,""box_pose"":[0.550548136,-4.4258e-05,0.132714629,0.001759084,-0.00635018,0.685543656,0.728001714],""dof_position"":[-0.237285301,-0.026350558,0.005896532,0.430966944,-0.16551204,0.055689678,0.132243916,0.032053489,0.046180256,0.269787073,-0.251025379,0.020427672,0.103851572,0.004671078,0.038377546,-0.071688324,0.111822061,-0.005959525,0.347464085,-0.143093005,-0.147227928,-0.067092627,-0.393885165,-0.158520728,0.130056649,0.653409958,0.040091336,-0.132863685,0.135726064],""dof_velocity"":[-3.69987011,-2.04023695,-0.219868556,-14.315044403,-0.977586269,-2.914503098,-8.073449135,-2.565349817,-2.709582567,5.553555012,-0.017191259,-2.663327694,-0.661635637,-3.170675993,-11.556290627,0.988226235,-0.195298359,1.803678989,16.630430222,2.109781742,-13.163048744,-1.939331055,1.677898407,9.73107338,-11.54144001,15.634000778,-13.568096161,-10.718770981,5.724619389],""goal"":[-3.450000048,0.0,0.18273592],""robot_root_angular_velocity"":[-1.431528211,-7.326596737,1.130014539],""robot_root_linear_velocity"":[-0.336922407,0.054843113,-0.045488797],""robot_root_pose"":[2.28360796,0.002504884,0.79816258,-0.089187384,0.011171118,0.995951295,0.001305299]}",PI policy,True,2|smooth_hold|+box_x|0.7|2.0,2432,1,52148,52541.0,393.0,460,860,16.60955665771694,7.725375175476074,0.5651162790697675,1.0,2.8340978622436523,0.49953630935227455,2.8539276123046875,8.46300220489502,1.6700270322303092,34.393531799316406,0.42082936953349503,1.0,5.342176614389863,0.20190362899280065
pi,T0085,legged_gym/logs/Jul09_from_55500/model_73500.pt,2,smooth_hold,+box_x,0.9,0.5,0.1,0.15,0.15,1.125,9.932624816894531,6.456206726961336,0,,0,0.5157433152198792,-0.0884172767400741,-0.3265404403209686,1,0,0.6026226878166199,4582287138b2fc3a31a1cb25dd8705f72c204d9c,"{""box_angular_velocity"":[0.0,0.0,0.0],""box_linear_velocity"":[0.0,0.0,-0.196175486],""box_mass"":1.125,""box_pose"":[0.549999952,0.0,0.132547736,0.0,0.0,0.68435663,0.729147375],""dof_position"":[-0.237780809,-0.025950639,0.005912176,0.431112438,-0.165377572,0.055663545,0.131443098,0.032299895,0.046190694,0.269825906,-0.250445813,0.020467527,0.104477204,0.004905494,0.038970519,-0.071286865,0.109377429,-0.00606284,0.346385926,-0.141034573,-0.147619501,-0.0659502,-0.397222638,-0.156369403,0.128000021,0.657772839,0.038140442,-0.134024382,0.135641053],""dof_velocity"":[-3.723170042,-2.037189007,-0.247902557,-14.308513641,-0.969866395,-2.908161879,-8.095814705,-2.559491634,-2.739269257,5.529987812,0.007342046,-2.660553455,-0.661911964,-3.166270971,-11.513833046,1.023054957,-0.251062393,1.770554185,16.558387756,2.1219697,-13.192837715,-1.849751234,1.464424968,9.760338783,-11.547391891,15.874684334,-13.54074955,-10.804070473,5.615897655],""goal"":[-3.450000048,0.0,0.18273592],""robot_root_angular_velocity"":[-1.421434879,-7.328875542,1.125061154],""robot_root_linear_velocity"":[-0.327150285,0.055600896,-0.04376151],""robot_root_pose"":[2.28378129,0.002500449,0.798210204,-0.089273386,0.011016761,0.995945036,0.001546588]}",PI policy,True,2|smooth_hold|+box_x|0.9|0.5,2332,1,52757,53200.0,443.0,160,560,6.456206726961336,9.932625770568848,1.0,0.0,0.5157433152198792,0.23130742352721947,1.3463027477264404,2.538761854171753,-0.5996280263444143,3.779510974884033,0.11725767802252964,0.6167042255401611,4.677904715655106,0.07940601789523494
pi,T0086,legged_gym/logs/Jul09_from_55500/model_73500.pt,2,smooth_hold,+box_x,0.9,1.0,0.1,0.15,0.15,1.125,9.932624816894531,11.42251862298422,0,,1,2.999598264694214,-0.1014118492603302,-0.0653192102909088,0,1,0.0340228267014026,f1b664307d5a589af2e6ddde111ff225638c43d4,"{""box_angular_velocity"":[-0.121743552,-0.420922011,0.221688047],""box_linear_velocity"":[0.042731315,-0.003602667,-0.181027815],""box_mass"":1.125,""box_pose"":[0.550739825,-5.7726e-05,0.132814586,-0.003751397,-0.002205881,0.685938835,0.727646112],""dof_position"":[-0.23678565,-0.02521259,0.006060909,0.431265861,-0.166270331,0.055597171,0.132078275,0.032794669,0.04636931,0.269777775,-0.25067848,0.020493802,0.104759552,0.005305842,0.038555693,-0.071119249,0.11092107,-0.005873729,0.346547633,-0.142254591,-0.14711462,-0.066525206,-0.395864934,-0.156967372,0.129036933,0.656317592,0.038851604,-0.133578598,0.135768116],""dof_velocity"":[-3.688441038,-2.018404722,-0.259150982,-14.307331085,-0.982711554,-2.903268099,-8.08015728,-2.547101498,-2.756519318,5.53805542,-0.008248628,-2.653412104,-0.653649747,-3.159646034,-11.55095768,1.027659535,-0.206135705,1.798407197,16.572128296,2.112499475,-13.161849022,-1.893487811,1.551732063,9.76836586,-11.537945747,15.796848297,-13.559304237,-10.772540092,5.66889143],""goal"":[-3.450000048,0.0,0.18273592],""robot_root_angular_velocity"":[-1.40563786,-7.326660633,1.100447059],""robot_root_linear_velocity"":[-0.337377638,0.057348803,-0.047911376],""robot_root_pose"":[2.283603191,0.002507432,0.798131645,-0.089125291,0.010774223,0.995960355,0.00185746]}",PI policy,True,2|smooth_hold|+box_x|0.9|1.0,2444,1,53341,53787.0,446.0,260,660,11.42251862298422,9.932624816894531,0.8333333333333334,1.0,3.1586732864379883,0.4583956610891178,2.7996573448181152,9.17200756072998,2.5874308332208207,22.838844299316406,0.23411240294737967,1.0,4.548982809235652,0.09553834932376046
pi,T0087,legged_gym/logs/Jul09_from_55500/model_73500.pt,2,smooth_hold,+box_x,0.9,2.0,0.1,0.15,0.15,1.125,9.932624816894531,21.355143433501063,0,,1,2.65043568611145,0.5129829049110413,0.5730723142623901,0,0,0.1633554100990295,2ca4c43e9b058a9fcccad1b2232bb36b094477aa,"{""box_angular_velocity"":[0.672618151,-0.300420433,0.179238752],""box_linear_velocity"":[0.033689652,-0.002563326,-0.186210856],""box_mass"":1.125,""box_pose"":[0.550548136,-4.4258e-05,0.132714629,0.001759084,-0.00635018,0.685543656,0.728001714],""dof_position"":[-0.237285301,-0.026350558,0.005896532,0.430966944,-0.16551204,0.055689678,0.132243916,0.032053489,0.046180256,0.269787073,-0.251025379,0.020427672,0.103851572,0.004671078,0.038377546,-0.071688324,0.111822061,-0.005959525,0.347464085,-0.143093005,-0.147227928,-0.067092627,-0.393885165,-0.158520728,0.130056649,0.653409958,0.040091336,-0.132863685,0.135726064],""dof_velocity"":[-3.69987011,-2.04023695,-0.219868556,-14.315044403,-0.977586269,-2.914503098,-8.073449135,-2.565349817,-2.709582567,5.553555012,-0.017191259,-2.663327694,-0.661635637,-3.170675993,-11.556290627,0.988226235,-0.195298359,1.803678989,16.630430222,2.109781742,-13.163048744,-1.939331055,1.677898407,9.73107338,-11.54144001,15.634000778,-13.568096161,-10.718770981,5.724619389],""goal"":[-3.450000048,0.0,0.18273592],""robot_root_angular_velocity"":[-1.431528211,-7.326596737,1.130014539],""robot_root_linear_velocity"":[-0.336922407,0.054843113,-0.045488797],""robot_root_pose"":[2.28360796,0.002504884,0.79816258,-0.089187384,0.011171118,0.995951295,0.001305299]}",PI policy,True,2|smooth_hold|+box_x|0.9|2.0,2452,1,53953,54351.0,398.0,460,860,21.355143433501063,9.932624816894531,0.6244186046511628,1.0,2.701243162155152,0.5183480668293182,2.521573305130005,7.193975925445557,-0.08730581814293252,78.28656768798828,0.36115583514735144,1.0,5.082458168406819,0.12945130912396347
pi,T0088,legged_gym/logs/Jul09_from_55500/model_73500.pt,2,smooth_hold,+box_x,1.1,0.5,0.1,0.15,0.15,1.125,12.139875000000002,0.0,1,head_low,0,,,,0,0,4.007914543151856,4582287138b2fc3a31a1cb25dd8705f72c204d9c,"{""box_angular_velocity"":[0.0,0.0,0.0],""box_linear_velocity"":[0.0,0.0,-0.196175486],""box_mass"":1.125,""box_pose"":[0.549999952,0.0,0.132547736,0.0,0.0,0.68435663,0.729147375],""dof_position"":[-0.237780809,-0.025950639,0.005912176,0.431112438,-0.165377572,0.055663545,0.131443098,0.032299895,0.046190694,0.269825906,-0.250445813,0.020467527,0.104477204,0.004905494,0.038970519,-0.071286865,0.109377429,-0.00606284,0.346385926,-0.141034573,-0.147619501,-0.0659502,-0.397222638,-0.156369403,0.128000021,0.657772839,0.038140442,-0.134024382,0.135641053],""dof_velocity"":[-3.723170042,-2.037189007,-0.247902557,-14.308513641,-0.969866395,-2.908161879,-8.095814705,-2.559491634,-2.739269257,5.529987812,0.007342046,-2.660553455,-0.661911964,-3.166270971,-11.513833046,1.023054957,-0.251062393,1.770554185,16.558387756,2.1219697,-13.192837715,-1.849751234,1.464424968,9.760338783,-11.547391891,15.874684334,-13.54074955,-10.804070473,5.615897655],""goal"":[-3.450000048,0.0,0.18273592],""robot_root_angular_velocity"":[-1.421434879,-7.328875542,1.125061154],""robot_root_linear_velocity"":[-0.327150285,0.055600896,-0.04376151],""robot_root_pose"":[2.28378129,0.002500449,0.798210204,-0.089273386,0.011016761,0.995945036,0.001546588]}",PI policy,False,2|smooth_hold|+box_x|1.1|0.5,68,0,54567,,,0,0,0.0,,,,,,,,,,,,,
pi,T0089,legged_gym/logs/Jul09_from_55500/model_73500.pt,2,smooth_hold,+box_x,1.1,1.0,0.1,0.15,0.15,1.125,12.139875000000002,0.0,1,base_tilt,0,,,,0,0,4.000012397766113,2ca4c43e9b058a9fcccad1b2232bb36b094477aa,"{""box_angular_velocity"":[0.672618151,-0.300420433,0.179238752],""box_linear_velocity"":[0.033689652,-0.002563326,-0.186210856],""box_mass"":1.125,""box_pose"":[0.550548136,-4.4258e-05,0.132714629,0.001759084,-0.00635018,0.685543656,0.728001714],""dof_position"":[-0.237285301,-0.026350558,0.005896532,0.430966944,-0.16551204,0.055689678,0.132243916,0.032053489,0.046180256,0.269787073,-0.251025379,0.020427672,0.103851572,0.004671078,0.038377546,-0.071688324,0.111822061,-0.005959525,0.347464085,-0.143093005,-0.147227928,-0.067092627,-0.393885165,-0.158520728,0.130056649,0.653409958,0.040091336,-0.132863685,0.135726064],""dof_velocity"":[-3.69987011,-2.04023695,-0.219868556,-14.315044403,-0.977586269,-2.914503098,-8.073449135,-2.565349817,-2.709582567,5.553555012,-0.017191259,-2.663327694,-0.661635637,-3.170675993,-11.556290627,0.988226235,-0.195298359,1.803678989,16.630430222,2.109781742,-13.163048744,-1.939331055,1.677898407,9.73107338,-11.54144001,15.634000778,-13.568096161,-10.718770981,5.724619389],""goal"":[-3.450000048,0.0,0.18273592],""robot_root_angular_velocity"":[-1.431528211,-7.326596737,1.130014539],""robot_root_linear_velocity"":[-0.336922407,0.054843113,-0.045488797],""robot_root_pose"":[2.28360796,0.002504884,0.79816258,-0.089187384,0.011171118,0.995951295,0.001305299]}",PI policy,False,2|smooth_hold|+box_x|1.1|1.0,116,0,54585,,,0,0,0.0,,,,,,,,,,,,,
pi,T0090,legged_gym/logs/Jul09_from_55500/model_73500.pt,2,smooth_hold,+box_x,1.1,2.0,0.1,0.15,0.15,1.125,12.13987636566162,26.1007362684536,0,,1,2.6134753227233887,-0.0801040828227996,0.3799600601196289,0,1,0.0596920363605022,2ca4c43e9b058a9fcccad1b2232bb36b094477aa,"{""box_angular_velocity"":[0.672618151,-0.300420433,0.179238752],""box_linear_velocity"":[0.033689652,-0.002563326,-0.186210856],""box_mass"":1.125,""box_pose"":[0.550548136,-4.4258e-05,0.132714629,0.001759084,-0.00635018,0.685543656,0.728001714],""dof_position"":[-0.237285301,-0.026350558,0.005896532,0.430966944,-0.16551204,0.055689678,0.132243916,0.032053489,0.046180256,0.269787073,-0.251025379,0.020427672,0.103851572,0.004671078,0.038377546,-0.071688324,0.111822061,-0.005959525,0.347464085,-0.143093005,-0.147227928,-0.067092627,-0.393885165,-0.158520728,0.130056649,0.653409958,0.040091336,-0.132863685,0.135726064],""dof_velocity"":[-3.69987011,-2.04023695,-0.219868556,-14.315044403,-0.977586269,-2.914503098,-8.073449135,-2.565349817,-2.709582567,5.553555012,-0.017191259,-2.663327694,-0.661635637,-3.170675993,-11.556290627,0.988226235,-0.195298359,1.803678989,16.630430222,2.109781742,-13.163048744,-1.939331055,1.677898407,9.73107338,-11.54144001,15.634000778,-13.568096161,-10.718770981,5.724619389],""goal"":[-3.450000048,0.0,0.18273592],""robot_root_angular_velocity"":[-1.431528211,-7.326596737,1.130014539],""robot_root_linear_velocity"":[-0.336922407,0.054843113,-0.045488797],""robot_root_pose"":[2.28360796,0.002504884,0.79816258,-0.089187384,0.011171118,0.995951295,0.001305299]}",PI policy,True,2|smooth_hold|+box_x|1.1|2.0,2840,1,54615,55110.0,495.0,460,860,26.1007362684536,12.139877319335938,0.8418604651162791,1.0,2.7691473960876465,0.39657391930475483,2.4611589908599854,7.547313213348389,5.93950547094262,72.74681091308594,0.13519210144011087,1.0,9.839670026891453,0.18145790497820113
pi,T0091,legged_gym/logs/Jul09_from_55500/model_73500.pt,2,smooth_hold,-box_x,0.1,0.5,0.1,0.15,0.15,1.125,1.1036250591278076,0.7173562994727505,0,,0,0.677517831325531,-2.4041848182678223,-2.0766406059265137,1,0,0.6986458897590637,2ca4c43e9b058a9fcccad1b2232bb36b094477aa,"{""box_angular_velocity"":[0.672618151,-0.300420433,0.179238752],""box_linear_velocity"":[0.033689652,-0.002563326,-0.186210856],""box_mass"":1.125,""box_pose"":[0.550548136,-4.4258e-05,0.132714629,0.001759084,-0.00635018,0.685543656,0.728001714],""dof_position"":[-0.237285301,-0.026350558,0.005896532,0.430966944,-0.16551204,0.055689678,0.132243916,0.032053489,0.046180256,0.269787073,-0.251025379,0.020427672,0.103851572,0.004671078,0.038377546,-0.071688324,0.111822061,-0.005959525,0.347464085,-0.143093005,-0.147227928,-0.067092627,-0.393885165,-0.158520728,0.130056649,0.653409958,0.040091336,-0.132863685,0.135726064],""dof_velocity"":[-3.69987011,-2.04023695,-0.219868556,-14.315044403,-0.977586269,-2.914503098,-8.073449135,-2.565349817,-2.709582567,5.553555012,-0.017191259,-2.663327694,-0.661635637,-3.170675993,-11.556290627,0.988226235,-0.195298359,1.803678989,16.630430222,2.109781742,-13.163048744,-1.939331055,1.677898407,9.73107338,-11.54144001,15.634000778,-13.568096161,-10.718770981,5.724619389],""goal"":[-3.450000048,0.0,0.18273592],""robot_root_angular_velocity"":[-1.431528211,-7.326596737,1.130014539],""robot_root_linear_velocity"":[-0.336922407,0.054843113,-0.045488797],""robot_root_pose"":[2.28360796,0.002504884,0.79816258,-0.089187384,0.011171118,0.995951295,0.001305299]}",PI policy,True,2|smooth_hold|-box_x|0.1|0.5,1864,1,55326,55652.0,326.0,160,560,0.7173562994727505,1.1036250591278076,1.0,0.0,0.6861428022384644,0.32079654959296544,1.7009307146072388,3.780062913894653,-0.6209396568725684,8.89686393737793,0.14885288600219476,0.5868979692459106,3.8360594538838737,0.06415008730438586
pi,T0092,legged_gym/logs/Jul09_from_55500/model_73500.pt,2,smooth_hold,-box_x,0.1,1.0,0.1,0.15,0.15,1.125,1.1036250591278076,1.269168832251404,0,,1,1.098164677619934,-0.6831234097480774,-0.6706214547157288,1,0,1.2996662855148315,4582287138b2fc3a31a1cb25dd8705f72c204d9c,"{""box_angular_velocity"":[0.0,0.0,0.0],""box_linear_velocity"":[0.0,0.0,-0.196175486],""box_mass"":1.125,""box_pose"":[0.549999952,0.0,0.132547736,0.0,0.0,0.68435663,0.729147375],""dof_position"":[-0.237780809,-0.025950639,0.005912176,0.431112438,-0.165377572,0.055663545,0.131443098,0.032299895,0.046190694,0.269825906,-0.250445813,0.020467527,0.104477204,0.004905494,0.038970519,-0.071286865,0.109377429,-0.00606284,0.346385926,-0.141034573,-0.147619501,-0.0659502,-0.397222638,-0.156369403,0.128000021,0.657772839,0.038140442,-0.134024382,0.135641053],""dof_velocity"":[-3.723170042,-2.037189007,-0.247902557,-14.308513641,-0.969866395,-2.908161879,-8.095814705,-2.559491634,-2.739269257,5.529987812,0.007342046,-2.660553455,-0.661911964,-3.166270971,-11.513833046,1.023054957,-0.251062393,1.770554185,16.558387756,2.1219697,-13.192837715,-1.849751234,1.464424968,9.760338783,-11.547391891,15.874684334,-13.54074955,-10.804070473,5.615897655],""goal"":[-3.450000048,0.0,0.18273592],""robot_root_angular_velocity"":[-1.421434879,-7.328875542,1.125061154],""robot_root_linear_velocity"":[-0.327150285,0.055600896,-0.04376151],""robot_root_pose"":[2.28378129,0.002500449,0.798210204,-0.089273386,0.011016761,0.995945036,0.001546588]}",PI policy,True,2|smooth_hold|-box_x|0.1|1.0,1940,1,55793,56113.0,320.0,260,660,1.269168832251404,1.1036250591278076,0.9863636363636363,1.0,1.113175630569458,0.386921310876355,1.468342423439026,5.296950817108154,0.05352152483925844,86.96593475341797,0.1832080227351098,0.9550830721855164,6.135323900063381,0.10529515429741212
pi,T0093,legged_gym/logs/Jul09_from_55500/model_73500.pt,2,smooth_hold,-box_x,0.1,2.0,0.1,0.15,0.15,1.125,1.1036250591278076,2.372793890905294,0,,1,2.812591314315796,-0.4824305176734924,-0.2802701592445373,0,1,0.083923764526844,34cc0473df02eb5ff0cb9140bd64ae54c82d7649,"{""box_angular_velocity"":[0.208962575,0.227009684,0.35287106],""box_linear_velocity"":[0.006598934,-0.001656331,-0.199994802],""box_mass"":1.125,""box_pose"":[0.550113201,-2.5292e-05,0.132485643,0.002239144,-7.8873e-05,0.686748087,0.726891935],""dof_position"":[-0.237544537,-0.025847079,0.005972051,0.431112677,-0.165495753,0.055652559,0.131635845,0.032352913,0.046233598,0.269824624,-0.250520468,0.020471198,0.104453184,0.004947224,0.038877994,-0.071476147,0.110641137,-0.005758734,0.345826536,-0.142031059,-0.146500722,-0.066529781,-0.396038622,-0.157242388,0.128851533,0.656043589,0.038947694,-0.133564919,0.135698184],""dof_velocity"":[-3.720614433,-2.033410072,-0.246324733,-14.309689522,-0.969827294,-2.908231735,-8.09662056,-2.557895184,-2.739091635,5.532544613,0.004924972,-2.659772635,-0.658862293,-3.165453434,-11.532096863,1.015726447,-0.21257025,1.786604047,16.526384354,2.108096123,-13.131435394,-1.881041527,1.544039249,9.751010895,-11.543336868,15.780770302,-13.55228138,-10.770727158,5.661968708],""goal"":[-3.450000048,0.0,0.18273592],""robot_root_angular_velocity"":[-1.419425368,-7.332513332,1.120153904],""robot_root_linear_velocity"":[-0.329419822,0.05579545,-0.044251066],""robot_root_pose"":[2.283743858,0.002502785,0.798198283,-0.089222617,0.010991963,0.995949745,0.001591812]}",PI policy,True,2|smooth_hold|-box_x|0.1|2.0,2632,1,56279,56722.0,443.0,460,860,2.372793890905294,1.1036250591278076,0.8302325581395349,1.0,2.980257511138916,0.4468094366017816,2.473644971847534,7.643391132354736,-3.188369736739239,436.04388427734375,0.22270975268315957,1.0,6.56195225212723,0.12638346925467947
pi,T0094,legged_gym/logs/Jul09_from_55500/model_73500.pt,2,smooth_hold,-box_x,0.3,0.5,0.1,0.15,0.15,1.125,3.310875177383423,2.1520688938154806,0,,0,0.5341396331787109,0.1807468086481094,0.5162795186042786,1,0,0.483163982629776,b6d5ae503cad283f17f00822717163dc04c351cf,"{""box_angular_velocity"":[0.682578683,-0.301458925,0.182192236],""box_linear_velocity"":[0.027666381,-0.002605924,-0.188926488],""box_mass"":1.125,""box_pose"":[0.550442755,-4.4958e-05,0.132667273,0.001810393,-0.006422325,0.685563803,0.727981925],""dof_position"":[-0.23727484,-0.026341034,0.005894505,0.430980057,-0.165508598,0.055688534,0.132252991,0.03206221,0.046176486,0.269796371,-0.251015663,0.020427482,0.103864573,0.004664382,0.038424935,-0.071522333,0.111807644,-0.006100695,0.34717831,-0.14299655,-0.147159785,-0.066988446,-0.393899977,-0.158535838,0.130050674,0.653398275,0.0401132,-0.13285993,0.135728329],""dof_velocity"":[-3.699846983,-2.039808273,-0.220357224,-14.31451416,-0.976767302,-2.914415836,-8.073339462,-2.564810753,-2.710187197,5.553884029,-0.016487246,-2.66328454,-0.661596954,-3.171007156,-11.55355835,0.99412477,-0.19933103,1.804833531,16.61819458,2.118862391,-13.158715248,-1.9424088,1.676379085,9.730618477,-11.541546822,15.633791924,-13.567270279,-10.718556404,5.724896431],""goal"":[-3.450000048,0.0,0.18273592],""robot_root_angular_velocity"":[-1.43121326,-7.325252533,1.130184889],""robot_root_linear_velocity"":[-0.336400449,0.05495828,-0.045481138],""robot_root_pose"":[2.28361702,0.002506616,0.798162997,-0.089173451,0.011168624,0.995952606,0.00130657]}",PI policy,True,2|smooth_hold|-box_x|0.3|0.5,2264,1,56938,57364.0,426.0,160,560,2.1520688938154806,3.310875177383423,1.0,0.0,0.5473686456680298,0.251305176956313,1.299025297164917,2.8741817474365234,0.38704784457305713,4.077508449554443,0.11966776561041889,0.4019166827201843,4.724989802071026,0.08196449037875152
pi,T0095,legged_gym/logs/Jul09_from_55500/model_73500.pt,2,smooth_hold,-box_x,0.3,1.0,0.1,0.15,0.15,1.125,3.310875177383423,3.8075069812031934,0,,1,2.80478835105896,-0.3650559484958648,-0.1133676096796989,0,0,0.0358499847352504,4582287138b2fc3a31a1cb25dd8705f72c204d9c,"{""box_angular_velocity"":[0.0,0.0,0.0],""box_linear_velocity"":[0.0,0.0,-0.196175486],""box_mass"":1.125,""box_pose"":[0.549999952,0.0,0.132547736,0.0,0.0,0.68435663,0.729147375],""dof_position"":[-0.237780809,-0.025950639,0.005912176,0.431112438,-0.165377572,0.055663545,0.131443098,0.032299895,0.046190694,0.269825906,-0.250445813,0.020467527,0.104477204,0.004905494,0.038970519,-0.071286865,0.109377429,-0.00606284,0.346385926,-0.141034573,-0.147619501,-0.0659502,-0.397222638,-0.156369403,0.128000021,0.657772839,0.038140442,-0.134024382,0.135641053],""dof_velocity"":[-3.723170042,-2.037189007,-0.247902557,-14.308513641,-0.969866395,-2.908161879,-8.095814705,-2.559491634,-2.739269257,5.529987812,0.007342046,-2.660553455,-0.661911964,-3.166270971,-11.513833046,1.023054957,-0.251062393,1.770554185,16.558387756,2.1219697,-13.192837715,-1.849751234,1.464424968,9.760338783,-11.547391891,15.874684334,-13.54074955,-10.804070473,5.615897655],""goal"":[-3.450000048,0.0,0.18273592],""robot_root_angular_velocity"":[-1.421434879,-7.328875542,1.125061154],""robot_root_linear_velocity"":[-0.327150285,0.055600896,-0.04376151],""robot_root_pose"":[2.28378129,0.002500449,0.798210204,-0.089273386,0.011016761,0.995945036,0.001546588]}",PI policy,True,2|smooth_hold|-box_x|0.3|1.0,2396,1,57505,57939.0,434.0,260,660,3.8075069812031934,3.310875654220581,0.906060606060606,1.0,2.9910085201263428,0.3843024093601288,2.458526372909546,5.887748718261719,-4.296725247408066,16.013334274291992,0.1913700692043428,1.0,5.483410657705231,0.1159850836505718
pi,T0096,legged_gym/logs/Jul09_from_55500/model_73500.pt,2,smooth_hold,-box_x,0.3,2.0,0.1,0.15,0.15,1.125,3.310875,0.0,1,base_tilt,0,,,,0,0,4.000081539154053,2ca4c43e9b058a9fcccad1b2232bb36b094477aa,"{""box_angular_velocity"":[0.672618151,-0.300420433,0.179238752],""box_linear_velocity"":[0.033689652,-0.002563326,-0.186210856],""box_mass"":1.125,""box_pose"":[0.550548136,-4.4258e-05,0.132714629,0.001759084,-0.00635018,0.685543656,0.728001714],""dof_position"":[-0.237285301,-0.026350558,0.005896532,0.430966944,-0.16551204,0.055689678,0.132243916,0.032053489,0.046180256,0.269787073,-0.251025379,0.020427672,0.103851572,0.004671078,0.038377546,-0.071688324,0.111822061,-0.005959525,0.347464085,-0.143093005,-0.147227928,-0.067092627,-0.393885165,-0.158520728,0.130056649,0.653409958,0.040091336,-0.132863685,0.135726064],""dof_velocity"":[-3.69987011,-2.04023695,-0.219868556,-14.315044403,-0.977586269,-2.914503098,-8.073449135,-2.565349817,-2.709582567,5.553555012,-0.017191259,-2.663327694,-0.661635637,-3.170675993,-11.556290627,0.988226235,-0.195298359,1.803678989,16.630430222,2.109781742,-13.163048744,-1.939331055,1.677898407,9.73107338,-11.54144001,15.634000778,-13.568096161,-10.718770981,5.724619389],""goal"":[-3.450000048,0.0,0.18273592],""robot_root_angular_velocity"":[-1.431528211,-7.326596737,1.130014539],""robot_root_linear_velocity"":[-0.336922407,0.054843113,-0.045488797],""robot_root_pose"":[2.28360796,0.002504884,0.79816258,-0.089187384,0.011171118,0.995951295,0.001305299]}",PI policy,False,2|smooth_hold|-box_x|0.3|2.0,128,0,58105,,,0,0,0.0,,,,,,,,,,,,,
pi,T0097,legged_gym/logs/Jul09_from_55500/model_73500.pt,2,smooth_hold,-box_x,0.5,0.5,0.1,0.15,0.15,1.125,5.518125057220459,3.586781099767891,0,,0,0.6365615725517273,-0.7328559160232544,-0.4854227602481842,1,0,0.4891119301319122,bd96ff7e8276d60f9d91a36a04a2471ea10ca97c,"{""box_angular_velocity"":[0.672617376,-0.300408512,0.179224297],""box_linear_velocity"":[0.033687253,-0.002563337,-0.186211973],""box_mass"":1.125,""box_pose"":[0.550548136,-4.4258e-05,0.132714629,0.001759159,-0.00635017,0.685543537,0.728001773],""dof_position"":[-0.23728402,-0.026350757,0.005896933,0.43096891,-0.165516451,0.055689584,0.132244706,0.032052957,0.046180524,0.269787103,-0.251025617,0.020427719,0.10385187,0.004670563,0.038378146,-0.071688227,0.111822195,-0.005959593,0.347464114,-0.143093005,-0.147228003,-0.067092679,-0.393885195,-0.158520535,0.130056605,0.653410137,0.040091272,-0.132863864,0.135726005],""dof_velocity"":[-3.699794292,-2.040259838,-0.219826892,-14.315001488,-0.977811694,-2.914506197,-8.073466301,-2.565404415,-2.709554911,5.553584099,-0.017219976,-2.663321495,-0.661605835,-3.170734644,-11.556319237,0.988257587,-0.195291027,1.803676963,16.630437851,2.109783888,-13.163060188,-1.939339399,1.677921653,9.731095314,-11.541430473,15.634018898,-13.568100929,-10.718791962,5.724606991],""goal"":[-3.450000048,0.0,0.18273592],""robot_root_angular_velocity"":[-1.431573272,-7.326609135,1.129985213],""robot_root_linear_velocity"":[-0.336927325,0.054841634,-0.045483828],""robot_root_pose"":[2.283608437,0.002504912,0.798162878,-0.089186974,0.011171352,0.995951355,0.001305424]}",PI policy,True,2|smooth_hold|-box_x|0.5|0.5,2272,1,58138,58566.0,428.0,160,560,3.586781099767891,5.518124580383301,1.0,0.0,0.65235435962677,0.24820706403282072,1.363077998161316,3.502899169921875,-3.029497888125479,11.528636932373049,0.14420578331503617,0.4752275943756103,5.157602070671107,0.09951574537212109
pi,T0098,legged_gym/logs/Jul09_from_55500/model_73500.pt,2,smooth_hold,-box_x,0.5,1.0,0.1,0.15,0.15,1.125,5.518125,0.0,1,base_tilt,0,,,,0,0,4.007355690002441,7f9e57ee28a319f1f02c67dfb071500f3b19ab46,"{""box_angular_velocity"":[0.190466747,-0.502843142,-0.106077388],""box_linear_velocity"":[0.014467866,-0.008328198,-0.191016689],""box_mass"":1.125,""box_pose"":[0.550256312,-0.000150345,0.132643893,-0.002029266,-0.004807405,0.683527768,0.729905844],""dof_position"":[-0.237395599,-0.025785971,0.006034661,0.43103978,-0.165627137,0.055631809,0.131644949,0.032356121,0.046326786,0.269806534,-0.250538319,0.020459255,0.104392745,0.0049258,0.038663339,-0.071784638,0.110728063,-0.005400466,0.346688509,-0.142277032,-0.146799684,-0.06662263,-0.394437462,-0.158451229,0.130105302,0.653601468,0.040082447,-0.132944807,0.135786936],""dof_velocity"":[-3.706290007,-2.03576827,-0.242323443,-14.315463066,-0.973297656,-2.910609245,-8.090826035,-2.564052343,-2.737523794,5.532773495,0.002170931,-2.662398815,-0.655470431,-3.180386066,-11.535992622,0.996643007,-0.191074759,1.780038357,16.570194244,2.083598375,-13.148237228,-1.86512208,1.645874381,9.7469244,-11.541625977,15.650046349,-13.571403503,-10.726659775,5.727468967],""goal"":[-3.450000048,0.0,0.18273592],""robot_root_angular_velocity"":[-1.425636172,-7.3296628,1.108664036],""robot_root_linear_velocity"":[-0.331928402,0.057166919,-0.044082232],""robot_root_pose"":[2.283697367,0.002503599,0.798195839,-0.089242205,0.010978217,0.995948017,0.001688116]}",PI policy,False,2|smooth_hold|-box_x|0.5|1.0,60,0,58707,,,0,0,0.0,,,,,,,,,,,,,
pi,T0099,legged_gym/logs/Jul09_from_55500/model_73500.pt,2,smooth_hold,-box_x,0.5,2.0,0.1,0.15,0.15,1.125,5.518125,0.0,1,head_low,0,,,,0,0,4.000012397766113,2ca4c43e9b058a9fcccad1b2232bb36b094477aa,"{""box_angular_velocity"":[0.672618151,-0.300420433,0.179238752],""box_linear_velocity"":[0.033689652,-0.002563326,-0.186210856],""box_mass"":1.125,""box_pose"":[0.550548136,-4.4258e-05,0.132714629,0.001759084,-0.00635018,0.685543656,0.728001714],""dof_position"":[-0.237285301,-0.026350558,0.005896532,0.430966944,-0.16551204,0.055689678,0.132243916,0.032053489,0.046180256,0.269787073,-0.251025379,0.020427672,0.103851572,0.004671078,0.038377546,-0.071688324,0.111822061,-0.005959525,0.347464085,-0.143093005,-0.147227928,-0.067092627,-0.393885165,-0.158520728,0.130056649,0.653409958,0.040091336,-0.132863685,0.135726064],""dof_velocity"":[-3.69987011,-2.04023695,-0.219868556,-14.315044403,-0.977586269,-2.914503098,-8.073449135,-2.565349817,-2.709582567,5.553555012,-0.017191259,-2.663327694,-0.661635637,-3.170675993,-11.556290627,0.988226235,-0.195298359,1.803678989,16.630430222,2.109781742,-13.163048744,-1.939331055,1.677898407,9.73107338,-11.54144001,15.634000778,-13.568096161,-10.718770981,5.724619389],""goal"":[-3.450000048,0.0,0.18273592],""robot_root_angular_velocity"":[-1.431528211,-7.326596737,1.130014539],""robot_root_linear_velocity"":[-0.336922407,0.054843113,-0.045488797],""robot_root_pose"":[2.28360796,0.002504884,0.79816258,-0.089187384,0.011171118,0.995951295,0.001305299]}",PI policy,False,2|smooth_hold|-box_x|0.5|2.0,168,0,58723,,,0,0,0.0,,,,,,,,,,,,,
pi,T0100,legged_gym/logs/Jul09_from_55500/model_73500.pt,2,smooth_hold,-box_x,0.7,0.5,0.1,0.15,0.15,1.125,7.725375175476074,5.021493890659552,0,,0,0.6746971011161804,-2.1693925857543945,-1.7589225769042969,1,0,0.689201295375824,2ca4c43e9b058a9fcccad1b2232bb36b094477aa,"{""box_angular_velocity"":[0.672618151,-0.300420433,0.179238752],""box_linear_velocity"":[0.033689652,-0.002563326,-0.186210856],""box_mass"":1.125,""box_pose"":[0.550548136,-4.4258e-05,0.132714629,0.001759084,-0.00635018,0.685543656,0.728001714],""dof_position"":[-0.237285301,-0.026350558,0.005896532,0.430966944,-0.16551204,0.055689678,0.132243916,0.032053489,0.046180256,0.269787073,-0.251025379,0.020427672,0.103851572,0.004671078,0.038377546,-0.071688324,0.111822061,-0.005959525,0.347464085,-0.143093005,-0.147227928,-0.067092627,-0.393885165,-0.158520728,0.130056649,0.653409958,0.040091336,-0.132863685,0.135726064],""dof_velocity"":[-3.69987011,-2.04023695,-0.219868556,-14.315044403,-0.977586269,-2.914503098,-8.073449135,-2.565349817,-2.709582567,5.553555012,-0.017191259,-2.663327694,-0.661635637,-3.170675993,-11.556290627,0.988226235,-0.195298359,1.803678989,16.630430222,2.109781742,-13.163048744,-1.939331055,1.677898407,9.73107338,-11.54144001,15.634000778,-13.568096161,-10.718770981,5.724619389],""goal"":[-3.450000048,0.0,0.18273592],""robot_root_angular_velocity"":[-1.431528211,-7.326596737,1.130014539],""robot_root_linear_velocity"":[-0.336922407,0.054843113,-0.045488797],""robot_root_pose"":[2.28360796,0.002504884,0.79816258,-0.089187384,0.011171118,0.995951295,0.001305299]}",PI policy,True,2|smooth_hold|-box_x|0.7|0.5,2152,1,58766,59164.0,398.0,160,560,5.021493890659552,7.725375175476074,0.9964285714285714,1.0,0.7139250636100769,0.31423841725502694,1.6253235340118408,3.780981302261353,-2.36417073481051,9.128847122192385,0.16255490651320928,0.9688971638679504,6.126993453502655,0.12617189723883449
pi,T0101,legged_gym/logs/Jul09_from_55500/model_73500.pt,2,smooth_hold,-box_x,0.7,1.0,0.1,0.15,0.15,1.125,7.725375,0.0,1,head_low,0,,,,0,0,4.001420974731445,461eee32c27216f44dfcf0a1a164f5d10458cf73,"{""box_angular_velocity"":[-0.013493825,-0.614271402,0.351381004],""box_linear_velocity"":[0.04544552,-0.004255806,-0.179781869],""box_mass"":1.125,""box_pose"":[0.550755739,-6.6427e-05,0.132825658,-0.004339027,-0.00418,0.686801374,0.726820171],""dof_position"":[-0.237117022,-0.025541464,0.006062121,0.431177199,-0.165913984,0.055622693,0.131883398,0.032542523,0.04631108,0.269809932,-0.250622988,0.020487117,0.104535826,0.005092248,0.038627848,-0.071575187,0.111285202,-0.005625901,0.346661925,-0.142669216,-0.146841198,-0.066834092,-0.395766407,-0.157185495,0.129104063,0.65597707,0.038997892,-0.133517131,0.135755911],""dof_velocity"":[-3.702311516,-2.023892879,-0.250169218,-14.307945251,-0.978961587,-2.906160831,-8.087994576,-2.551847935,-2.745019674,5.534825325,-0.000508673,-2.65635848,-0.657492995,-3.159242392,-11.54893589,1.01098609,-0.198215991,1.800270438,16.573989868,2.099611521,-13.150244713,-1.899548411,1.560921907,9.757989883,-11.538409233,15.777065277,-13.558320999,-10.766635895,5.673745155],""goal"":[-3.450000048,0.0,0.18273592],""robot_root_angular_velocity"":[-1.410860062,-7.331185818,1.108206511],""robot_root_linear_velocity"":[-0.335114568,0.055938192,-0.046354428],""robot_root_pose"":[2.283644199,0.002501302,0.798159182,-0.089179173,0.010895208,0.995954514,0.001726796]}",PI policy,False,2|smooth_hold|-box_x|0.7|1.0,100,0,59305,,,0,0,0.0,,,,,,,,,,,,,
pi,T0102,legged_gym/logs/Jul09_from_55500/model_73500.pt,2,smooth_hold,-box_x,0.7,2.0,0.1,0.15,0.15,1.125,7.725375175476074,16.609557690630435,0,,1,2.602689504623413,0.1306857168674469,0.6979622840881348,0,0,0.0817995592951774,2685ad4b82b2750c8eb8e46146124e2e40436484,"{""box_angular_velocity"":[0.672746658,-0.301210463,0.179282978],""box_linear_velocity"":[0.033677243,-0.002562132,-0.1862102],""box_mass"":1.125,""box_pose"":[0.550547957,-4.424e-05,0.132714674,0.001754981,-0.006355957,0.685543776,0.728001595],""dof_position"":[-0.237691432,-0.026387943,0.005920222,0.431079596,-0.16539371,0.055686805,0.132073149,0.032035079,0.046173088,0.26968047,-0.250976622,0.020426748,0.103786133,0.004602969,0.038277563,-0.07180883,0.111841939,-0.005956882,0.347491324,-0.14309217,-0.147216707,-0.067105599,-0.393888175,-0.15853487,0.130020827,0.653328657,0.040100556,-0.13285397,0.135704234],""dof_velocity"":[-3.687517881,-2.042290211,-0.210889131,-14.324350357,-0.972041905,-2.915751696,-8.057607651,-2.568886042,-2.702351093,5.553134441,-0.024715358,-2.663510561,-0.65962702,-3.174219847,-11.529945374,0.974355638,-0.194864959,1.805341601,16.63032341,2.110729694,-13.161580086,-1.940235972,1.670281887,9.727933884,-11.542901039,15.628665924,-13.56467247,-10.718221664,5.721436024],""goal"":[-3.450000048,0.0,0.18273592],""robot_root_angular_velocity"":[-1.435224652,-7.312939167,1.129282117],""robot_root_linear_velocity"":[-0.336047292,0.054946363,-0.04495585],""robot_root_pose"":[2.283624649,0.002509765,0.798165202,-0.089278229,0.01118971,0.99594301,0.001253948]}",PI policy,True,2|smooth_hold|-box_x|0.7|2.0,2648,1,59331,59778.0,447.0,460,860,16.609557690630435,7.725375652313232,0.8662790697674418,1.0,2.6205759048461914,0.4364036942593927,2.433716297149658,9.850141525268556,6.268005392609467,130.1049346923828,0.15089111377858708,1.0,9.489046267298765,0.12964433031607175
pi,T0103,legged_gym/logs/Jul09_from_55500/model_73500.pt,2,smooth_hold,-box_x,0.9,0.5,0.1,0.15,0.15,1.125,9.932624816894531,6.4562062480194005,0,,1,0.908445417881012,-0.6564148664474487,-0.6038690805435181,1,0,1.6432138681411743,2ca4c43e9b058a9fcccad1b2232bb36b094477aa,"{""box_angular_velocity"":[0.672618151,-0.300420433,0.179238752],""box_linear_velocity"":[0.033689652,-0.002563326,-0.186210856],""box_mass"":1.125,""box_pose"":[0.550548136,-4.4258e-05,0.132714629,0.001759084,-0.00635018,0.685543656,0.728001714],""dof_position"":[-0.237285301,-0.026350558,0.005896532,0.430966944,-0.16551204,0.055689678,0.132243916,0.032053489,0.046180256,0.269787073,-0.251025379,0.020427672,0.103851572,0.004671078,0.038377546,-0.071688324,0.111822061,-0.005959525,0.347464085,-0.143093005,-0.147227928,-0.067092627,-0.393885165,-0.158520728,0.130056649,0.653409958,0.040091336,-0.132863685,0.135726064],""dof_velocity"":[-3.69987011,-2.04023695,-0.219868556,-14.315044403,-0.977586269,-2.914503098,-8.073449135,-2.565349817,-2.709582567,5.553555012,-0.017191259,-2.663327694,-0.661635637,-3.170675993,-11.556290627,0.988226235,-0.195298359,1.803678989,16.630430222,2.109781742,-13.163048744,-1.939331055,1.677898407,9.73107338,-11.54144001,15.634000778,-13.568096161,-10.718770981,5.724619389],""goal"":[-3.450000048,0.0,0.18273592],""robot_root_angular_velocity"":[-1.431528211,-7.326596737,1.130014539],""robot_root_linear_velocity"":[-0.336922407,0.054843113,-0.045488797],""robot_root_pose"":[2.28360796,0.002504884,0.79816258,-0.089187384,0.011171118,0.995951295,0.001305299]}",PI policy,True,2|smooth_hold|-box_x|0.9|0.5,1844,1,59994,60315.0,321.0,160,560,6.4562062480194005,9.932624816894531,0.9839285714285714,1.0,0.9301510453224182,0.4204704702033528,1.4661648273468018,4.770396709442139,-1.440395364511226,58.31450271606445,0.15037849805895734,0.9962743520736694,6.169228394435985,0.10630706870186775
pi,T0104,legged_gym/logs/Jul09_from_55500/model_73500.pt,2,smooth_hold,-box_x,0.9,1.0,0.1,0.15,0.15,1.125,9.932624816894531,11.422518652118317,0,,1,0.772455632686615,-2.8911824226379395,-2.461247205734253,1,0,0.6637587547302246,2d0bac734e45759497aaa62954cf2111235b9b1a,"{""box_angular_velocity"":[0.2718108,0.120134294,0.386940926],""box_linear_velocity"":[-0.006393674,0.000125359,-0.206837535],""box_mass"":1.125,""box_pose"":[0.549913406,3.376e-06,0.132372648,0.002244987,-0.000968814,0.686954737,0.726695955],""dof_position"":[-0.237519681,-0.025902472,0.005995831,0.4310202,-0.165427923,0.055660084,0.13161172,0.032291744,0.046249196,0.269830406,-0.250492364,0.020476311,0.104478553,0.004966189,0.038728178,-0.071621716,0.112594642,-0.004812274,0.344114125,-0.144386724,-0.144085914,-0.068006031,-0.394248903,-0.158664197,0.129955351,0.653374314,0.040128157,-0.132908836,0.135726929],""dof_velocity"":[-3.713828325,-2.035679579,-0.244958207,-14.311819077,-0.970081508,-2.909357548,-8.09154892,-2.560723066,-2.737467289,5.53041029,0.008314441,-2.66075635,-0.64566195,-3.162604094,-11.534279823,1.007041812,-0.141043574,1.802189112,16.427911758,2.02731657,-13.004959106,-1.932106853,1.658821225,9.725729942,-11.546767235,15.634305,-13.565779686,-10.722840309,5.722284794],""goal"":[-3.450000048,0.0,0.18273592],""robot_root_angular_velocity"":[-1.420939684,-7.328023911,1.120332241],""robot_root_linear_velocity"":[-0.330148667,0.055169415,-0.042597085],""robot_root_pose"":[2.283730507,0.002495243,0.798216999,-0.089232117,0.011010759,0.995948672,0.001589001]}",PI policy,True,2|smooth_hold|-box_x|0.9|1.0,2160,1,60456,60831.0,375.0,260,660,11.422518652118317,9.932624816894531,0.990909090909091,1.0,0.794649064540863,0.33423407852762577,1.4366244077682495,4.186567783355713,1.8404062801012486,76.28791046142578,0.08792359767354686,0.9990145564079284,10.3643959539632,0.13026842724263005
pi,T0105,legged_gym/logs/Jul09_from_55500/model_73500.pt,2,smooth_hold,-box_x,0.9,2.0,0.1,0.15,0.15,1.125,9.932625,0.0,1,head_low,0,,,,0,0,4.000170230865479,18433ca6a2437984abbba88ae6b83d0370bbf5b3,"{""box_angular_velocity"":[0.033890281,-0.3232086,0.056427971],""box_linear_velocity"":[0.032847587,-0.006859657,-0.187187314],""box_mass"":1.125,""box_pose"":[0.550542474,-0.000114175,0.132701024,-0.002359408,-0.002715671,0.684905708,0.728622794],""dof_position"":[-0.236808479,-0.025409395,0.006004087,0.43125537,-0.166093111,0.055613056,0.132077113,0.032678161,0.04632543,0.269898325,-0.250654012,0.020477979,0.104590967,0.005093102,0.038801074,-0.071236782,0.111075222,-0.005754707,0.34642446,-0.142366588,-0.147006467,-0.066592321,-0.395596921,-0.157275751,0.129282191,0.655671358,0.039187144,-0.133431002,0.135780111],""dof_velocity"":[-3.703859568,-2.018687487,-0.25540784,-14.304695129,-0.979192197,-2.90435195,-8.093608856,-2.546198606,-2.749706268,5.536307335,0.003198969,-2.655319452,-0.655231357,-3.163777113,-11.560585976,1.028513312,-0.201766938,1.795337796,16.567886353,2.107739687,-13.158587456,-1.892143846,1.57823503,9.762581825,-11.5364151,15.761296272,-13.559104919,-10.761012077,5.683535099],""goal"":[-3.450000048,0.0,0.18273592],""robot_root_angular_velocity"":[-1.40751493,-7.335336685,1.104144216],""robot_root_linear_velocity"":[-0.336073428,0.057654336,-0.047780037],""robot_root_pose"":[2.283636808,0.002522239,0.798138142,-0.089076661,0.010849549,0.99596405,0.001787179]}",PI policy,False,2|smooth_hold|-box_x|0.9|2.0,136,0,60997,,,0,0,0.0,,,,,,,,,,,,,
pi,T0106,legged_gym/logs/Jul09_from_55500/model_73500.pt,2,smooth_hold,-box_x,1.1,0.5,0.1,0.15,0.15,1.125,12.13987636566162,7.890919746745305,0,,0,0.659044623374939,-0.6299618482589722,-0.3035691082477569,1,0,0.5797513723373413,2ca4c43e9b058a9fcccad1b2232bb36b094477aa,"{""box_angular_velocity"":[0.672618151,-0.300420433,0.179238752],""box_linear_velocity"":[0.033689652,-0.002563326,-0.186210856],""box_mass"":1.125,""box_pose"":[0.550548136,-4.4258e-05,0.132714629,0.001759084,-0.00635018,0.685543656,0.728001714],""dof_position"":[-0.237285301,-0.026350558,0.005896532,0.430966944,-0.16551204,0.055689678,0.132243916,0.032053489,0.046180256,0.269787073,-0.251025379,0.020427672,0.103851572,0.004671078,0.038377546,-0.071688324,0.111822061,-0.005959525,0.347464085,-0.143093005,-0.147227928,-0.067092627,-0.393885165,-0.158520728,0.130056649,0.653409958,0.040091336,-0.132863685,0.135726064],""dof_velocity"":[-3.69987011,-2.04023695,-0.219868556,-14.315044403,-0.977586269,-2.914503098,-8.073449135,-2.565349817,-2.709582567,5.553555012,-0.017191259,-2.663327694,-0.661635637,-3.170675993,-11.556290627,0.988226235,-0.195298359,1.803678989,16.630430222,2.109781742,-13.163048744,-1.939331055,1.677898407,9.73107338,-11.54144001,15.634000778,-13.568096161,-10.718770981,5.724619389],""goal"":[-3.450000048,0.0,0.18273592],""robot_root_angular_velocity"":[-1.431528211,-7.326596737,1.130014539],""robot_root_linear_velocity"":[-0.336922407,0.054843113,-0.045488797],""robot_root_pose"":[2.28360796,0.002504884,0.79816258,-0.089187384,0.011171118,0.995951295,0.001305299]}",PI policy,True,2|smooth_hold|-box_x|1.1|0.5,2416,1,61032,61496.0,464.0,160,560,7.890919746745305,12.13987636566162,1.0,0.0,0.6760245561599731,0.24967520414252897,1.4164206981658936,3.342543840408325,-4.241831402666866,6.233173847198486,0.19478522683119598,0.5223082304000854,5.685504937890385,0.10680690289991612
pi,T0107,legged_gym/logs/Jul09_from_55500/model_73500.pt,2,smooth_hold,-box_x,1.1,1.0,0.1,0.15,0.15,1.125,12.13987636566162,13.960857892012672,0,,1,0.6931378245353699,-0.4769560396671295,-0.1186793148517608,1,0,0.6861045360565186,e769f27c64db0ba5eb165849ff42ce58632a3620,"{""box_angular_velocity"":[0.185768425,-0.20453988,0.387515187],""box_linear_velocity"":[0.01674905,0.000168352,-0.194880337],""box_mass"":1.125,""box_pose"":[0.550282478,1.0208e-05,0.132573009,-0.000722319,-0.002526691,0.687170386,0.726491451],""dof_position"":[-0.237110704,-0.025992589,0.005985565,0.431163967,-0.165785149,0.055646226,0.132176057,0.032272562,0.046187926,0.26987043,-0.250844985,0.020449631,0.104210772,0.00468637,0.038592372,-0.071527086,0.111687161,-0.005616767,0.346248507,-0.142984688,-0.14631623,-0.067180999,-0.39550826,-0.157149702,0.128948078,0.655863702,0.039027706,-0.13348186,0.135694116],""dof_velocity"":[-3.707928896,-2.029658318,-0.238220319,-14.30461216,-0.978596032,-2.909210205,-8.083808899,-2.553343058,-2.729621172,5.543580055,-0.0020891,-2.658094406,-0.660683215,-3.163669348,-11.560328484,1.011330128,-0.194512516,1.800587177,16.557180405,2.09766078,-13.123490334,-1.922307134,1.579465389,9.745996475,-11.540352821,15.764650345,-13.547241211,-10.762452126,5.665615559],""goal"":[-3.450000048,0.0,0.18273592],""robot_root_angular_velocity"":[-1.419124961,-7.332168579,1.128412485],""robot_root_linear_velocity"":[-0.336584419,0.055590346,-0.047971122],""robot_root_pose"":[2.283616781,0.002526743,0.798125982,-0.089134574,0.011077194,0.995956898,0.001456553]}",PI policy,True,2|smooth_hold|-box_x|1.1|1.0,2364,1,61637,62063.0,426.0,260,660,13.960857892012672,12.13987636566162,0.996969696969697,1.0,0.7234920263290405,0.2844850581082882,1.3933982849121094,3.697204113006592,-4.079551944624859,27.43650245666504,0.19067576452913326,0.9978092908859252,6.323663932322101,0.12419552372629171
pi,T0108,legged_gym/logs/Jul09_from_55500/model_73500.pt,2,smooth_hold,-box_x,1.1,2.0,0.1,0.15,0.15,1.125,12.13987636566162,26.10073428983581,0,,0,0.6139243245124817,0.5502238869667053,0.9817988872528076,1,0,0.5568490624427795,6a70511e6cfbc0301f120e72087bcfb07bcd1fdf,"{""box_angular_velocity"":[0.475279212,-0.481931031,0.290288568],""box_linear_velocity"":[0.033940569,0.000107899,-0.184350386],""box_mass"":1.125,""box_pose"":[0.550550282,4.716e-06,0.132745057,-0.000584321,-0.006145526,0.686359048,0.727236509],""dof_position"":[-0.237432122,-0.026056305,0.005876743,0.431093872,-0.165571004,0.055685069,0.131937131,0.032285113,0.046180353,0.269833416,-0.250789493,0.020457739,0.104088172,0.00484507,0.038643029,-0.071828105,0.111496642,-0.005776312,0.346558988,-0.142706037,-0.146536574,-0.066924684,-0.395763278,-0.157200083,0.128900021,0.655995965,0.038946588,-0.133537248,0.135698408],""dof_velocity"":[-3.713589907,-2.032421589,-0.233895764,-14.311442375,-0.975083232,-2.909122229,-8.088692665,-2.556181908,-2.723170757,5.54282856,-0.003984363,-2.65888238,-0.664008379,-3.159435272,-11.548906326,0.99852246,-0.201454997,1.800628424,16.567596436,2.110968828,-13.131939888,-1.915755033,1.561869502,9.74649334,-11.54188633,15.774898529,-13.551785469,-10.76725769,5.663630962],""goal"":[-3.450000048,0.0,0.18273592],""robot_root_angular_velocity"":[-1.419436812,-7.333737373,1.127477765],""robot_root_linear_velocity"":[-0.333665282,0.054547172,-0.045622244],""robot_root_pose"":[2.283668518,0.002500987,0.798168421,-0.089210883,0.011054173,0.995950341,0.001411472]}",PI policy,True,2|smooth_hold|-box_x|1.1|2.0,2644,1,62229,62675.0,446.0,460,860,26.10073428983581,12.13987636566162,1.0,0.0,0.637136697769165,0.2626277494482523,1.3542076349258425,3.2546520233154297,-4.266459114637312,13.358985900878906,0.23809228308314762,0.7363713979721069,7.2348394612933316,0.14519099122372545
pi,T0109,legged_gym/logs/Jul09_from_55500/model_73500.pt,2,smooth_hold,+box_y,0.1,0.5,0.1,0.15,0.15,1.125,1.103625,0.0,1,head_low,0,,,,0,0,4.000219345092773,a15fb11d8e46ff3fb3144518a1e32965ab0eac8c,"{""box_angular_velocity"":[0.276341766,-0.498189896,0.289878309],""box_linear_velocity"":[0.026458802,-0.00216599,-0.189474687],""box_mass"":1.125,""box_pose"":[0.550419688,-2.9657e-05,0.132654667,-0.001986475,-0.004864239,0.686530113,0.727082312],""dof_position"":[-0.237266034,-0.025748629,0.005975658,0.431141734,-0.16571705,0.05564541,0.131840929,0.032438565,0.046239194,0.269861609,-0.250609547,0.020472141,0.104396097,0.004996733,0.038736612,-0.071399398,0.11128898,-0.005867324,0.346275002,-0.142567977,-0.146759406,-0.06676653,-0.395761997,-0.157272026,0.129019514,0.655892193,0.039032396,-0.133507431,0.135725796],""dof_velocity"":[-3.707478285,-2.029393435,-0.246029884,-14.308581352,-0.975414574,-2.907255411,-8.088510513,-2.554763556,-2.739030838,5.535764694,0.00346157,-2.657807112,-0.660431564,-3.16096139,-11.541006088,1.015387654,-0.205796242,1.800662279,16.55847168,2.113167763,-13.144449234,-1.910217047,1.560631871,9.751514435,-11.540790558,15.77179718,-13.554766655,-10.765817642,5.670304775],""goal"":[-3.450000048,0.0,0.18273592],""robot_root_angular_velocity"":[-1.415830731,-7.328864574,1.118362427],""robot_root_linear_velocity"":[-0.333188891,0.055651832,-0.045514993],""robot_root_pose"":[2.283678293,0.00250475,0.798173308,-0.089175776,0.010959867,0.995954216,0.001597734]}",PI policy,False,2|smooth_hold|+box_y|0.1|0.5,184,0,62891,,,0,0,0.0,,,,,,,,,,,,,
pi,T0110,legged_gym/logs/Jul09_from_55500/model_73500.pt,2,smooth_hold,+box_y,0.1,1.0,0.1,0.15,0.15,1.125,1.1036250591278076,1.2691687038845931,0,,0,0.5606848001480103,-0.2909973263740539,-0.5251149535179138,1,0,0.6299437880516052,4582287138b2fc3a31a1cb25dd8705f72c204d9c,"{""box_angular_velocity"":[0.0,0.0,0.0],""box_linear_velocity"":[0.0,0.0,-0.196175486],""box_mass"":1.125,""box_pose"":[0.549999952,0.0,0.132547736,0.0,0.0,0.68435663,0.729147375],""dof_position"":[-0.237780809,-0.025950639,0.005912176,0.431112438,-0.165377572,0.055663545,0.131443098,0.032299895,0.046190694,0.269825906,-0.250445813,0.020467527,0.104477204,0.004905494,0.038970519,-0.071286865,0.109377429,-0.00606284,0.346385926,-0.141034573,-0.147619501,-0.0659502,-0.397222638,-0.156369403,0.128000021,0.657772839,0.038140442,-0.134024382,0.135641053],""dof_velocity"":[-3.723170042,-2.037189007,-0.247902557,-14.308513641,-0.969866395,-2.908161879,-8.095814705,-2.559491634,-2.739269257,5.529987812,0.007342046,-2.660553455,-0.661911964,-3.166270971,-11.513833046,1.023054957,-0.251062393,1.770554185,16.558387756,2.1219697,-13.192837715,-1.849751234,1.464424968,9.760338783,-11.547391891,15.874684334,-13.54074955,-10.804070473,5.615897655],""goal"":[-3.450000048,0.0,0.18273592],""robot_root_angular_velocity"":[-1.421434879,-7.328875542,1.125061154],""robot_root_linear_velocity"":[-0.327150285,0.055600896,-0.04376151],""robot_root_pose"":[2.28378129,0.002500449,0.798210204,-0.089273386,0.011016761,0.995945036,0.001546588]}",PI policy,True,2|smooth_hold|+box_y|0.1|1.0,2532,1,62938,63406.0,468.0,260,660,1.2691687038845931,1.103624939918518,1.0,0.0,0.5633191466331482,0.21291882438077167,1.3010636568069458,2.8095924854278564,-0.10290943254243978,2.419243574142456,0.0995913427129077,0.396875262260437,3.87939369917819,0.06519184578476621
pi,T0111,legged_gym/logs/Jul09_from_55500/model_73500.pt,2,smooth_hold,+box_y,0.1,2.0,0.1,0.15,0.15,1.125,1.103625,0.0,1,head_low,0,,,,0,0,4.005419731140137,316c014ed27195feac60c8bd3e37a36df337f3b2,"{""box_angular_velocity"":[-0.046642505,-0.122942515,0.346046776],""box_linear_velocity"":[-0.026793825,0.001183573,-0.211943626],""box_mass"":1.125,""box_pose"":[0.549555838,2.7383e-05,0.132282987,-0.00137948,-0.000522676,0.686911762,0.726739228],""dof_position"":[-0.237242728,-0.025907597,0.005838243,0.431086689,-0.165345535,0.055700868,0.131900623,0.032398686,0.046125673,0.270042449,-0.250555515,0.020485587,0.104259811,0.005014319,0.039397605,-0.070816807,0.112449698,-0.006152863,0.345057726,-0.143661663,-0.146452725,-0.067291521,-0.396183908,-0.15738225,0.128789827,0.656077027,0.039052725,-0.133595452,0.135736912],""dof_velocity"":[-3.744387388,-2.024489164,-0.248131022,-14.296499252,-0.967338562,-2.905997276,-8.118478775,-2.54587245,-2.735691547,5.538369179,0.019818308,-2.657469988,-0.662067056,-3.144771814,-11.547967911,1.053694367,-0.196514785,1.81751883,16.501750946,2.114009619,-13.124616623,-1.972036362,1.545967698,9.737457275,-11.54351902,15.78370285,-13.548606873,-10.771101952,5.665533543],""goal"":[-3.450000048,0.0,0.18273592],""robot_root_angular_velocity"":[-1.406844974,-7.343433857,1.130176783],""robot_root_linear_velocity"":[-0.326916814,0.053643405,-0.043036617],""robot_root_pose"":[2.283795357,0.002487467,0.79822427,-0.089035586,0.010983938,0.995966733,0.001467889]}",PI policy,False,2|smooth_hold|+box_y|0.1|2.0,124,0,63572,,,0,0,0.0,,,,,,,,,,,,,
pi,T0112,legged_gym/logs/Jul09_from_55500/model_73500.pt,2,smooth_hold,+box_y,0.3,0.5,0.1,0.15,0.15,1.125,3.310875177383423,2.152068883569767,0,,1,0.604476273059845,-0.1426221132278442,-0.6095668077468872,1,0,0.4334793388843536,2ca4c43e9b058a9fcccad1b2232bb36b094477aa,"{""box_angular_velocity"":[0.672618151,-0.300420433,0.179238752],""box_linear_velocity"":[0.033689652,-0.002563326,-0.186210856],""box_mass"":1.125,""box_pose"":[0.550548136,-4.4258e-05,0.132714629,0.001759084,-0.00635018,0.685543656,0.728001714],""dof_position"":[-0.237285301,-0.026350558,0.005896532,0.430966944,-0.16551204,0.055689678,0.132243916,0.032053489,0.046180256,0.269787073,-0.251025379,0.020427672,0.103851572,0.004671078,0.038377546,-0.071688324,0.111822061,-0.005959525,0.347464085,-0.143093005,-0.147227928,-0.067092627,-0.393885165,-0.158520728,0.130056649,0.653409958,0.040091336,-0.132863685,0.135726064],""dof_velocity"":[-3.69987011,-2.04023695,-0.219868556,-14.315044403,-0.977586269,-2.914503098,-8.073449135,-2.565349817,-2.709582567,5.553555012,-0.017191259,-2.663327694,-0.661635637,-3.170675993,-11.556290627,0.988226235,-0.195298359,1.803678989,16.630430222,2.109781742,-13.163048744,-1.939331055,1.677898407,9.73107338,-11.54144001,15.634000778,-13.568096161,-10.718770981,5.724619389],""goal"":[-3.450000048,0.0,0.18273592],""robot_root_angular_velocity"":[-1.431528211,-7.326596737,1.130014539],""robot_root_linear_velocity"":[-0.336922407,0.054843113,-0.045488797],""robot_root_pose"":[2.28360796,0.002504884,0.79816258,-0.089187384,0.011171118,0.995951295,0.001305299]}",PI policy,True,2|smooth_hold|+box_y|0.3|0.5,2316,1,63604,64043.0,439.0,160,560,2.152068883569767,3.310875177383423,0.9964285714285714,1.0,0.604476273059845,0.31024132732834137,1.3488918542861938,3.0022456645965576,3.8503794259375095,25.16659164428711,0.08899578194499815,0.999811589717865,8.52561092304864,0.09613922548802191
pi,T0113,legged_gym/logs/Jul09_from_55500/model_73500.pt,2,smooth_hold,+box_y,0.3,1.0,0.1,0.15,0.15,1.125,3.310875177383423,3.8075064908967535,0,,0,0.548621654510498,0.1642040461301803,-0.2254497557878494,1,0,0.4554041922092438,10f11b8056ffc7a53f2e063a933a31f84afda3dd,"{""box_angular_velocity"":[0.0,0.0,0.0],""box_linear_velocity"":[0.0,0.0,-0.196175486],""box_mass"":1.125,""box_pose"":[0.549999952,0.0,0.132547736,0.0,0.0,0.68435663,0.729147375],""dof_position"":[-0.237777933,-0.025952505,0.005912776,0.431111097,-0.165377051,0.055663567,0.131444991,0.03229776,0.046191175,0.269826174,-0.250446022,0.02046746,0.104477875,0.004903596,0.038972221,-0.071286656,0.10937763,-0.006062748,0.346385717,-0.141034558,-0.147619367,-0.065950349,-0.397222817,-0.156369165,0.127999857,0.657773376,0.038140319,-0.134024367,0.135640979],""dof_velocity"":[-3.723451614,-2.037230015,-0.247979224,-14.308325768,-0.96993196,-2.908168077,-8.096022606,-2.559505224,-2.739308596,5.529985905,0.007387461,-2.660569429,-0.661966503,-3.166290998,-11.51411438,1.023161411,-0.251088798,1.770548224,16.558382034,2.121978521,-13.192844391,-1.849757552,1.464488864,9.760333061,-11.547355652,15.874698639,-13.540744781,-10.804060936,5.615897179],""goal"":[-3.450000048,0.0,0.18273592],""robot_root_angular_velocity"":[-1.421454668,-7.329061031,1.125103116],""robot_root_linear_velocity"":[-0.327147037,0.055597257,-0.043764625],""robot_root_pose"":[2.28378129,0.002500473,0.798210263,-0.089271702,0.011017545,0.995945156,0.001546967]}",PI policy,True,2|smooth_hold|+box_y|0.3|1.0,2280,1,64184,64589.0,405.0,260,660,3.8075064908967535,3.310875177383423,0.9984848484848485,1.0,0.5504564046859741,0.24968272565553587,1.3777467012405396,2.608471155166626,-0.8190560643476519,8.09781265258789,0.11412656374388568,0.8819708824157715,4.915519521362854,0.08286104335881339
pi,T0114,legged_gym/logs/Jul09_from_55500/model_73500.pt,2,smooth_hold,+box_y,0.3,2.0,0.1,0.15,0.15,1.125,3.310875,0.0,1,head_low,0,,,,0,0,4.000012397766113,08d7dbfb632456958f93d1e8ea5a52d40e2062e9,"{""box_angular_velocity"":[0.178029954,-0.40818733,0.086900793],""box_linear_velocity"":[0.030002782,-0.003617451,-0.186769694],""box_mass"":1.125,""box_pose"":[0.550483823,-5.8048e-05,0.132702455,-0.002002842,-0.003828949,0.685129821,0.728408098],""dof_position"":[-0.237508595,-0.025461433,0.006093022,0.431303918,-0.165650308,0.055618417,0.131725222,0.032614809,0.046307076,0.269790083,-0.250563204,0.020484529,0.104457535,0.005106937,0.038859602,-0.071423352,0.111142136,-0.005849707,0.346227884,-0.142408997,-0.146918878,-0.066569947,-0.396061897,-0.15716064,0.128996596,0.656070828,0.038974166,-0.133583978,0.135752603],""dof_velocity"":[-3.71095109,-2.024268389,-0.24497287,-14.315273285,-0.963100076,-2.906446695,-8.088985443,-2.553022861,-2.742967367,5.534498692,-0.002266878,-2.655671358,-0.660377085,-3.162587881,-11.528806686,1.013616323,-0.205001712,1.79984498,16.554096222,2.113195419,-13.151452065,-1.898653269,1.542939305,9.757805824,-11.540524483,15.78295517,-13.555098534,-10.77162838,5.66886425],""goal"":[-3.450000048,0.0,0.18273592],""robot_root_angular_velocity"":[-1.412307501,-7.328420639,1.110308647],""robot_root_linear_velocity"":[-0.331626713,0.056225851,-0.044663571],""robot_root_pose"":[2.283710241,0.002503312,0.798189104,-0.089209221,0.010870726,0.99595207,0.001691394]}",PI policy,False,2|smooth_hold|+box_y|0.3|2.0,120,0,64755,,,0,0,0.0,,,,,,,,,,,,,
pi,T0115,legged_gym/logs/Jul09_from_55500/model_73500.pt,2,smooth_hold,+box_y,0.5,0.5,0.1,0.15,0.15,1.125,5.518125057220459,3.586781052809444,0,,0,0.4441379904747009,0.0385005734860897,-0.2420604974031448,1,0,0.563774824142456,2ca4c43e9b058a9fcccad1b2232bb36b094477aa,"{""box_angular_velocity"":[0.672618151,-0.300420433,0.179238752],""box_linear_velocity"":[0.033689652,-0.002563326,-0.186210856],""box_mass"":1.125,""box_pose"":[0.550548136,-4.4258e-05,0.132714629,0.001759084,-0.00635018,0.685543656,0.728001714],""dof_position"":[-0.237285301,-0.026350558,0.005896532,0.430966944,-0.16551204,0.055689678,0.132243916,0.032053489,0.046180256,0.269787073,-0.251025379,0.020427672,0.103851572,0.004671078,0.038377546,-0.071688324,0.111822061,-0.005959525,0.347464085,-0.143093005,-0.147227928,-0.067092627,-0.393885165,-0.158520728,0.130056649,0.653409958,0.040091336,-0.132863685,0.135726064],""dof_velocity"":[-3.69987011,-2.04023695,-0.219868556,-14.315044403,-0.977586269,-2.914503098,-8.073449135,-2.565349817,-2.709582567,5.553555012,-0.017191259,-2.663327694,-0.661635637,-3.170675993,-11.556290627,0.988226235,-0.195298359,1.803678989,16.630430222,2.109781742,-13.163048744,-1.939331055,1.677898407,9.73107338,-11.54144001,15.634000778,-13.568096161,-10.718770981,5.724619389],""goal"":[-3.450000048,0.0,0.18273592],""robot_root_angular_velocity"":[-1.431528211,-7.326596737,1.130014539],""robot_root_linear_velocity"":[-0.336922407,0.054843113,-0.045488797],""robot_root_pose"":[2.28360796,0.002504884,0.79816258,-0.089187384,0.011171118,0.995951295,0.001305299]}",PI policy,True,2|smooth_hold|+box_y|0.5|0.5,2360,1,64786,65236.0,450.0,160,560,3.586781052809444,5.518124580383301,0.9982142857142857,1.0,0.4494229257106781,0.21763839694405238,1.3287216424942017,2.607008934020996,-0.14194485600954587,2.016432046890259,0.09826769324967499,0.5787704586982727,4.060701838721122,0.07249853778141636
pi,T0116,legged_gym/logs/Jul09_from_55500/model_73500.pt,2,smooth_hold,+box_y,0.5,1.0,0.1,0.15,0.15,1.125,5.518125057220459,6.34584386147305,0,,1,2.6604466438293457,0.0752963349223136,-0.5758054852485657,0,1,0.0229589603841304,410109faed18eb3b325205da440287c4019d3bc8,"{""box_angular_velocity"":[0.191947207,0.006118039,0.664487541],""box_linear_velocity"":[-0.039299026,0.006130475,-0.219697267],""box_mass"":1.125,""box_pose"":[0.549326956,0.000116306,0.132140562,0.001038587,-0.000986596,0.689012468,0.724747956],""dof_position"":[-0.237823799,-0.026084596,0.005835036,0.43116805,-0.165256754,0.055718299,0.131622598,0.032263599,0.046130739,0.269822121,-0.250517935,0.020501586,0.104474731,0.005081747,0.038876899,-0.070605934,0.113002524,-0.005427053,0.343425781,-0.144832775,-0.144637167,-0.068351276,-0.395613819,-0.15774326,0.128731355,0.655512154,0.039140075,-0.133445516,0.135657594],""dof_velocity"":[-3.707951307,-2.036995411,-0.240689486,-14.312870026,-0.964162707,-2.907890081,-8.078338623,-2.558558702,-2.729467154,5.536801338,0.005022541,-2.658642292,-0.639925718,-3.143877506,-11.5024786,1.034455061,-0.159092203,1.822894692,16.415744781,2.045906305,-13.029308319,-1.994744301,1.563122272,9.718444824,-11.556294441,15.747284889,-13.546073914,-10.761672974,5.661726952],""goal"":[-3.450000048,0.0,0.18273592],""robot_root_angular_velocity"":[-1.416050911,-7.311707497,1.132467031],""robot_root_linear_velocity"":[-0.327131838,0.052171949,-0.042033564],""robot_root_pose"":[2.283779144,0.00246428,0.79822439,-0.089227058,0.011023303,0.995949328,0.001399721]}",PI policy,True,2|smooth_hold|+box_y|0.5|1.0,2380,1,65377,65807.0,430.0,260,660,6.34584386147305,5.518125057220459,0.8818181818181818,1.0,2.764976501464844,0.36775377071039245,2.6115152835845947,6.691810607910156,-0.11578879569741812,18.62725067138672,0.18222482642864413,1.0,4.732723473046313,0.10076509621027398
pi,T0117,legged_gym/logs/Jul09_from_55500/model_73500.pt,2,smooth_hold,+box_y,0.5,2.0,0.1,0.15,0.15,1.125,5.518125057220459,11.86396988155992,0,,1,2.3780722618103027,0.3045794665813446,-0.1065122187137603,0,1,0.0273962430655956,2ca4c43e9b058a9fcccad1b2232bb36b094477aa,"{""box_angular_velocity"":[0.672618151,-0.300420433,0.179238752],""box_linear_velocity"":[0.033689652,-0.002563326,-0.186210856],""box_mass"":1.125,""box_pose"":[0.550548136,-4.4258e-05,0.132714629,0.001759084,-0.00635018,0.685543656,0.728001714],""dof_position"":[-0.237285301,-0.026350558,0.005896532,0.430966944,-0.16551204,0.055689678,0.132243916,0.032053489,0.046180256,0.269787073,-0.251025379,0.020427672,0.103851572,0.004671078,0.038377546,-0.071688324,0.111822061,-0.005959525,0.347464085,-0.143093005,-0.147227928,-0.067092627,-0.393885165,-0.158520728,0.130056649,0.653409958,0.040091336,-0.132863685,0.135726064],""dof_velocity"":[-3.69987011,-2.04023695,-0.219868556,-14.315044403,-0.977586269,-2.914503098,-8.073449135,-2.565349817,-2.709582567,5.553555012,-0.017191259,-2.663327694,-0.661635637,-3.170675993,-11.556290627,0.988226235,-0.195298359,1.803678989,16.630430222,2.109781742,-13.163048744,-1.939331055,1.677898407,9.73107338,-11.54144001,15.634000778,-13.568096161,-10.718770981,5.724619389],""goal"":[-3.450000048,0.0,0.18273592],""robot_root_angular_velocity"":[-1.431528211,-7.326596737,1.130014539],""robot_root_linear_velocity"":[-0.336922407,0.054843113,-0.045488797],""robot_root_pose"":[2.28360796,0.002504884,0.79816258,-0.089187384,0.011171118,0.995951295,0.001305299]}",PI policy,True,2|smooth_hold|+box_y|0.5|2.0,2616,1,65973,66412.0,439.0,460,860,11.86396988155992,5.518125534057617,0.8325581395348837,1.0,2.4766685962677,0.3935470010771221,2.4162521362304688,4.841435432434082,-2.953987687590077,13.809317588806152,0.21266337438797184,1.0,7.583732693451782,0.09875619218341744
pi,T0118,legged_gym/logs/Jul09_from_55500/model_73500.pt,2,smooth_hold,+box_y,0.7,0.5,0.1,0.15,0.15,1.125,7.725375175476074,5.021493912694646,0,,1,2.822667360305786,-0.8713588118553162,-0.0895276889204979,0,1,0.0935214385390281,7c1f2a968712bc151137881b9419bd55575a31fd,"{""box_angular_velocity"":[0.672560871,-0.300383776,0.179341763],""box_linear_velocity"":[0.033707943,-0.002564036,-0.186203152],""box_mass"":1.125,""box_pose"":[0.550548553,-4.4268e-05,0.132714778,0.001759038,-0.006349898,0.685544312,0.728000998],""dof_position"":[-0.237283826,-0.026351757,0.005896891,0.430968344,-0.165513381,0.055688914,0.132245973,0.032052509,0.046179473,0.269787699,-0.251026005,0.020426875,0.103852563,0.004665846,0.038380884,-0.071675062,0.111795455,-0.005968498,0.34747076,-0.14306967,-0.147254318,-0.067078635,-0.393885612,-0.158518717,0.130054608,0.653409719,0.040091705,-0.132863715,0.135724962],""dof_velocity"":[-3.699853659,-2.040274858,-0.219844058,-14.314961433,-0.977654457,-2.914536476,-8.073411942,-2.565372705,-2.709612608,5.553611279,-0.017200902,-2.663356066,-0.661596179,-3.17101717,-11.556139946,0.988642991,-0.196054056,1.803285122,16.63104248,2.110189915,-13.164363861,-1.938727617,1.677851558,9.731161118,-11.541464806,15.633981705,-13.567970276,-10.718790054,5.724478245],""goal"":[-3.450000048,0.0,0.18273592],""robot_root_angular_velocity"":[-1.431691766,-7.326523781,1.130100608],""robot_root_linear_velocity"":[-0.33690089,0.054902196,-0.04550327],""robot_root_pose"":[2.283609629,0.002505902,0.798162699,-0.08918605,0.011172494,0.995951355,0.001304639]}",PI policy,True,2|smooth_hold|+box_y|0.7|0.5,2468,1,66628,67105.0,477.0,160,560,5.021493912694646,7.725375175476074,0.8625,1.0,2.822667360305786,0.4404666371111359,2.6348114013671875,8.0221586227417,0.19984453879463088,3.159705400466919,0.0952908969060185,1.0,3.1454933533445,0.06055594850061291
pi,T0119,legged_gym/logs/Jul09_from_55500/model_73500.pt,2,smooth_hold,+box_y,0.7,1.0,0.1,0.15,0.15,1.125,7.725375,0.0,1,head_low,0,,,,0,0,4.005419731140137,2ca4c43e9b058a9fcccad1b2232bb36b094477aa,"{""box_angular_velocity"":[0.672618151,-0.300420433,0.179238752],""box_linear_velocity"":[0.033689652,-0.002563326,-0.186210856],""box_mass"":1.125,""box_pose"":[0.550548136,-4.4258e-05,0.132714629,0.001759084,-0.00635018,0.685543656,0.728001714],""dof_position"":[-0.237285301,-0.026350558,0.005896532,0.430966944,-0.16551204,0.055689678,0.132243916,0.032053489,0.046180256,0.269787073,-0.251025379,0.020427672,0.103851572,0.004671078,0.038377546,-0.071688324,0.111822061,-0.005959525,0.347464085,-0.143093005,-0.147227928,-0.067092627,-0.393885165,-0.158520728,0.130056649,0.653409958,0.040091336,-0.132863685,0.135726064],""dof_velocity"":[-3.69987011,-2.04023695,-0.219868556,-14.315044403,-0.977586269,-2.914503098,-8.073449135,-2.565349817,-2.709582567,5.553555012,-0.017191259,-2.663327694,-0.661635637,-3.170675993,-11.556290627,0.988226235,-0.195298359,1.803678989,16.630430222,2.109781742,-13.163048744,-1.939331055,1.677898407,9.73107338,-11.54144001,15.634000778,-13.568096161,-10.718770981,5.724619389],""goal"":[-3.450000048,0.0,0.18273592],""robot_root_angular_velocity"":[-1.431528211,-7.326596737,1.130014539],""robot_root_linear_velocity"":[-0.336922407,0.054843113,-0.045488797],""robot_root_pose"":[2.28360796,0.002504884,0.79816258,-0.089187384,0.011171118,0.995951295,0.001305299]}",PI policy,False,2|smooth_hold|+box_y|0.7|1.0,124,0,67246,,,0,0,0.0,,,,,,,,,,,,,
pi,T0120,legged_gym/logs/Jul09_from_55500/model_73500.pt,2,smooth_hold,+box_y,0.7,2.0,0.1,0.15,0.15,1.125,7.725375175476074,16.60955666956569,0,,1,0.7865076065063477,0.97074156999588,0.5680798292160034,1,0,0.4994305670261383,2ca4c43e9b058a9fcccad1b2232bb36b094477aa,"{""box_angular_velocity"":[0.672618151,-0.300420433,0.179238752],""box_linear_velocity"":[0.033689652,-0.002563326,-0.186210856],""box_mass"":1.125,""box_pose"":[0.550548136,-4.4258e-05,0.132714629,0.001759084,-0.00635018,0.685543656,0.728001714],""dof_position"":[-0.237285301,-0.026350558,0.005896532,0.430966944,-0.16551204,0.055689678,0.132243916,0.032053489,0.046180256,0.269787073,-0.251025379,0.020427672,0.103851572,0.004671078,0.038377546,-0.071688324,0.111822061,-0.005959525,0.347464085,-0.143093005,-0.147227928,-0.067092627,-0.393885165,-0.158520728,0.130056649,0.653409958,0.040091336,-0.132863685,0.135726064],""dof_velocity"":[-3.69987011,-2.04023695,-0.219868556,-14.315044403,-0.977586269,-2.914503098,-8.073449135,-2.565349817,-2.709582567,5.553555012,-0.017191259,-2.663327694,-0.661635637,-3.170675993,-11.556290627,0.988226235,-0.195298359,1.803678989,16.630430222,2.109781742,-13.163048744,-1.939331055,1.677898407,9.73107338,-11.54144001,15.634000778,-13.568096161,-10.718770981,5.724619389],""goal"":[-3.450000048,0.0,0.18273592],""robot_root_angular_velocity"":[-1.431528211,-7.326596737,1.130014539],""robot_root_linear_velocity"":[-0.336922407,0.054843113,-0.045488797],""robot_root_pose"":[2.28360796,0.002504884,0.79816258,-0.089187384,0.011171118,0.995951295,0.001305299]}",PI policy,True,2|smooth_hold|+box_y|0.7|2.0,2440,1,67278,67673.0,395.0,460,860,16.60955666956569,7.725375175476074,0.9593023255813954,1.0,0.8511382937431335,0.2779074616665237,1.7089043855667114,4.094224452972412,-1.396987455476855,18.727767944335938,0.17065969574140644,0.9381930232048036,5.9837407862897525,0.11379770380519273
pi,T0121,legged_gym/logs/Jul09_from_55500/model_73500.pt,2,smooth_hold,+box_y,0.9,0.5,0.1,0.15,0.15,1.125,9.932625,0.0,1,head_low,0,,,,0,0,4.002978801727295,edd06ad0784f5d46f6bc75c9204c78f2f168c15c,"{""box_angular_velocity"":[-0.234670579,-0.042546015,0.385244995],""box_linear_velocity"":[-0.066514082,0.002335779,-0.227387249],""box_mass"":1.125,""box_pose"":[0.548842549,4.8721e-05,0.132003337,-0.002000896,0.001211516,0.687127352,0.726533175],""dof_position"":[-0.237693697,-0.025846466,0.00589236,0.431143194,-0.165092587,0.055669609,0.131548122,0.032427292,0.04616081,0.269992203,-0.250382096,0.020463973,0.104335494,0.004853845,0.03959991,-0.070802853,0.111491017,-0.005978295,0.344690561,-0.142823741,-0.146563649,-0.066846013,-0.396352261,-0.157392487,0.128790796,0.655876935,0.039131936,-0.13360405,0.135705337],""dof_velocity"":[-3.754572868,-2.026413918,-0.247860238,-14.302036285,-0.956253827,-2.906754732,-8.123288155,-2.548080683,-2.738432407,5.531764984,0.022233533,-2.658568621,-0.660674334,-3.160382032,-11.524295807,1.046810269,-0.206778079,1.799574614,16.484716415,2.108397484,-13.13398838,-1.925041318,1.53641808,9.740494728,-11.544715881,15.771562576,-13.544156075,-10.771419525,5.663781643],""goal"":[-3.450000048,0.0,0.18273592],""robot_root_angular_velocity"":[-1.412720323,-7.34286499,1.12787807],""robot_root_linear_velocity"":[-0.322515547,0.05620084,-0.041385178],""robot_root_pose"":[2.283871174,0.002522117,0.798254788,-0.089119934,0.010993249,0.995959044,0.001518229]}",PI policy,False,2|smooth_hold|+box_y|0.9|0.5,144,0,67889,,,0,0,0.0,,,,,,,,,,,,,
pi,T0122,legged_gym/logs/Jul09_from_55500/model_73500.pt,2,smooth_hold,+box_y,0.9,1.0,0.1,0.15,0.15,1.125,9.932624816894531,11.422518640977373,0,,0,0.802416980266571,0.093961551785469,0.3706350326538086,1,0,0.6596920490264893,4582287138b2fc3a31a1cb25dd8705f72c204d9c,"{""box_angular_velocity"":[0.0,0.0,0.0],""box_linear_velocity"":[0.0,0.0,-0.196175486],""box_mass"":1.125,""box_pose"":[0.549999952,0.0,0.132547736,0.0,0.0,0.68435663,0.729147375],""dof_position"":[-0.237780809,-0.025950639,0.005912176,0.431112438,-0.165377572,0.055663545,0.131443098,0.032299895,0.046190694,0.269825906,-0.250445813,0.020467527,0.104477204,0.004905494,0.038970519,-0.071286865,0.109377429,-0.00606284,0.346385926,-0.141034573,-0.147619501,-0.0659502,-0.397222638,-0.156369403,0.128000021,0.657772839,0.038140442,-0.134024382,0.135641053],""dof_velocity"":[-3.723170042,-2.037189007,-0.247902557,-14.308513641,-0.969866395,-2.908161879,-8.095814705,-2.559491634,-2.739269257,5.529987812,0.007342046,-2.660553455,-0.661911964,-3.166270971,-11.513833046,1.023054957,-0.251062393,1.770554185,16.558387756,2.1219697,-13.192837715,-1.849751234,1.464424968,9.760338783,-11.547391891,15.874684334,-13.54074955,-10.804070473,5.615897655],""goal"":[-3.450000048,0.0,0.18273592],""robot_root_angular_velocity"":[-1.421434879,-7.328875542,1.125061154],""robot_root_linear_velocity"":[-0.327150285,0.055600896,-0.04376151],""robot_root_pose"":[2.28378129,0.002500449,0.798210204,-0.089273386,0.011016761,0.995945036,0.001546588]}",PI policy,True,2|smooth_hold|+box_y|0.9|1.0,2436,1,67926,68370.0,444.0,260,660,11.422518640977373,9.932624816894531,1.0,0.0,0.8135029673576355,0.27810776578544666,1.6806604862213137,4.121375560760498,-2.046635490475279,24.70392417907715,0.1486345760390219,0.7808986306190491,4.464452110795361,0.07553307694009462
pi,T0123,legged_gym/logs/Jul09_from_55500/model_73500.pt,2,smooth_hold,+box_y,0.9,2.0,0.1,0.15,0.15,1.125,9.932625,0.0,1,head_low,0,,,,0,0,4.006112575531006,2001667f2ea39525144607f495dd9cc19b2970b5,"{""box_angular_velocity"":[-0.246220425,-0.098983154,0.324429929],""box_linear_velocity"":[-0.05562406,0.001003618,-0.222470507],""box_mass"":1.125,""box_pose"":[0.549049556,2.6148e-05,0.132095248,-0.002392955,0.001025335,0.686806798,0.72683531],""dof_position"":[-0.237598211,-0.025724895,0.005885414,0.431192786,-0.165208027,0.055682935,0.131626546,0.032531366,0.046151694,0.269991517,-0.25039205,0.020491976,0.104322113,0.005092576,0.03960067,-0.070240892,0.112194479,-0.006548748,0.344315618,-0.143243685,-0.146719709,-0.066889815,-0.39647001,-0.157413349,0.128742486,0.656077325,0.039071161,-0.133620992,0.13574253],""dof_velocity"":[-3.740998983,-2.022694588,-0.246129334,-14.303725243,-0.957457423,-2.905762196,-8.114510536,-2.54618144,-2.737663031,5.535916805,0.019620709,-2.656668663,-0.659777701,-3.147711515,-11.512893677,1.066498995,-0.208474591,1.819071054,16.47341156,2.136261702,-13.135796547,-1.972849131,1.523870111,9.736992836,-11.54625988,15.783921242,-13.546159744,-10.77329731,5.663915157],""goal"":[-3.450000048,0.0,0.18273592],""robot_root_angular_velocity"":[-1.406385541,-7.332579613,1.125119567],""robot_root_linear_velocity"":[-0.322494805,0.054451026,-0.041377991],""robot_root_pose"":[2.283870935,0.002490495,0.798251867,-0.089087032,0.010922392,0.995962799,0.001513868]}",PI policy,False,2|smooth_hold|+box_y|0.9|2.0,84,0,68536,,,0,0,0.0,,,,,,,,,,,,,
pi,T0124,legged_gym/logs/Jul09_from_55500/model_73500.pt,2,smooth_hold,+box_y,1.1,0.5,0.1,0.15,0.15,1.125,12.13987636566162,7.89092019884187,0,,1,0.8251212239265442,1.747514009475708,1.272166132926941,1,0,1.2854011058807373,2ca4c43e9b058a9fcccad1b2232bb36b094477aa,"{""box_angular_velocity"":[0.672618151,-0.300420433,0.179238752],""box_linear_velocity"":[0.033689652,-0.002563326,-0.186210856],""box_mass"":1.125,""box_pose"":[0.550548136,-4.4258e-05,0.132714629,0.001759084,-0.00635018,0.685543656,0.728001714],""dof_position"":[-0.237285301,-0.026350558,0.005896532,0.430966944,-0.16551204,0.055689678,0.132243916,0.032053489,0.046180256,0.269787073,-0.251025379,0.020427672,0.103851572,0.004671078,0.038377546,-0.071688324,0.111822061,-0.005959525,0.347464085,-0.143093005,-0.147227928,-0.067092627,-0.393885165,-0.158520728,0.130056649,0.653409958,0.040091336,-0.132863685,0.135726064],""dof_velocity"":[-3.69987011,-2.04023695,-0.219868556,-14.315044403,-0.977586269,-2.914503098,-8.073449135,-2.565349817,-2.709582567,5.553555012,-0.017191259,-2.663327694,-0.661635637,-3.170675993,-11.556290627,0.988226235,-0.195298359,1.803678989,16.630430222,2.109781742,-13.163048744,-1.939331055,1.677898407,9.73107338,-11.54144001,15.634000778,-13.568096161,-10.718770981,5.724619389],""goal"":[-3.450000048,0.0,0.18273592],""robot_root_angular_velocity"":[-1.431528211,-7.326596737,1.130014539],""robot_root_linear_velocity"":[-0.336922407,0.054843113,-0.045488797],""robot_root_pose"":[2.28360796,0.002504884,0.79816258,-0.089187384,0.011171118,0.995951295,0.001305299]}",PI policy,True,2|smooth_hold|+box_y|1.1|0.5,1956,1,68558,68907.0,349.0,160,560,7.89092019884187,12.139877319335938,0.9089285714285714,1.0,0.8340508341789246,0.4012693030360554,1.7121052742004397,4.532551288604736,0.8005545971582511,44.49409866333008,0.2386400220649583,0.9804703593254088,10.250556463854654,0.20523544148439082
pi,T0125,legged_gym/logs/Jul09_from_55500/model_73500.pt,2,smooth_hold,+box_y,1.1,1.0,0.1,0.15,0.15,1.125,12.13987636566162,13.960857910569274,0,,1,0.9870116710662842,1.920939326286316,1.491607904434204,1,0,0.9998565316200256,7a0c2bca10fe7b1122051c4eeee2b7cde60101eb,"{""box_angular_velocity"":[0.235231087,-0.395617753,-0.117219053],""box_linear_velocity"":[-0.01284628,-0.008552996,-0.201948538],""box_mass"":1.125,""box_pose"":[0.549785674,-0.000155475,0.132452279,-0.000968523,-0.004248995,0.683425009,0.730007589],""dof_position"":[-0.237504661,-0.025853775,0.006036321,0.43103084,-0.165478185,0.055635799,0.131534457,0.032293554,0.046327733,0.269847393,-0.250461638,0.02045553,0.104385905,0.004894277,0.038851645,-0.071677633,0.110414565,-0.005523751,0.3466717,-0.142021105,-0.147115946,-0.066415772,-0.394567132,-0.158518031,0.130100369,0.653554082,0.040116869,-0.132942185,0.135785863],""dof_velocity"":[-3.715891838,-2.03937149,-0.24347426,-14.314283371,-0.968956709,-2.911160231,-8.097664833,-2.566792727,-2.738143206,5.530031681,0.007752642,-2.663758993,-0.658035934,-3.182960033,-11.530024529,1.002031565,-0.200027421,1.774640322,16.572502136,2.087733507,-13.165559769,-1.856998682,1.639831305,9.746249199,-11.542132378,15.648756027,-13.571604729,-10.726818085,5.728056908],""goal"":[-3.450000048,0.0,0.18273592],""robot_root_angular_velocity"":[-1.428341031,-7.331593513,1.110469222],""robot_root_linear_velocity"":[-0.329401463,0.05703776,-0.043222707],""robot_root_pose"":[2.283745766,0.00250057,0.79821384,-0.089236073,0.011001168,0.995948315,0.001688133]}",PI policy,True,2|smooth_hold|+box_y|1.1|1.0,1920,1,69048,69363.0,315.0,260,660,13.960857910569274,12.13987636566162,0.9666666666666667,1.0,0.9870116710662842,0.41837932092109414,1.6419187784194946,5.276543617248535,0.4670995154954267,25.243053436279297,0.176857019577768,0.9985793828964232,7.136621533830961,0.1321524522352664
pi,T0126,legged_gym/logs/Jul09_from_55500/model_73500.pt,2,smooth_hold,+box_y,1.1,2.0,0.1,0.15,0.15,1.125,12.13987636566162,26.10073428421062,0,,1,0.9978941679000854,0.7792259454727173,0.47263965010643,1,0,0.4434849619865417,522319d3f9f8ab11609deedf691f3596135ec52a,"{""box_angular_velocity"":[0.048187703,-0.192678288,0.388247848],""box_linear_velocity"":[0.012777412,0.001801681,-0.193711311],""box_mass"":1.125,""box_pose"":[0.550240397,3.7745e-05,0.132597908,-0.001131797,-0.001510117,0.687079549,0.726579607],""dof_position"":[-0.237634867,-0.02593169,0.005929287,0.431069225,-0.16546759,0.055666205,0.131646886,0.032340929,0.046222299,0.269774288,-0.250586569,0.020462045,0.104288146,0.004845676,0.038689792,-0.072343245,0.111985929,-0.004781857,0.345559299,-0.143820509,-0.144941732,-0.067664102,-0.395194858,-0.15779525,0.129347369,0.654850423,0.039471194,-0.133283481,0.13570869],""dof_velocity"":[-3.720676661,-2.031698227,-0.240139499,-14.31306839,-0.972333968,-2.908490658,-8.095598221,-2.555727005,-2.730574369,5.533401966,0.000486802,-2.659143209,-0.655165792,-3.163861752,-11.544141769,0.984382391,-0.160888314,1.795367002,16.495973587,2.036705494,-13.053783417,-1.903471112,1.601911902,9.738120079,-11.542102814,15.712204933,-13.55454731,-10.748855591,5.687832355],""goal"":[-3.450000048,0.0,0.18273592],""robot_root_angular_velocity"":[-1.41893363,-7.336890221,1.122579336],""robot_root_linear_velocity"":[-0.331103951,0.055626862,-0.044053461],""robot_root_pose"":[2.283716202,0.002511932,0.798195004,-0.089272372,0.011022954,0.995945096,0.001514627]}",PI policy,True,2|smooth_hold|+box_y|1.1|2.0,2480,1,69529,69934.0,405.0,460,860,26.10073428421062,12.13987636566162,0.9802325581395349,1.0,1.0306413173675537,0.27990203962531374,1.7368184328079224,5.658903121948242,-1.1296612093181804,18.419178009033203,0.1545326519271543,0.9995956420898438,4.415067175203978,0.07906508096815273
pi,T0127,legged_gym/logs/Jul09_from_55500/model_73500.pt,2,smooth_hold,-box_y,0.1,0.5,0.1,0.15,0.15,1.125,1.103625,0.0,1,head_low,0,,,,0,0,4.00028133392334,dfbb580cb556e5f4e949dc01122ee921576f1dd5,"{""box_angular_velocity"":[0.109807529,-0.24317506,0.380398571],""box_linear_velocity"":[0.006977762,7.8098e-05,-0.198620692],""box_mass"":1.125,""box_pose"":[0.550111175,9.711e-06,0.132505596,-0.001363706,-0.002256938,0.687149227,0.726511359],""dof_position"":[-0.237120226,-0.025833046,0.005921193,0.431182891,-0.165838301,0.055651426,0.132046327,0.032413036,0.046223748,0.269865185,-0.250727326,0.020462953,0.104379632,0.004883512,0.038649727,-0.071239658,0.111641429,-0.005881225,0.345882475,-0.142795339,-0.146355495,-0.066969022,-0.395629168,-0.157191321,0.1289552,0.655918479,0.03902176,-0.13349469,0.135708064],""dof_velocity"":[-3.702237844,-2.028646946,-0.245641366,-14.306513786,-0.978011012,-2.906728506,-8.0823946,-2.552320004,-2.736380339,5.540445328,-8.2827e-05,-2.657046556,-0.658503413,-3.161004066,-11.547159195,1.020493746,-0.200387776,1.805470228,16.540739059,2.115249634,-13.123335838,-1.926378965,1.567664623,9.74861145,-11.540540695,15.770677567,-13.549689293,-10.764413834,5.666759968],""goal"":[-3.450000048,0.0,0.18273592],""robot_root_angular_velocity"":[-1.415602803,-7.326617241,1.12201488],""robot_root_linear_velocity"":[-0.335005045,0.055883408,-0.047117189],""robot_root_pose"":[2.283644199,0.002519308,0.798141539,-0.089138664,0.010992844,0.995957375,0.001550698]}",PI policy,False,2|smooth_hold|-box_y|0.1|0.5,132,0,70150,,,0,0,0.0,,,,,,,,,,,,,
pi,T0128,legged_gym/logs/Jul09_from_55500/model_73500.pt,2,smooth_hold,-box_y,0.1,1.0,0.1,0.15,0.15,1.125,1.1036250591278076,1.2691688276855957,0,,1,2.862172365188598,-0.038100428879261,0.4943180382251739,0,0,0.5053823590278625,2ca4c43e9b058a9fcccad1b2232bb36b094477aa,"{""box_angular_velocity"":[0.672618151,-0.300420433,0.179238752],""box_linear_velocity"":[0.033689652,-0.002563326,-0.186210856],""box_mass"":1.125,""box_pose"":[0.550548136,-4.4258e-05,0.132714629,0.001759084,-0.00635018,0.685543656,0.728001714],""dof_position"":[-0.237285301,-0.026350558,0.005896532,0.430966944,-0.16551204,0.055689678,0.132243916,0.032053489,0.046180256,0.269787073,-0.251025379,0.020427672,0.103851572,0.004671078,0.038377546,-0.071688324,0.111822061,-0.005959525,0.347464085,-0.143093005,-0.147227928,-0.067092627,-0.393885165,-0.158520728,0.130056649,0.653409958,0.040091336,-0.132863685,0.135726064],""dof_velocity"":[-3.69987011,-2.04023695,-0.219868556,-14.315044403,-0.977586269,-2.914503098,-8.073449135,-2.565349817,-2.709582567,5.553555012,-0.017191259,-2.663327694,-0.661635637,-3.170675993,-11.556290627,0.988226235,-0.195298359,1.803678989,16.630430222,2.109781742,-13.163048744,-1.939331055,1.677898407,9.73107338,-11.54144001,15.634000778,-13.568096161,-10.718770981,5.724619389],""goal"":[-3.450000048,0.0,0.18273592],""robot_root_angular_velocity"":[-1.431528211,-7.326596737,1.130014539],""robot_root_linear_velocity"":[-0.336922407,0.054843113,-0.045488797],""robot_root_pose"":[2.28360796,0.002504884,0.79816258,-0.089187384,0.011171118,0.995951295,0.001305299]}",PI policy,True,2|smooth_hold|-box_y|0.1|1.0,2448,1,70184,70631.0,447.0,260,660,1.2691688276855957,1.1036250591278076,0.8212121212121212,1.0,2.9797542095184326,0.4727330048991875,2.8087058067321777,7.670400619506836,0.31945710582058934,2.9500834941864014,0.10804900490170849,1.0,3.014849080325979,0.056376818278953064
pi,T0129,legged_gym/logs/Jul09_from_55500/model_73500.pt,2,smooth_hold,-box_y,0.1,2.0,0.1,0.15,0.15,1.125,1.103625,0.0,1,base_tilt,0,,,,0,0,4.002978801727295,4582287138b2fc3a31a1cb25dd8705f72c204d9c,"{""box_angular_velocity"":[0.0,0.0,0.0],""box_linear_velocity"":[0.0,0.0,-0.196175486],""box_mass"":1.125,""box_pose"":[0.549999952,0.0,0.132547736,0.0,0.0,0.68435663,0.729147375],""dof_position"":[-0.237780809,-0.025950639,0.005912176,0.431112438,-0.165377572,0.055663545,0.131443098,0.032299895,0.046190694,0.269825906,-0.250445813,0.020467527,0.104477204,0.004905494,0.038970519,-0.071286865,0.109377429,-0.00606284,0.346385926,-0.141034573,-0.147619501,-0.0659502,-0.397222638,-0.156369403,0.128000021,0.657772839,0.038140442,-0.134024382,0.135641053],""dof_velocity"":[-3.723170042,-2.037189007,-0.247902557,-14.308513641,-0.969866395,-2.908161879,-8.095814705,-2.559491634,-2.739269257,5.529987812,0.007342046,-2.660553455,-0.661911964,-3.166270971,-11.513833046,1.023054957,-0.251062393,1.770554185,16.558387756,2.1219697,-13.192837715,-1.849751234,1.464424968,9.760338783,-11.547391891,15.874684334,-13.54074955,-10.804070473,5.615897655],""goal"":[-3.450000048,0.0,0.18273592],""robot_root_angular_velocity"":[-1.421434879,-7.328875542,1.125061154],""robot_root_linear_velocity"":[-0.327150285,0.055600896,-0.04376151],""robot_root_pose"":[2.28378129,0.002500449,0.798210204,-0.089273386,0.011016761,0.995945036,0.001546588]}",PI policy,False,2|smooth_hold|-box_y|0.1|2.0,144,0,70797,,,0,0,0.0,,,,,,,,,,,,,
pi,T0130,legged_gym/logs/Jul09_from_55500/model_73500.pt,2,smooth_hold,-box_y,0.3,0.5,0.1,0.15,0.15,1.125,3.310875177383423,2.152068895763108,0,,0,0.5692386031150818,0.3764479160308838,0.7107195854187012,1,0,0.4043322801589966,9251a80380d60db2d2089e07c5e3e381ee155a56,"{""box_angular_velocity"":[0.672616541,-0.300422251,0.179230303],""box_linear_velocity"":[0.033690549,-0.002563491,-0.186210424],""box_mass"":1.125,""box_pose"":[0.550548136,-4.4261e-05,0.132714644,0.001759067,-0.006350202,0.685543597,0.728001773],""dof_position"":[-0.237254158,-0.026353791,0.005891584,0.430972099,-0.165521294,0.055689856,0.132289723,0.032052796,0.046176489,0.269768834,-0.251029938,0.02042703,0.103845619,0.004673374,0.038410012,-0.07169316,0.111822173,-0.005960019,0.347463727,-0.143093199,-0.14722684,-0.067092083,-0.39389047,-0.158522442,0.130056545,0.653411448,0.040093418,-0.132863805,0.135724515],""dof_velocity"":[-3.699683905,-2.040177822,-0.220239028,-14.313055038,-0.979363918,-2.914531946,-8.071911812,-2.564988613,-2.709658384,5.55434227,-0.020119406,-2.663407326,-0.66210705,-3.17032814,-11.556280136,0.989028335,-0.195390627,1.803406239,16.630144119,2.109788656,-13.162971497,-1.939235926,1.678146958,9.730987549,-11.540844917,15.634332657,-13.56774044,-10.71887207,5.724298477],""goal"":[-3.450000048,0.0,0.18273592],""robot_root_angular_velocity"":[-1.431386471,-7.325964928,1.130618811],""robot_root_linear_velocity"":[-0.337065041,0.054843646,-0.04555092],""robot_root_pose"":[2.283608198,0.002504984,0.798163056,-0.089172758,0.011171672,0.995952666,0.001301942]}",PI policy,True,2|smooth_hold|-box_y|0.3|0.5,2276,1,70834,71263.0,429.0,160,560,2.152068895763108,3.310875177383423,0.9982142857142857,1.0,0.7164919376373291,0.23385563077671187,1.335013747215271,3.88713002204895,-0.7885618509238287,1.6830148696899414,0.14481373503835385,0.7580057978630066,6.315017428728087,0.12804837875625832
pi,T0131,legged_gym/logs/Jul09_from_55500/model_73500.pt,2,smooth_hold,-box_y,0.3,1.0,0.1,0.15,0.15,1.125,3.310875,0.0,1,head_low,0,,,,0,0,4.000081539154053,4582287138b2fc3a31a1cb25dd8705f72c204d9c,"{""box_angular_velocity"":[0.0,0.0,0.0],""box_linear_velocity"":[0.0,0.0,-0.196175486],""box_mass"":1.125,""box_pose"":[0.549999952,0.0,0.132547736,0.0,0.0,0.68435663,0.729147375],""dof_position"":[-0.237780809,-0.025950639,0.005912176,0.431112438,-0.165377572,0.055663545,0.131443098,0.032299895,0.046190694,0.269825906,-0.250445813,0.020467527,0.104477204,0.004905494,0.038970519,-0.071286865,0.109377429,-0.00606284,0.346385926,-0.141034573,-0.147619501,-0.0659502,-0.397222638,-0.156369403,0.128000021,0.657772839,0.038140442,-0.134024382,0.135641053],""dof_velocity"":[-3.723170042,-2.037189007,-0.247902557,-14.308513641,-0.969866395,-2.908161879,-8.095814705,-2.559491634,-2.739269257,5.529987812,0.007342046,-2.660553455,-0.661911964,-3.166270971,-11.513833046,1.023054957,-0.251062393,1.770554185,16.558387756,2.1219697,-13.192837715,-1.849751234,1.464424968,9.760338783,-11.547391891,15.874684334,-13.54074955,-10.804070473,5.615897655],""goal"":[-3.450000048,0.0,0.18273592],""robot_root_angular_velocity"":[-1.421434879,-7.328875542,1.125061154],""robot_root_linear_velocity"":[-0.327150285,0.055600896,-0.04376151],""robot_root_pose"":[2.28378129,0.002500449,0.798210204,-0.089273386,0.011016761,0.995945036,0.001546588]}",PI policy,False,2|smooth_hold|-box_y|0.3|1.0,128,0,71404,,,0,0,0.0,,,,,,,,,,,,,
pi,T0132,legged_gym/logs/Jul09_from_55500/model_73500.pt,2,smooth_hold,-box_y,0.3,2.0,0.1,0.15,0.15,1.125,3.310875177383423,7.118381685460935,0,,1,2.6099276542663574,0.2120523750782013,0.4634611308574676,0,0,0.0795010477304458,2ca4c43e9b058a9fcccad1b2232bb36b094477aa,"{""box_angular_velocity"":[0.672618151,-0.300420433,0.179238752],""box_linear_velocity"":[0.033689652,-0.002563326,-0.186210856],""box_mass"":1.125,""box_pose"":[0.550548136,-4.4258e-05,0.132714629,0.001759084,-0.00635018,0.685543656,0.728001714],""dof_position"":[-0.237285301,-0.026350558,0.005896532,0.430966944,-0.16551204,0.055689678,0.132243916,0.032053489,0.046180256,0.269787073,-0.251025379,0.020427672,0.103851572,0.004671078,0.038377546,-0.071688324,0.111822061,-0.005959525,0.347464085,-0.143093005,-0.147227928,-0.067092627,-0.393885165,-0.158520728,0.130056649,0.653409958,0.040091336,-0.132863685,0.135726064],""dof_velocity"":[-3.69987011,-2.04023695,-0.219868556,-14.315044403,-0.977586269,-2.914503098,-8.073449135,-2.565349817,-2.709582567,5.553555012,-0.017191259,-2.663327694,-0.661635637,-3.170675993,-11.556290627,0.988226235,-0.195298359,1.803678989,16.630430222,2.109781742,-13.163048744,-1.939331055,1.677898407,9.73107338,-11.54144001,15.634000778,-13.568096161,-10.718770981,5.724619389],""goal"":[-3.450000048,0.0,0.18273592],""robot_root_angular_velocity"":[-1.431528211,-7.326596737,1.130014539],""robot_root_linear_velocity"":[-0.336922407,0.054843113,-0.045488797],""robot_root_pose"":[2.28360796,0.002504884,0.79816258,-0.089187384,0.011171118,0.995951295,0.001305299]}",PI policy,True,2|smooth_hold|-box_y|0.3|2.0,2540,1,71437,71857.0,420.0,460,860,7.118381685460935,3.310875177383423,0.6697674418604651,1.0,2.614125967025757,0.5304575990712227,2.5779831409454346,6.955755233764648,0.4123885076463244,161.403564453125,0.3329171859718816,1.0,6.009456725942707,0.14052148063905362
pi,T0133,legged_gym/logs/Jul09_from_55500/model_73500.pt,2,smooth_hold,-box_y,0.5,0.5,0.1,0.15,0.15,1.125,5.518125057220459,3.5867815701241987,0,,1,2.198462009429932,1.0359755754470823,0.5909261107444763,0,0,0.2540117800235748,7cca7c3c6ee3570cafbc0a41770fbcb77636f248,"{""box_angular_velocity"":[0.861119211,-0.475153804,-0.278883964],""box_linear_velocity"":[0.002943899,-0.0075999,-0.195679843],""box_mass"":1.125,""box_pose"":[0.550031066,-0.000141359,0.132554546,0.002330461,-0.00874582,0.682264447,0.731049359],""dof_position"":[-0.237364843,-0.026596202,0.005944933,0.430963248,-0.16537191,0.055675156,0.132178649,0.03177112,0.046137851,0.269840658,-0.250985086,0.02040863,0.103855409,0.004359698,0.03864428,-0.071276329,0.11000444,-0.006057996,0.346908569,-0.141489297,-0.14752458,-0.0661733,-0.394013405,-0.158522129,0.130003586,0.653309464,0.040151723,-0.132852107,0.135710508],""dof_velocity"":[-3.71155405,-2.04880929,-0.217896536,-14.310260773,-0.974891603,-2.91836977,-8.081334114,-2.575209618,-2.708525419,5.553035736,-0.011266997,-2.669216156,-0.659840345,-3.190582275,-11.546973228,1.006767273,-0.230690524,1.764323831,16.606250763,2.118444204,-13.187936783,-1.867502809,1.673003197,9.734293938,-11.54561615,15.628550529,-13.56416893,-10.718931198,5.721955776],""goal"":[-3.450000048,0.0,0.18273592],""robot_root_angular_velocity"":[-1.442807674,-7.32860899,1.132236004],""robot_root_linear_velocity"":[-0.333794177,0.055945382,-0.045857534],""robot_root_pose"":[2.283657551,0.002516169,0.798160553,-0.089166947,0.011282,0.995951891,0.001299046]}",PI policy,True,2|smooth_hold|-box_y|0.5|0.5,2472,1,72073,72551.0,478.0,160,560,3.5867815701241987,5.518125534057617,0.9321428571428572,1.0,2.198462009429932,0.3939289630723319,2.078518867492676,3.884342432022095,1.4372039980820512,100.34561157226562,0.1120343069845278,1.0,3.723130366252735,0.07774305391134081
pi,T0134,legged_gym/logs/Jul09_from_55500/model_73500.pt,2,smooth_hold,-box_y,0.5,1.0,0.1,0.15,0.15,1.125,5.518125057220459,6.345843844020065,0,,0,0.5170252919197083,0.4213095903396606,0.5868342518806458,1,0,0.658338725566864,4582287138b2fc3a31a1cb25dd8705f72c204d9c,"{""box_angular_velocity"":[0.0,0.0,0.0],""box_linear_velocity"":[0.0,0.0,-0.196175486],""box_mass"":1.125,""box_pose"":[0.549999952,0.0,0.132547736,0.0,0.0,0.68435663,0.729147375],""dof_position"":[-0.237780809,-0.025950639,0.005912176,0.431112438,-0.165377572,0.055663545,0.131443098,0.032299895,0.046190694,0.269825906,-0.250445813,0.020467527,0.104477204,0.004905494,0.038970519,-0.071286865,0.109377429,-0.00606284,0.346385926,-0.141034573,-0.147619501,-0.0659502,-0.397222638,-0.156369403,0.128000021,0.657772839,0.038140442,-0.134024382,0.135641053],""dof_velocity"":[-3.723170042,-2.037189007,-0.247902557,-14.308513641,-0.969866395,-2.908161879,-8.095814705,-2.559491634,-2.739269257,5.529987812,0.007342046,-2.660553455,-0.661911964,-3.166270971,-11.513833046,1.023054957,-0.251062393,1.770554185,16.558387756,2.1219697,-13.192837715,-1.849751234,1.464424968,9.760338783,-11.547391891,15.874684334,-13.54074955,-10.804070473,5.615897655],""goal"":[-3.450000048,0.0,0.18273592],""robot_root_angular_velocity"":[-1.421434879,-7.328875542,1.125061154],""robot_root_linear_velocity"":[-0.327150285,0.055600896,-0.04376151],""robot_root_pose"":[2.28378129,0.002500449,0.798210204,-0.089273386,0.011016761,0.995945036,0.001546588]}",PI policy,True,2|smooth_hold|-box_y|0.5|1.0,2228,1,72692,73084.0,392.0,260,660,6.345843844020065,5.518125057220459,1.0,0.0,0.5170252919197083,0.20679202181089557,1.4363560676574707,2.964555263519287,0.009729544231385896,4.835733890533447,0.09717180670510663,0.3996849358081817,3.76546775642218,0.06827323020552281
pi,T0135,legged_gym/logs/Jul09_from_55500/model_73500.pt,2,smooth_hold,-box_y,0.5,2.0,0.1,0.15,0.15,1.125,5.518125,0.0,1,head_low,0,,,,0,0,4.000012397766113,9f4b2580b3e4e1042ebe2fa3c6b91b3920163320,"{""box_angular_velocity"":[-0.05603056,-0.101544924,0.354186773],""box_linear_velocity"":[-0.036934733,-0.000270305,-0.215042338],""box_mass"":1.125,""box_pose"":[0.549368441,2.628e-06,0.132225946,-0.001380735,-0.000340833,0.686966062,0.726688087],""dof_position"":[-0.237525746,-0.025620507,0.005938412,0.431147665,-0.165495113,0.055688318,0.131567284,0.032547396,0.046240404,0.269867539,-0.250414014,0.020523624,0.1044548,0.005336385,0.039009072,-0.071228251,0.112715699,-0.006094757,0.345371127,-0.143802702,-0.146203727,-0.067302033,-0.39615795,-0.15745537,0.128930032,0.656057119,0.039018363,-0.133562714,0.135770261],""dof_velocity"":[-3.718818665,-2.025743008,-0.250272572,-14.310045242,-0.966902375,-2.904575348,-8.0992136,-2.551511049,-2.741722345,5.531855106,0.010723003,-2.655836105,-0.661276042,-3.140691757,-11.522841454,1.026348948,-0.181767747,1.831368923,16.505281448,2.114164114,-13.104772568,-1.976091146,1.534235835,9.741700172,-11.542457581,15.784772873,-13.556505203,-10.770107269,5.671216011],""goal"":[-3.450000048,0.0,0.18273592],""robot_root_angular_velocity"":[-1.405234575,-7.328055382,1.11649859],""robot_root_linear_velocity"":[-0.327492207,0.052792042,-0.042371303],""robot_root_pose"":[2.283778429,0.002454184,0.798228264,-0.089188471,0.010861619,0.995954096,0.001625735]}",PI policy,False,2|smooth_hold|-box_y|0.5|2.0,108,0,73250,,,0,0,0.0,,,,,,,,,,,,,
pi,T0136,legged_gym/logs/Jul09_from_55500/model_73500.pt,2,smooth_hold,-box_y,0.7,0.5,0.1,0.15,0.15,1.125,7.725375175476074,5.021494217760994,0,,1,0.9468083381652832,-1.8100781440734863,-1.2315611839294434,1,0,1.86978542804718,2ca4c43e9b058a9fcccad1b2232bb36b094477aa,"{""box_angular_velocity"":[0.672618151,-0.300420433,0.179238752],""box_linear_velocity"":[0.033689652,-0.002563326,-0.186210856],""box_mass"":1.125,""box_pose"":[0.550548136,-4.4258e-05,0.132714629,0.001759084,-0.00635018,0.685543656,0.728001714],""dof_position"":[-0.237285301,-0.026350558,0.005896532,0.430966944,-0.16551204,0.055689678,0.132243916,0.032053489,0.046180256,0.269787073,-0.251025379,0.020427672,0.103851572,0.004671078,0.038377546,-0.071688324,0.111822061,-0.005959525,0.347464085,-0.143093005,-0.147227928,-0.067092627,-0.393885165,-0.158520728,0.130056649,0.653409958,0.040091336,-0.132863685,0.135726064],""dof_velocity"":[-3.69987011,-2.04023695,-0.219868556,-14.315044403,-0.977586269,-2.914503098,-8.073449135,-2.565349817,-2.709582567,5.553555012,-0.017191259,-2.663327694,-0.661635637,-3.170675993,-11.556290627,0.988226235,-0.195298359,1.803678989,16.630430222,2.109781742,-13.163048744,-1.939331055,1.677898407,9.73107338,-11.54144001,15.634000778,-13.568096161,-10.718770981,5.724619389],""goal"":[-3.450000048,0.0,0.18273592],""robot_root_angular_velocity"":[-1.431528211,-7.326596737,1.130014539],""robot_root_linear_velocity"":[-0.336922407,0.054843113,-0.045488797],""robot_root_pose"":[2.28360796,0.002504884,0.79816258,-0.089187384,0.011171118,0.995951295,0.001305299]}",PI policy,True,2|smooth_hold|-box_y|0.7|0.5,2004,1,73278,73639.0,361.0,160,560,5.021494217760994,7.725375652313232,0.9553571428571429,1.0,0.9468083381652832,0.46041618191770145,1.8671882152557373,4.496285915374756,-1.6879367568629926,40.93169784545898,0.18169948690670673,0.999999701976776,8.100022073595651,0.1411403474732131
pi,T0137,legged_gym/logs/Jul09_from_55500/model_73500.pt,2,smooth_hold,-box_y,0.7,1.0,0.1,0.15,0.15,1.125,7.725375175476074,8.884181506679992,0,,0,0.6777380704879761,-0.4929679036140442,-0.347101479768753,1,0,0.5666067600250244,6930aabea1a0ef0055a2f4c8c3a11ce3c6fe12f3,"{""box_angular_velocity"":[0.042494226,-0.157776058,0.326837599],""box_linear_velocity"":[-0.050546985,-0.000880093,-0.219683677],""box_mass"":1.125,""box_pose"":[0.549136162,-1.3383e-05,0.132143244,-0.0007994,-0.001290154,0.686599433,0.727034211],""dof_position"":[-0.237625912,-0.025826342,0.005899616,0.431144774,-0.165258497,0.055691041,0.131578848,0.032423072,0.046214089,0.26993525,-0.250413358,0.02049382,0.104312845,0.005052989,0.039372776,-0.070669733,0.112059236,-0.006394311,0.345060617,-0.14317587,-0.146880478,-0.066850461,-0.396159321,-0.157588348,0.128991067,0.655706286,0.039221562,-0.133508042,0.135761157],""dof_velocity"":[-3.734450579,-2.027853727,-0.245562464,-14.306406021,-0.960899293,-2.906663418,-8.109489441,-2.551990032,-2.735210419,5.534843922,0.015703298,-2.658408403,-0.661544919,-3.151684761,-11.515377045,1.045705795,-0.204838648,1.817306876,16.505893707,2.128999233,-13.143141747,-1.960177183,1.539852858,9.738693237,-11.544869423,15.764982224,-13.552267075,-10.765496254,5.675650597],""goal"":[-3.450000048,0.0,0.18273592],""robot_root_angular_velocity"":[-1.410534143,-7.331624508,1.120965838],""robot_root_linear_velocity"":[-0.32406193,0.053945616,-0.041766949],""robot_root_pose"":[2.283839464,0.00247851,0.798241675,-0.089142971,0.010950484,0.995957434,0.001554381]}",PI policy,True,2|smooth_hold|-box_y|0.7|1.0,2152,1,73780,74153.0,373.0,260,660,8.884181506679992,7.725375175476074,0.996969696969697,1.0,0.69278883934021,0.2976951639280852,1.7194303274154663,3.532200813293457,0.9869186259806156,10.529939651489258,0.1067779353177739,0.999926745891571,3.8276626101610334,0.06697964334188405
pi,T0138,legged_gym/logs/Jul09_from_55500/model_73500.pt,2,smooth_hold,-box_y,0.7,2.0,0.1,0.15,0.15,1.125,7.725375175476074,16.60955665956328,0,,1,0.7952755689620972,-0.6250376105308533,-0.2210157513618469,1,0,0.4475986957550049,4780d017c7e86bb10a2368a4d84f35ac10fcd0f8,"{""box_angular_velocity"":[-0.171178102,-0.141974092,0.281544536],""box_linear_velocity"":[-0.048179772,-0.001471391,-0.218793526],""box_mass"":1.125,""box_pose"":[0.549181044,-1.9337e-05,0.132162228,-0.002150501,0.000121739,0.68652308,0.727104783],""dof_position"":[-0.237503752,-0.025635876,0.005928564,0.431188524,-0.165423557,0.055646401,0.131672964,0.032578573,0.046189677,0.269917876,-0.250472814,0.020469552,0.104386747,0.005026946,0.039271858,-0.071143605,0.111111164,-0.006071639,0.345719606,-0.142379105,-0.147008851,-0.066559933,-0.39618966,-0.157324806,0.128899485,0.65592736,0.039083213,-0.133564517,0.135717481],""dof_velocity"":[-3.735039711,-2.023717403,-0.246768504,-14.307747841,-0.96200937,-2.90625596,-8.111311913,-2.548093796,-2.741521835,5.53468132,0.01172695,-2.65704298,-0.661105156,-3.162744284,-11.531215668,1.03614819,-0.209852248,1.795357704,16.527008057,2.117990971,-13.155489922,-1.909186721,1.540802956,9.750863075,-11.541899681,15.776799202,-13.550061226,-10.770799637,5.666821003],""goal"":[-3.450000048,0.0,0.18273592],""robot_root_angular_velocity"":[-1.412154913,-7.338423729,1.120556355],""robot_root_linear_velocity"":[-0.326273441,0.057060868,-0.043262556],""robot_root_pose"":[2.283805609,0.002521385,0.798219383,-0.089136273,0.01092021,0.995958328,0.00157731]}",PI policy,True,2|smooth_hold|-box_y|0.7|2.0,2472,1,74319,74722.0,403.0,460,860,16.60955665956328,7.725375175476074,0.9976744186046511,1.0,0.8373544812202454,0.25727756575486344,1.4289319515228271,4.157495498657227,0.7644980262835012,5.225447177886963,0.09329561198869349,0.9944992065429688,4.472437676458164,0.07363724434526794
pi,T0139,legged_gym/logs/Jul09_from_55500/model_73500.pt,2,smooth_hold,-box_y,0.9,0.5,0.1,0.15,0.15,1.125,9.932625,0.0,1,head_low,0,,,,0,0,4.000081539154053,4327e241cb6bf373021e09b4d2bce9b008cfbeb3,"{""box_angular_velocity"":[-0.092376545,-0.389384866,0.241673231],""box_linear_velocity"":[0.039418917,-0.002723499,-0.182706907],""box_mass"":1.125,""box_pose"":[0.550678432,-4.1875e-05,0.132783696,-0.003359844,-0.002172166,0.686091542,0.727504194],""dof_position"":[-0.236960039,-0.025546435,0.005937204,0.43123284,-0.165957019,0.055633649,0.132151932,0.032646894,0.046255555,0.269855142,-0.250772417,0.020467993,0.10442102,0.005036929,0.03876552,-0.071394466,0.111231446,-0.005792266,0.346437365,-0.142459601,-0.146848366,-0.066723995,-0.395919174,-0.156955317,0.1289116,0.65628159,0.038870089,-0.133602127,0.135730714],""dof_velocity"":[-3.709875822,-2.018233776,-0.247724682,-14.305864334,-0.977310598,-2.904946566,-8.09363842,-2.544009447,-2.740966082,5.542720318,-0.003735677,-2.65453887,-0.657135069,-3.159625053,-11.562251091,1.023519754,-0.203712642,1.797680736,16.565187454,2.111897469,-13.150067329,-1.902681589,1.556764126,9.76021862,-11.537858009,15.792066574,-13.552231789,-10.772656441,5.663393021],""goal"":[-3.450000048,0.0,0.18273592],""robot_root_angular_velocity"":[-1.407837033,-7.337799072,1.112983823],""robot_root_linear_velocity"":[-0.335761875,0.057187356,-0.047362309],""robot_root_pose"":[2.283635378,0.002527022,0.798143089,-0.089099504,0.010894096,0.995961785,0.001637063]}",PI policy,False,2|smooth_hold|-box_y|0.9|0.5,128,0,74938,,,0,0,0.0,,,,,,,,,,,,,
pi,T0140,legged_gym/logs/Jul09_from_55500/model_73500.pt,2,smooth_hold,-box_y,0.9,1.0,0.1,0.15,0.15,1.125,9.932624816894531,11.422519613615677,0,,1,2.73789644241333,-0.3410379886627197,0.0163215212523937,1,1,0.0830934569239616,2ca4c43e9b058a9fcccad1b2232bb36b094477aa,"{""box_angular_velocity"":[0.672618151,-0.300420433,0.179238752],""box_linear_velocity"":[0.033689652,-0.002563326,-0.186210856],""box_mass"":1.125,""box_pose"":[0.550548136,-4.4258e-05,0.132714629,0.001759084,-0.00635018,0.685543656,0.728001714],""dof_position"":[-0.237285301,-0.026350558,0.005896532,0.430966944,-0.16551204,0.055689678,0.132243916,0.032053489,0.046180256,0.269787073,-0.251025379,0.020427672,0.103851572,0.004671078,0.038377546,-0.071688324,0.111822061,-0.005959525,0.347464085,-0.143093005,-0.147227928,-0.067092627,-0.393885165,-0.158520728,0.130056649,0.653409958,0.040091336,-0.132863685,0.135726064],""dof_velocity"":[-3.69987011,-2.04023695,-0.219868556,-14.315044403,-0.977586269,-2.914503098,-8.073449135,-2.565349817,-2.709582567,5.553555012,-0.017191259,-2.663327694,-0.661635637,-3.170675993,-11.556290627,0.988226235,-0.195298359,1.803678989,16.630430222,2.109781742,-13.163048744,-1.939331055,1.677898407,9.73107338,-11.54144001,15.634000778,-13.568096161,-10.718770981,5.724619389],""goal"":[-3.450000048,0.0,0.18273592],""robot_root_angular_velocity"":[-1.431528211,-7.326596737,1.130014539],""robot_root_linear_velocity"":[-0.336922407,0.054843113,-0.045488797],""robot_root_pose"":[2.28360796,0.002504884,0.79816258,-0.089187384,0.011171118,0.995951295,0.001305299]}",PI policy,True,2|smooth_hold|-box_y|0.9|1.0,2516,1,74971,75435.0,464.0,260,660,11.422519613615677,9.932625770568848,0.7833333333333333,1.0,2.8114206790924072,0.5112483267644138,2.495370388031006,5.100327968597412,0.6829652494115924,211.9940948486328,0.24202572705972036,1.0,4.761374092948707,0.1109770421164505
pi,T0141,legged_gym/logs/Jul09_from_55500/model_73500.pt,2,smooth_hold,-box_y,0.9,2.0,0.1,0.15,0.15,1.125,9.932624816894531,21.35514341628789,0,,1,2.1776885986328125,0.8183759450912476,0.7010629177093506,0,0,0.1915639489889145,60eb37b900dd0b3b87034b14f3018d77b141ae6a,"{""box_angular_velocity"":[0.601108074,-0.343999267,0.256789118],""box_linear_velocity"":[0.039605618,-0.000396017,-0.182732493],""box_mass"":1.125,""box_pose"":[0.550657272,-6.758e-06,0.132776886,0.001122366,-0.006185678,0.68601203,0.727562904],""dof_position"":[-0.237318203,-0.02632538,0.005829284,0.431031913,-0.165566549,0.055720765,0.132247105,0.032105379,0.046150502,0.269777447,-0.251032829,0.020457994,0.103923768,0.004865021,0.038416792,-0.071691543,0.111484289,-0.006099498,0.347503722,-0.142845213,-0.147363871,-0.066989414,-0.395564675,-0.157190219,0.128827497,0.656113386,0.038818736,-0.133541062,0.135678947],""dof_velocity"":[-3.705605268,-2.03801012,-0.224955186,-14.311313629,-0.97928375,-2.91153121,-8.076913834,-2.561273336,-2.712020397,5.553807259,-0.017871307,-2.660496235,-0.664520979,-3.153750896,-11.557939529,0.995799899,-0.213410079,1.80533731,16.627189636,2.117513418,-13.170292854,-1.938502073,1.570500493,9.742717743,-11.543629646,15.779699326,-13.554980278,-10.767741203,5.659343243],""goal"":[-3.450000048,0.0,0.18273592],""robot_root_angular_velocity"":[-1.423270702,-7.330398083,1.133544207],""robot_root_linear_velocity"":[-0.336942703,0.052470114,-0.046067908],""robot_root_pose"":[2.283605099,0.00247266,0.79815793,-0.08919283,0.011124657,0.995951414,0.001282569]}",PI policy,True,2|smooth_hold|-box_y|0.9|2.0,2688,1,75601,76058.0,457.0,460,860,21.35514341628789,9.932624816894531,0.5348837209302325,1.0,2.2105870246887207,0.601006635252473,1.9563082456588743,6.098167419433594,3.646261312777913,65.32928466796875,0.4026888108985542,1.0,7.9288942381219805,0.2211728954162492
pi,T0142,legged_gym/logs/Jul09_from_55500/model_73500.pt,2,smooth_hold,-box_y,1.1,0.5,0.1,0.15,0.15,1.125,12.13987636566162,7.890919711797427,0,,0,0.7740333676338196,-2.4493248462677,-2.172760486602783,1,0,0.7692920565605164,3bda9da87004f1ee2f5ea20c5ab3097657a35393,"{""box_angular_velocity"":[0.739941895,-0.552574575,-0.412629187],""box_linear_velocity"":[-0.000998742,-0.008591759,-0.196368098],""box_mass"":1.125,""box_pose"":[0.549990237,-0.000157091,0.132553488,0.001168625,-0.008579865,0.681483984,0.73178184],""dof_position"":[-0.237437993,-0.026494861,0.005956057,0.430970848,-0.165348336,0.05566714,0.132044494,0.031849835,0.046152715,0.269836068,-0.250883758,0.020412944,0.103941798,0.004380981,0.038691755,-0.071444608,0.110023558,-0.005793214,0.346810043,-0.141567603,-0.147310898,-0.066298977,-0.394112587,-0.158507794,0.129990131,0.653338253,0.040157355,-0.132872611,0.135715336],""dof_velocity"":[-3.715883255,-2.045945644,-0.221278399,-14.310830116,-0.972818375,-2.917416096,-8.087204933,-2.57219553,-2.712410688,5.549199581,-0.006691539,-2.668511391,-0.657524228,-3.191052914,-11.544763565,1.003104568,-0.222281292,1.762472034,16.594900131,2.105261803,-13.178941727,-1.858163476,1.667631984,9.735310555,-11.545621872,15.630641937,-13.563123703,-10.720460892,5.721530914],""goal"":[-3.450000048,0.0,0.18273592],""robot_root_angular_velocity"":[-1.440307617,-7.331088066,1.129170418],""robot_root_linear_velocity"":[-0.332534552,0.056602322,-0.045336839],""robot_root_pose"":[2.283678532,0.002523131,0.798169672,-0.089187875,0.011250485,0.995950341,0.001348624]}",PI policy,True,2|smooth_hold|-box_y|1.1|0.5,2592,1,76274,76782.0,508.0,160,560,7.890919711797427,12.13987636566162,1.0,0.0,0.8064470291137695,0.329309822698789,1.4069538116455078,4.2338547706604,-0.3045164536152567,9.142304420471191,0.18212132575323003,0.4449311792850494,4.17663587156151,0.07339092345833441
pi,T0143,legged_gym/logs/Jul09_from_55500/model_73500.pt,2,smooth_hold,-box_y,1.1,1.0,0.1,0.15,0.15,1.125,12.139875000000002,0.0,1,head_low,0,,,,0,0,4.001972675323486,fb4c798344488ed21c820a5e40f751ecd1ee5743,"{""box_angular_velocity"":[-0.026937515,-0.1351953,0.28346771],""box_linear_velocity"":[-0.010507807,-0.002394051,-0.204725981],""box_mass"":1.125,""box_pose"":[0.549830616,-3.5293e-05,0.132406875,-0.001403057,-0.00080152,0.686486959,0.727140188],""dof_position"":[-0.237188533,-0.025360005,0.006076061,0.431212485,-0.16585131,0.055633731,0.131795853,0.032673918,0.046297811,0.269811004,-0.250512928,0.020520303,0.104626767,0.005371173,0.038782749,-0.071101531,0.112360872,-0.00606418,0.345873803,-0.143513829,-0.146604076,-0.067163542,-0.395927578,-0.157345057,0.129048765,0.656028271,0.039020814,-0.133520454,0.135776713],""dof_velocity"":[-3.703391552,-2.021084785,-0.254491538,-14.308568001,-0.972542107,-2.904198647,-8.088297844,-2.549185276,-2.751260042,5.534286499,0.001860843,-2.654093266,-0.659037888,-3.145786285,-11.532375336,1.027875781,-0.183420748,1.826438069,16.534460068,2.111468315,-13.126000404,-1.961695671,1.545740366,9.750636101,-11.53993988,15.782845497,-13.558625221,-10.767702103,5.674649239],""goal"":[-3.450000048,0.0,0.18273592],""robot_root_angular_velocity"":[-1.404090047,-7.324626923,1.109960556],""robot_root_linear_velocity"":[-0.331604719,0.054475684,-0.044750702],""robot_root_pose"":[2.283702374,0.002473581,0.798184335,-0.089158028,0.010808333,0.995957315,0.001743872]}",PI policy,False,2|smooth_hold|-box_y|1.1|1.0,72,0,76923,,,0,0,0.0,,,,,,,,,,,,,
pi,T0144,legged_gym/logs/Jul09_from_55500/model_73500.pt,2,smooth_hold,-box_y,1.1,2.0,0.1,0.15,0.15,1.125,12.13987636566162,26.100734282571484,0,,1,2.8464372158050537,-0.3309036195278168,0.19047711789608,0,1,0.0835940837860107,2ca4c43e9b058a9fcccad1b2232bb36b094477aa,"{""box_angular_velocity"":[0.672618151,-0.300420433,0.179238752],""box_linear_velocity"":[0.033689652,-0.002563326,-0.186210856],""box_mass"":1.125,""box_pose"":[0.550548136,-4.4258e-05,0.132714629,0.001759084,-0.00635018,0.685543656,0.728001714],""dof_position"":[-0.237285301,-0.026350558,0.005896532,0.430966944,-0.16551204,0.055689678,0.132243916,0.032053489,0.046180256,0.269787073,-0.251025379,0.020427672,0.103851572,0.004671078,0.038377546,-0.071688324,0.111822061,-0.005959525,0.347464085,-0.143093005,-0.147227928,-0.067092627,-0.393885165,-0.158520728,0.130056649,0.653409958,0.040091336,-0.132863685,0.135726064],""dof_velocity"":[-3.69987011,-2.04023695,-0.219868556,-14.315044403,-0.977586269,-2.914503098,-8.073449135,-2.565349817,-2.709582567,5.553555012,-0.017191259,-2.663327694,-0.661635637,-3.170675993,-11.556290627,0.988226235,-0.195298359,1.803678989,16.630430222,2.109781742,-13.163048744,-1.939331055,1.677898407,9.73107338,-11.54144001,15.634000778,-13.568096161,-10.718770981,5.724619389],""goal"":[-3.450000048,0.0,0.18273592],""robot_root_angular_velocity"":[-1.431528211,-7.326596737,1.130014539],""robot_root_linear_velocity"":[-0.336922407,0.054843113,-0.045488797],""robot_root_pose"":[2.28360796,0.002504884,0.79816258,-0.089187384,0.011171118,0.995951295,0.001305299]}",PI policy,True,2|smooth_hold|-box_y|1.1|2.0,2716,1,76942,77406.0,464.0,460,860,26.100734282571484,12.13987636566162,0.7116279069767442,1.0,2.852407217025757,0.4432949322243329,2.553051710128784,7.282299995422363,0.8037346525420976,87.71533966064453,0.3436781139660567,1.0,4.145632065685336,0.14393273783256474
pi,T0145,legged_gym/logs/Jul09_from_55500/model_73500.pt,3,smooth_hold,+box_x,0.1,0.5,0.1,0.15,0.15,1.125,1.1036250591278076,0.7173563640363949,0,,1,0.6522033214569092,-0.7756956219673157,-0.4921250939369201,1,0,0.3691871464252472,65b3ca3da3b4fed74742e7742f51b170991cddfd,"{""box_angular_velocity"":[0.065279528,-0.104388289,0.200538158],""box_linear_velocity"":[-0.069472283,-0.000226536,-0.22056815],""box_mass"":1.125,""box_pose"":[0.548742473,-7.224e-06,0.132107496,-0.001243512,-6.7276e-05,0.902691185,-0.430287242],""dof_position"":[-0.146603137,0.04708875,0.020172426,0.262992918,-0.225283712,-0.010112701,-0.048153121,-0.102354668,0.029902428,0.329790801,-0.184990674,0.050723657,-0.053271219,-0.007040003,-0.002366869,-0.005494651,0.168986946,-0.0144693,1.214278221,0.08953993,0.119314954,0.049172137,-0.021819763,-0.049903084,0.004483589,1.170749784,-0.072441757,-0.01618439,0.160966918],""dof_velocity"":[-1.078764796,0.308028311,-0.807543457,1.536746025,1.188231468,-0.760668933,-0.752220392,0.307109207,-1.195692539,-1.864546061,-1.014771104,-2.360440254,2.349422455,1.012826443,-1.137371182,0.980682552,-2.086542368,0.180660978,-3.168968678,0.689441264,1.063561678,0.671994805,1.199653268,-2.57417655,-0.728176475,-3.691345215,1.243476152,-0.288155288,2.902099133],""goal"":[-3.450000048,0.0,0.398381144],""robot_root_angular_velocity"":[0.916179955,-0.789809227,-0.817331254],""robot_root_linear_velocity"":[-0.33236441,-0.083713122,-0.453683585],""robot_root_pose"":[2.289895773,-0.001958316,0.792001009,-0.021157146,-0.003355936,0.999766588,0.002782664]}",PI policy,True,3|smooth_hold|+box_x|0.1|0.5,2336,1,77622,78066.0,444.0,160,560,0.7173563640363949,1.1036251783370972,0.9982142857142857,1.0,0.6522033214569092,0.2215980185927557,1.5429983139038086,2.9044973850250244,-1.898843476728403,9.853459358215332,0.1180435682041986,0.7533405423164368,4.023333333006927,0.0693498915360448
pi,T0146,legged_gym/logs/Jul09_from_55500/model_73500.pt,3,smooth_hold,+box_x,0.1,1.0,0.1,0.15,0.15,1.125,1.103625,0.0,1,head_low|base_tilt,0,,,,0,0,4.000012397766113,525e1fd107c53fbda26bb809c54a9514765eb1ac,"{""box_angular_velocity"":[0.269436926,-0.194882601,0.115526982],""box_linear_velocity"":[-0.072489604,-0.000558995,-0.22184141],""box_mass"":1.125,""box_pose"":[0.548688173,-1.0429e-05,0.132087275,-0.00297398,-0.001265466,0.902966142,-0.429699332],""dof_position"":[-0.146026224,0.047252741,0.02027416,0.262829244,-0.225587502,-0.010090844,-0.048114561,-0.102262363,0.029959315,0.329981029,-0.18500939,0.050737333,-0.052942287,-0.006673704,-0.002094403,-0.005399664,0.168860301,-0.014473932,1.214113712,0.089476682,0.119332515,0.049090162,-0.021911589,-0.050029635,0.004676402,1.170643568,-0.072461672,-0.016707851,0.161208421],""dof_velocity"":[-1.120256901,0.295278609,-0.839784682,1.57495451,1.140473247,-0.756275237,-0.789257407,0.295159876,-1.224671245,-1.86208868,-1.021026373,-2.358767748,2.325047493,1.025867224,-1.207335591,1.026370883,-2.08884716,0.178587183,-3.183986425,0.684080958,1.061953187,0.668248594,1.235077977,-2.587108374,-0.711996794,-3.697249413,1.228791714,-0.322218269,2.907156229],""goal"":[-3.450000048,0.0,0.398381144],""robot_root_angular_velocity"":[0.916488171,-0.829232097,-0.806172848],""robot_root_linear_velocity"":[-0.33445999,-0.085160919,-0.454204232],""robot_root_pose"":[2.289901257,-0.001996857,0.792004526,-0.021038136,-0.003432962,0.999768376,0.002967099]}",PI policy,False,3|smooth_hold|+box_x|0.1|1.0,92,0,78207,,,0,0,0.0,,,,,,,,,,,,,
pi,T0147,legged_gym/logs/Jul09_from_55500/model_73500.pt,3,smooth_hold,+box_x,0.1,2.0,0.1,0.15,0.15,1.125,1.103625,0.0,1,other,0,,,,0,0,4.000012397766113,bbc45e608862b6a74fab218e9cf888f212cd32da,"{""box_angular_velocity"":[0.0,0.0,0.0],""box_linear_velocity"":[0.0,0.0,-0.196175486],""box_mass"":1.125,""box_pose"":[0.549999952,0.0,0.132547736,0.0,0.0,0.903440475,-0.428713351],""dof_position"":[-0.146500841,0.047033228,0.020142149,0.262921005,-0.225358963,-0.010130201,-0.047929183,-0.102373153,0.029881055,0.32979393,-0.185163349,0.050720308,-0.053569146,-0.007076314,-0.002628669,-0.005689438,0.168055788,-0.014534873,1.214684129,0.089634404,0.119642608,0.050104354,-0.021878893,-0.049701914,0.004483263,1.170707226,-0.072597921,-0.015892157,0.160671219],""dof_velocity"":[-1.063242555,0.309288293,-0.794798434,1.535060406,1.180030227,-0.762240529,-0.73944813,0.309553802,-1.181381226,-1.857584,-1.020252824,-2.361735344,2.346219301,1.007344365,-1.140043736,0.982482135,-2.125489235,0.169006094,-3.187772751,0.686356843,1.10351336,0.698946774,1.19337213,-2.565618515,-0.724920928,-3.691363335,1.241173863,-0.280104458,2.884586573],""goal"":[-3.450000048,0.0,0.398381144],""robot_root_angular_velocity"":[0.913533032,-0.784323692,-0.816340148],""robot_root_linear_velocity"":[-0.336854547,-0.08322756,-0.455430776],""robot_root_pose"":[2.289811373,-0.001951792,0.791970432,-0.021171462,-0.003340123,0.999766707,0.002667698]}",PI policy,False,3|smooth_hold|+box_x|0.1|2.0,352,0,78231,,,0,0,0.0,,,,,,,,,,,,,
pi,T0148,legged_gym/logs/Jul09_from_55500/model_73500.pt,3,smooth_hold,+box_x,0.3,0.5,0.1,0.15,0.15,1.125,3.310875177383423,2.1520688784020905,0,,0,0.580712616443634,-1.4602869749069214,-1.1991298198699951,1,0,0.3868794441223144,589447211784c6d63c72dcb5875ed89316247469,"{""box_angular_velocity"":[0.065257259,-0.10434173,0.200624108],""box_linear_velocity"":[-0.069472469,-0.000225858,-0.220568597],""box_mass"":1.125,""box_pose"":[0.548742473,-7.214e-06,0.132107481,-0.001242739,-6.7209e-05,0.902690947,-0.43028748],""dof_position"":[-0.14656578,0.047087479,0.02016334,0.26299578,-0.22528854,-0.010112814,-0.048089672,-0.102354757,0.029891448,0.329763949,-0.18499662,0.050724067,-0.053281054,-0.007039207,-0.00232864,-0.00549864,0.16898644,-0.014471415,1.21427536,0.08954028,0.119317658,0.049171589,-0.021822272,-0.049903721,0.004483656,1.170745373,-0.072438106,-0.016184384,0.160960183],""dof_velocity"":[-1.071717024,0.30771184,-0.809082448,1.536611199,1.187851071,-0.760671735,-0.741203189,0.306947678,-1.197642326,-1.869478226,-1.01472795,-2.360383511,2.347872019,1.012777567,-1.129907012,0.979330599,-2.08655715,0.180545047,-3.169028759,0.6895625,1.063811898,0.671909928,1.198768854,-2.57418108,-0.728636563,-3.69167304,1.243737578,-0.288128138,2.901520491],""goal"":[-3.450000048,0.0,0.398381144],""robot_root_angular_velocity"":[0.916374743,-0.783305943,-0.81516093],""robot_root_linear_velocity"":[-0.332774818,-0.083677873,-0.453654885],""robot_root_pose"":[2.289896488,-0.001958398,0.792001367,-0.021139612,-0.003357097,0.999767005,0.002776117]}",PI policy,True,3|smooth_hold|+box_x|0.3|0.5,2228,1,78320,78737.0,417.0,160,560,2.1520688784020905,3.310875177383423,0.9964285714285714,1.0,0.6727811694145203,0.284974293650261,1.6953212022781372,2.8076107501983643,-8.617456584197603,5.439498424530029,0.2214615802093509,0.822526752948761,10.962040441962225,0.15263237308359487
pi,T0149,legged_gym/logs/Jul09_from_55500/model_73500.pt,3,smooth_hold,+box_x,0.3,1.0,0.1,0.15,0.15,1.125,3.310875,0.0,1,base_tilt,0,,,,0,0,4.000012397766113,3ddae00bb5bc032e9cb4c93b8027ed69d47e377f,"{""box_angular_velocity"":[0.0819031,0.147597998,0.121516958],""box_linear_velocity"":[-0.090108439,0.000809597,-0.231595978],""box_mass"":1.125,""box_pose"":[0.548374176,1.4774e-05,0.131906658,0.001064425,-0.001265088,0.90293622,-0.429771245],""dof_position"":[-0.146912426,0.047274582,0.020154364,0.263086855,-0.225096673,-0.010107715,-0.048499003,-0.102187082,0.029819798,0.329981446,-0.18486166,0.05074269,-0.053189903,-0.0066594,-0.001975999,-0.005671473,0.168948635,-0.014508747,1.213983059,0.089511096,0.119281285,0.049057633,-0.022007655,-0.050006542,0.004527036,1.1703794,-0.072414525,-0.016885478,0.161169603],""dof_velocity"":[-1.097872019,0.300067127,-0.814431846,1.525256515,1.205563188,-0.758473754,-0.761528492,0.300515622,-1.205976248,-1.879699588,-1.003716946,-2.358239651,2.337963343,1.016734719,-1.141357541,0.984825313,-2.084135532,0.181498319,-3.174448967,0.693612158,1.051180482,0.666498065,1.214222074,-2.585338116,-0.7343086,-3.704486609,1.230056286,-0.339991122,2.902173042],""goal"":[-3.450000048,0.0,0.398381144],""robot_root_angular_velocity"":[0.915216506,-0.799824476,-0.802109182],""robot_root_linear_velocity"":[-0.32872051,-0.084755167,-0.451963693],""robot_root_pose"":[2.290004492,-0.001991509,0.792034507,-0.021170057,-0.003465716,0.999766052,0.002766849]}",PI policy,False,3|smooth_hold|+box_x|0.3|1.0,136,0,78878,,,0,0,0.0,,,,,,,,,,,,,
pi,T0150,legged_gym/logs/Jul09_from_55500/model_73500.pt,3,smooth_hold,+box_x,0.3,2.0,0.1,0.15,0.15,1.125,3.310875177383423,7.118381656905419,0,,1,1.2687244415283203,1.324449896812439,1.5820907354354858,0,0,0.0644613951444625,65b3ca3da3b4fed74742e7742f51b170991cddfd,"{""box_angular_velocity"":[0.065279528,-0.104388289,0.200538158],""box_linear_velocity"":[-0.069472283,-0.000226536,-0.22056815],""box_mass"":1.125,""box_pose"":[0.548742473,-7.224e-06,0.132107496,-0.001243512,-6.7276e-05,0.902691185,-0.430287242],""dof_position"":[-0.146603137,0.04708875,0.020172426,0.262992918,-0.225283712,-0.010112701,-0.048153121,-0.102354668,0.029902428,0.329790801,-0.184990674,0.050723657,-0.053271219,-0.007040003,-0.002366869,-0.005494651,0.168986946,-0.0144693,1.214278221,0.08953993,0.119314954,0.049172137,-0.021819763,-0.049903084,0.004483589,1.170749784,-0.072441757,-0.01618439,0.160966918],""dof_velocity"":[-1.078764796,0.308028311,-0.807543457,1.536746025,1.188231468,-0.760668933,-0.752220392,0.307109207,-1.195692539,-1.864546061,-1.014771104,-2.360440254,2.349422455,1.012826443,-1.137371182,0.980682552,-2.086542368,0.180660978,-3.168968678,0.689441264,1.063561678,0.671994805,1.199653268,-2.57417655,-0.728176475,-3.691345215,1.243476152,-0.288155288,2.902099133],""goal"":[-3.450000048,0.0,0.398381144],""robot_root_angular_velocity"":[0.916179955,-0.789809227,-0.817331254],""robot_root_linear_velocity"":[-0.33236441,-0.083713122,-0.453683585],""robot_root_pose"":[2.289895773,-0.001958316,0.792001009,-0.021157146,-0.003355936,0.999766588,0.002782664]}",PI policy,True,3|smooth_hold|+box_x|0.3|2.0,2100,1,78913,79223.0,310.0,460,860,7.118381656905419,3.310875177383423,0.7209302325581395,1.0,1.3005751371383667,0.32481641696636065,1.3678786754608154,4.045038223266602,0.8678403381371957,15.09296703338623,0.29780726490466486,1.0,4.318161523988103,0.08190550572805454
pi,T0151,legged_gym/logs/Jul09_from_55500/model_73500.pt,3,smooth_hold,+box_x,0.5,0.5,0.1,0.15,0.15,1.125,5.518125,0.0,1,head_low,0,,,,0,0,4.000012397766113,65b3ca3da3b4fed74742e7742f51b170991cddfd,"{""box_angular_velocity"":[0.065279528,-0.104388289,0.200538158],""box_linear_velocity"":[-0.069472283,-0.000226536,-0.22056815],""box_mass"":1.125,""box_pose"":[0.548742473,-7.224e-06,0.132107496,-0.001243512,-6.7276e-05,0.902691185,-0.430287242],""dof_position"":[-0.146603137,0.04708875,0.020172426,0.262992918,-0.225283712,-0.010112701,-0.048153121,-0.102354668,0.029902428,0.329790801,-0.184990674,0.050723657,-0.053271219,-0.007040003,-0.002366869,-0.005494651,0.168986946,-0.0144693,1.214278221,0.08953993,0.119314954,0.049172137,-0.021819763,-0.049903084,0.004483589,1.170749784,-0.072441757,-0.01618439,0.160966918],""dof_velocity"":[-1.078764796,0.308028311,-0.807543457,1.536746025,1.188231468,-0.760668933,-0.752220392,0.307109207,-1.195692539,-1.864546061,-1.014771104,-2.360440254,2.349422455,1.012826443,-1.137371182,0.980682552,-2.086542368,0.180660978,-3.168968678,0.689441264,1.063561678,0.671994805,1.199653268,-2.57417655,-0.728176475,-3.691345215,1.243476152,-0.288155288,2.902099133],""goal"":[-3.450000048,0.0,0.398381144],""robot_root_angular_velocity"":[0.916179955,-0.789809227,-0.817331254],""robot_root_linear_velocity"":[-0.33236441,-0.083713122,-0.453683585],""robot_root_pose"":[2.289895773,-0.001958316,0.792001009,-0.021157146,-0.003355936,0.999766588,0.002782664]}",PI policy,False,3|smooth_hold|+box_x|0.5|0.5,92,0,79439,,,0,0,0.0,,,,,,,,,,,,,
pi,T0152,legged_gym/logs/Jul09_from_55500/model_73500.pt,3,smooth_hold,+box_x,0.5,1.0,0.1,0.15,0.15,1.125,5.518125057220459,6.345843843125994,0,,1,1.1100761890411377,1.1138094663619995,1.2946453094482422,0,0,0.0388879925012588,65b3ca3da3b4fed74742e7742f51b170991cddfd,"{""box_angular_velocity"":[0.065279528,-0.104388289,0.200538158],""box_linear_velocity"":[-0.069472283,-0.000226536,-0.22056815],""box_mass"":1.125,""box_pose"":[0.548742473,-7.224e-06,0.132107496,-0.001243512,-6.7276e-05,0.902691185,-0.430287242],""dof_position"":[-0.146603137,0.04708875,0.020172426,0.262992918,-0.225283712,-0.010112701,-0.048153121,-0.102354668,0.029902428,0.329790801,-0.184990674,0.050723657,-0.053271219,-0.007040003,-0.002366869,-0.005494651,0.168986946,-0.0144693,1.214278221,0.08953993,0.119314954,0.049172137,-0.021819763,-0.049903084,0.004483589,1.170749784,-0.072441757,-0.01618439,0.160966918],""dof_velocity"":[-1.078764796,0.308028311,-0.807543457,1.536746025,1.188231468,-0.760668933,-0.752220392,0.307109207,-1.195692539,-1.864546061,-1.014771104,-2.360440254,2.349422455,1.012826443,-1.137371182,0.980682552,-2.086542368,0.180660978,-3.168968678,0.689441264,1.063561678,0.671994805,1.199653268,-2.57417655,-0.728176475,-3.691345215,1.243476152,-0.288155288,2.902099133],""goal"":[-3.450000048,0.0,0.398381144],""robot_root_angular_velocity"":[0.916179955,-0.789809227,-0.817331254],""robot_root_linear_velocity"":[-0.33236441,-0.083713122,-0.453683585],""robot_root_pose"":[2.289895773,-0.001958316,0.792001009,-0.021157146,-0.003355936,0.999766588,0.002782664]}",PI policy,True,3|smooth_hold|+box_x|0.5|1.0,2960,1,79463,80038.0,575.0,260,660,6.345843843125994,5.518125057220459,0.7545454545454545,1.0,1.1893388032913208,0.2984352885378581,1.254173755645752,5.897328853607178,-0.376529319053798,44.15266799926758,0.4236756793546109,1.0,5.997736913722122,0.1954444473598745
pi,T0153,legged_gym/logs/Jul09_from_55500/model_73500.pt,3,smooth_hold,+box_x,0.5,2.0,0.1,0.15,0.15,1.125,5.518125,0.0,1,head_low,0,,,,0,0,4.005701541900635,7e1c4b8e98971c1e1cb1c84e3e700e8cdb6ee1ba,"{""box_angular_velocity"":[0.246421576,-0.490142882,0.006772439],""box_linear_velocity"":[-0.023400556,-9.2416e-05,-0.20152624],""box_mass"":1.125,""box_pose"":[0.549544275,-5.701e-06,0.132446483,-0.005460761,0.000134703,0.903443813,-0.428671718],""dof_position"":[-0.146510467,0.047072768,0.020156033,0.262963504,-0.225350007,-0.010127208,-0.048006278,-0.102354489,0.029897761,0.3297925,-0.185093805,0.050716281,-0.053374656,-0.007057746,-0.0025155,-0.005590292,0.168541804,-0.014502895,1.21449554,0.089606658,0.119489312,0.049606156,-0.021875376,-0.049846597,0.004487803,1.170883656,-0.072450466,-0.016161224,0.160895213],""dof_velocity"":[-1.070338368,0.308443338,-0.80303663,1.53621459,1.183620691,-0.761183858,-0.744338512,0.308069557,-1.190244317,-1.861692429,-1.018106699,-2.360839844,2.348539829,1.010068059,-1.141966581,0.983068526,-2.105157375,0.175046757,-3.178238869,0.689220309,1.084313393,0.684208572,1.199360847,-2.571054697,-0.727851272,-3.693433285,1.24236834,-0.281470537,2.896567583],""goal"":[-3.450000048,0.0,0.398381144],""robot_root_angular_velocity"":[0.914154708,-0.787513316,-0.816246629],""robot_root_linear_velocity"":[-0.335303277,-0.082977355,-0.455269665],""robot_root_pose"":[2.28984499,-0.001945524,0.791973591,-0.021156183,-0.003343629,0.999766827,0.002734444]}",PI policy,False,3|smooth_hold|+box_x|0.5|2.0,108,0,80204,,,0,0,0.0,,,,,,,,,,,,,
pi,T0154,legged_gym/logs/Jul09_from_55500/model_73500.pt,3,smooth_hold,+box_x,0.7,0.5,0.1,0.15,0.15,1.125,7.725375175476074,5.021493966434283,0,,0,1.033912181854248,0.6041563749313354,0.356948971748352,1,0,1.180823802947998,bbc45e608862b6a74fab218e9cf888f212cd32da,"{""box_angular_velocity"":[0.0,0.0,0.0],""box_linear_velocity"":[0.0,0.0,-0.196175486],""box_mass"":1.125,""box_pose"":[0.549999952,0.0,0.132547736,0.0,0.0,0.903440475,-0.428713351],""dof_position"":[-0.146500841,0.047033228,0.020142149,0.262921005,-0.225358963,-0.010130201,-0.047929183,-0.102373153,0.029881055,0.32979393,-0.185163349,0.050720308,-0.053569146,-0.007076314,-0.002628669,-0.005689438,0.168055788,-0.014534873,1.214684129,0.089634404,0.119642608,0.050104354,-0.021878893,-0.049701914,0.004483263,1.170707226,-0.072597921,-0.015892157,0.160671219],""dof_velocity"":[-1.063242555,0.309288293,-0.794798434,1.535060406,1.180030227,-0.762240529,-0.73944813,0.309553802,-1.181381226,-1.857584,-1.020252824,-2.361735344,2.346219301,1.007344365,-1.140043736,0.982482135,-2.125489235,0.169006094,-3.187772751,0.686356843,1.10351336,0.698946774,1.19337213,-2.565618515,-0.724920928,-3.691363335,1.241173863,-0.280104458,2.884586573],""goal"":[-3.450000048,0.0,0.398381144],""robot_root_angular_velocity"":[0.913533032,-0.784323692,-0.816340148],""robot_root_linear_velocity"":[-0.336854547,-0.08322756,-0.455430776],""robot_root_pose"":[2.289811373,-0.001951792,0.791970432,-0.021171462,-0.003340123,0.999766707,0.002667698]}",PI policy,True,3|smooth_hold|+box_x|0.7|0.5,2012,1,80232,80595.0,363.0,160,560,5.021493966434283,7.725375175476074,0.9875,1.0,1.04903244972229,0.44218318539538554,1.643160343170166,4.685764789581299,2.7787200145423414,27.37561798095703,0.1366503534464365,0.9110628366470336,14.327196012969528,0.11670669265636853
pi,T0155,legged_gym/logs/Jul09_from_55500/model_73500.pt,3,smooth_hold,+box_x,0.7,1.0,0.1,0.15,0.15,1.125,7.725375175476074,8.884182032467503,0,,0,0.4751120805740356,-0.6660003066062927,-0.3223278820514679,1,0,0.343056172132492,5df85f4eb048b7a3d1b199f503b240b6304c3d36,"{""box_angular_velocity"":[0.362627894,-0.498561054,0.10824196],""box_linear_velocity"":[-0.044732094,0.000371652,-0.208915606],""box_mass"":1.125,""box_pose"":[0.549170732,1.857e-06,0.132315725,-0.005937641,-0.000829929,0.903067291,-0.429457068],""dof_position"":[-0.146506488,0.046942025,0.020213395,0.26299274,-0.22536096,-0.010124935,-0.048085582,-0.102508374,0.029943557,0.329821706,-0.185034737,0.05071469,-0.053331293,-0.00721254,-0.002431291,-0.005618842,0.168477371,-0.014497547,1.214458823,0.0895762,0.119502231,0.049719419,-0.021883257,-0.049759321,0.00455268,1.170884848,-0.072531663,-0.016173881,0.160881549],""dof_velocity"":[-1.076598287,0.305129886,-0.805094361,1.537997007,1.184877753,-0.762654722,-0.750773966,0.304050475,-1.19259727,-1.86618638,-1.011909246,-2.362565517,2.346888781,1.007905364,-1.143704891,0.984026074,-2.110144377,0.174373642,-3.179517746,0.687067568,1.083567142,0.688972414,1.200220823,-2.567775488,-0.728161812,-3.692499638,1.234027982,-0.282693207,2.899874687],""goal"":[-3.450000048,0.0,0.398381144],""robot_root_angular_velocity"":[0.911628485,-0.791658401,-0.817876875],""robot_root_linear_velocity"":[-0.334455788,-0.083326846,-0.45502007],""robot_root_pose"":[2.289861917,-0.001944608,0.791978061,-0.021149674,-0.003282049,0.999767065,0.002780539]}",PI policy,True,3|smooth_hold|+box_x|0.7|1.0,2584,1,80736,81217.0,481.0,260,660,8.884182032467503,7.725375652313232,0.996969696969697,1.0,0.4796972870826721,0.26220361904212924,1.564845323562622,3.0759754180908203,-4.483179049411167,19.35905265808105,0.1473012144610314,0.9990718364715576,6.368087044335676,0.09164194124497232
pi,T0156,legged_gym/logs/Jul09_from_55500/model_73500.pt,3,smooth_hold,+box_x,0.7,2.0,0.1,0.15,0.15,1.125,7.725375,0.0,1,head_low,0,,,,0,0,4.000527381896973,0fe821b739c9903fdcb37d995b5098bfb76dad1e,"{""box_angular_velocity"":[-0.081240892,-0.394014537,-0.046257265],""box_linear_velocity"":[-0.052028842,-0.002449689,-0.212953314],""box_mass"":1.125,""box_pose"":[0.549048483,-4.4097e-05,0.13224633,-0.003261095,0.002352796,0.90360719,-0.428343147],""dof_position"":[-0.146481857,0.047218554,0.020202396,0.263049811,-0.225392014,-0.010130698,-0.048223894,-0.10224057,0.029986495,0.329867899,-0.184934482,0.050694119,-0.053220835,-0.007204601,-0.002212541,-0.005596524,0.168687403,-0.014447513,1.214308262,0.08947406,0.119451724,0.049693394,-0.02187781,-0.049854033,0.004570235,1.170749784,-0.072510645,-0.016110089,0.161323979],""dof_velocity"":[-1.0865165,0.313378751,-0.813939691,1.536945343,1.18945384,-0.759727478,-0.765222847,0.311234802,-1.201263309,-1.870947123,-1.005695701,-2.359823227,2.345424891,1.005964518,-1.150350094,0.989007413,-2.099915743,0.176606819,-3.176350117,0.68180263,1.072764516,0.690966785,1.204446554,-2.569961071,-0.72933197,-3.690988064,1.229984879,-0.286342293,2.923071146],""goal"":[-3.450000048,0.0,0.398381144],""robot_root_angular_velocity"":[0.917715371,-0.799791992,-0.825722158],""robot_root_linear_velocity"":[-0.332361966,-0.081718676,-0.455185771],""robot_root_pose"":[2.289908886,-0.001925,0.791976869,-0.021122791,-0.003363993,0.999767005,0.002899664]}",PI policy,False,3|smooth_hold|+box_x|0.7|2.0,144,0,81383,,,0,0,0.0,,,,,,,,,,,,,
pi,T0157,legged_gym/logs/Jul09_from_55500/model_73500.pt,3,smooth_hold,+box_x,0.9,0.5,0.1,0.15,0.15,1.125,9.932624816894531,6.456206714500241,0,,0,0.5237657427787781,-0.2521002888679504,0.0314109325408935,1,0,0.5106807947158813,65b3ca3da3b4fed74742e7742f51b170991cddfd,"{""box_angular_velocity"":[0.065279528,-0.104388289,0.200538158],""box_linear_velocity"":[-0.069472283,-0.000226536,-0.22056815],""box_mass"":1.125,""box_pose"":[0.548742473,-7.224e-06,0.132107496,-0.001243512,-6.7276e-05,0.902691185,-0.430287242],""dof_position"":[-0.146603137,0.04708875,0.020172426,0.262992918,-0.225283712,-0.010112701,-0.048153121,-0.102354668,0.029902428,0.329790801,-0.184990674,0.050723657,-0.053271219,-0.007040003,-0.002366869,-0.005494651,0.168986946,-0.0144693,1.214278221,0.08953993,0.119314954,0.049172137,-0.021819763,-0.049903084,0.004483589,1.170749784,-0.072441757,-0.01618439,0.160966918],""dof_velocity"":[-1.078764796,0.308028311,-0.807543457,1.536746025,1.188231468,-0.760668933,-0.752220392,0.307109207,-1.195692539,-1.864546061,-1.014771104,-2.360440254,2.349422455,1.012826443,-1.137371182,0.980682552,-2.086542368,0.180660978,-3.168968678,0.689441264,1.063561678,0.671994805,1.199653268,-2.57417655,-0.728176475,-3.691345215,1.243476152,-0.288155288,2.902099133],""goal"":[-3.450000048,0.0,0.398381144],""robot_root_angular_velocity"":[0.916179955,-0.789809227,-0.817331254],""robot_root_linear_velocity"":[-0.33236441,-0.083713122,-0.453683585],""robot_root_pose"":[2.289895773,-0.001958316,0.792001009,-0.021157146,-0.003355936,0.999766588,0.002782664]}",PI policy,True,3|smooth_hold|+box_x|0.9|0.5,2360,1,81420,81870.0,450.0,160,560,6.456206714500241,9.932625770568848,1.0,0.0,0.5369369387626648,0.2585273127271129,1.6025614738464355,3.0002095699310303,-1.8381605923741258,11.37613582611084,0.1392828229178641,0.746595561504364,4.67691810335964,0.08035973451312976
pi,T0158,legged_gym/logs/Jul09_from_55500/model_73500.pt,3,smooth_hold,+box_x,0.9,1.0,0.1,0.15,0.15,1.125,9.932625,0.0,1,head_low,0,,,,0,0,4.000178813934326,4c558a85d2a581cce42adb3890ef522483d76673,"{""box_angular_velocity"":[-0.04937524,0.08545965,-0.031114712],""box_linear_velocity"":[-0.083642364,-0.000180455,-0.22819753],""box_mass"":1.125,""box_pose"":[0.548512757,-4.563e-06,0.131977737,0.00090657,9.6446e-05,0.903556287,-0.428468347],""dof_position"":[-0.146520361,0.047091957,0.020100432,0.262955308,-0.225314945,-0.010112413,-0.048104029,-0.102312103,0.029850882,0.329894751,-0.185001373,0.050725449,-0.053381417,-0.006998422,-0.002216853,-0.005540372,0.168833748,-0.014519409,1.214196801,0.089570113,0.119363539,0.049313504,-0.021818267,-0.049919341,0.004531451,1.170461059,-0.072443984,-0.016207734,0.161031276],""dof_velocity"":[-1.088571191,0.308892757,-0.804763615,1.536985397,1.186003923,-0.760879874,-0.764347732,0.30948782,-1.192703009,-1.863727331,-1.007563949,-2.360396862,2.347005844,1.01482451,-1.14960742,0.982650816,-2.094229698,0.180430487,-3.167397738,0.69559449,1.061316013,0.675520062,1.20183742,-2.574667931,-0.734080732,-3.693430662,1.235028148,-0.300610453,2.902544498],""goal"":[-3.450000048,0.0,0.398381144],""robot_root_angular_velocity"":[0.917103827,-0.798477054,-0.811783016],""robot_root_linear_velocity"":[-0.331043065,-0.083775632,-0.453769445],""robot_root_pose"":[2.289926291,-0.001962557,0.792001545,-0.021112593,-0.003375929,0.999767721,0.002701302]}",PI policy,False,3|smooth_hold|+box_x|0.9|1.0,140,0,82011,,,0,0,0.0,,,,,,,,,,,,,
pi,T0159,legged_gym/logs/Jul09_from_55500/model_73500.pt,3,smooth_hold,+box_x,0.9,2.0,0.1,0.15,0.15,1.125,9.932625,0.0,1,other,0,,,,0,0,4.000012397766113,65b3ca3da3b4fed74742e7742f51b170991cddfd,"{""box_angular_velocity"":[0.065279528,-0.104388289,0.200538158],""box_linear_velocity"":[-0.069472283,-0.000226536,-0.22056815],""box_mass"":1.125,""box_pose"":[0.548742473,-7.224e-06,0.132107496,-0.001243512,-6.7276e-05,0.902691185,-0.430287242],""dof_position"":[-0.146603137,0.04708875,0.020172426,0.262992918,-0.225283712,-0.010112701,-0.048153121,-0.102354668,0.029902428,0.329790801,-0.184990674,0.050723657,-0.053271219,-0.007040003,-0.002366869,-0.005494651,0.168986946,-0.0144693,1.214278221,0.08953993,0.119314954,0.049172137,-0.021819763,-0.049903084,0.004483589,1.170749784,-0.072441757,-0.01618439,0.160966918],""dof_velocity"":[-1.078764796,0.308028311,-0.807543457,1.536746025,1.188231468,-0.760668933,-0.752220392,0.307109207,-1.195692539,-1.864546061,-1.014771104,-2.360440254,2.349422455,1.012826443,-1.137371182,0.980682552,-2.086542368,0.180660978,-3.168968678,0.689441264,1.063561678,0.671994805,1.199653268,-2.57417655,-0.728176475,-3.691345215,1.243476152,-0.288155288,2.902099133],""goal"":[-3.450000048,0.0,0.398381144],""robot_root_angular_velocity"":[0.916179955,-0.789809227,-0.817331254],""robot_root_linear_velocity"":[-0.33236441,-0.083713122,-0.453683585],""robot_root_pose"":[2.289895773,-0.001958316,0.792001009,-0.021157146,-0.003355936,0.999766588,0.002782664]}",PI policy,False,3|smooth_hold|+box_x|0.9|2.0,508,0,82047,,,0,0,0.0,,,,,,,,,,,,,
pi,T0160,legged_gym/logs/Jul09_from_55500/model_73500.pt,3,smooth_hold,+box_x,1.1,0.5,0.1,0.15,0.15,1.125,12.13987636566162,7.890920185430824,0,,1,1.2473030090332031,-1.6899915933609009,-1.3879797458648682,1,0,0.6264891028404236,65b3ca3da3b4fed74742e7742f51b170991cddfd,"{""box_angular_velocity"":[0.065279528,-0.104388289,0.200538158],""box_linear_velocity"":[-0.069472283,-0.000226536,-0.22056815],""box_mass"":1.125,""box_pose"":[0.548742473,-7.224e-06,0.132107496,-0.001243512,-6.7276e-05,0.902691185,-0.430287242],""dof_position"":[-0.146603137,0.04708875,0.020172426,0.262992918,-0.225283712,-0.010112701,-0.048153121,-0.102354668,0.029902428,0.329790801,-0.184990674,0.050723657,-0.053271219,-0.007040003,-0.002366869,-0.005494651,0.168986946,-0.0144693,1.214278221,0.08953993,0.119314954,0.049172137,-0.021819763,-0.049903084,0.004483589,1.170749784,-0.072441757,-0.01618439,0.160966918],""dof_velocity"":[-1.078764796,0.308028311,-0.807543457,1.536746025,1.188231468,-0.760668933,-0.752220392,0.307109207,-1.195692539,-1.864546061,-1.014771104,-2.360440254,2.349422455,1.012826443,-1.137371182,0.980682552,-2.086542368,0.180660978,-3.168968678,0.689441264,1.063561678,0.671994805,1.199653268,-2.57417655,-0.728176475,-3.691345215,1.243476152,-0.288155288,2.902099133],""goal"":[-3.450000048,0.0,0.398381144],""robot_root_angular_velocity"":[0.916179955,-0.789809227,-0.817331254],""robot_root_linear_velocity"":[-0.33236441,-0.083713122,-0.453683585],""robot_root_pose"":[2.289895773,-0.001958316,0.792001009,-0.021157146,-0.003355936,0.999766588,0.002782664]}",PI policy,True,3|smooth_hold|+box_x|1.1|0.5,2052,1,82175,82548.0,373.0,160,560,7.890920185430824,12.139877319335938,0.9910714285714286,1.0,1.491489291191101,0.3142988882825843,1.6762070655822754,3.9977893829345694,-8.75303098222773,12.705333709716797,0.1786098795920095,0.9987412095069884,11.924443764798344,0.15973061782107312
pi,T0161,legged_gym/logs/Jul09_from_55500/model_73500.pt,3,smooth_hold,+box_x,1.1,1.0,0.1,0.15,0.15,1.125,12.139875000000002,0.0,1,head_low,0,,,,0,0,4.000012397766113,e6aeb94e88e70b69d708669ca88c4d52d30898bf,"{""box_angular_velocity"":[-0.040246587,-0.11054495,0.059436049],""box_linear_velocity"":[-0.063388839,-0.000381871,-0.218752906],""box_mass"":1.125,""box_pose"":[0.548847854,-7.943e-06,0.132140473,-0.000937332,0.000834255,0.903205037,-0.429207325],""dof_position"":[-0.147031769,0.047154356,0.020139204,0.263080627,-0.225018084,-0.010125283,-0.048303526,-0.10226734,0.029859718,0.329765797,-0.184945732,0.050725333,-0.053386357,-0.006997658,-0.002373238,-0.005647602,0.169042498,-0.014477792,1.214263797,0.089566506,0.119339198,0.049128991,-0.021903321,-0.049887229,0.004460311,1.170752406,-0.072415389,-0.016091941,0.161184847],""dof_velocity"":[-1.078100562,0.311805725,-0.798850119,1.524706721,1.20272696,-0.760625958,-0.746840298,0.311181575,-1.188299656,-1.865438461,-1.016004682,-2.359948874,2.352475882,1.010855198,-1.121825218,0.973884344,-2.083186388,0.180034667,-3.179327726,0.691488266,1.069452286,0.670175016,1.196405292,-2.57272315,-0.724634886,-3.69682169,1.250191569,-0.282375604,2.909929991],""goal"":[-3.450000048,0.0,0.398381144],""robot_root_angular_velocity"":[0.917047739,-0.783953428,-0.814508975],""robot_root_linear_velocity"":[-0.330966562,-0.083400421,-0.453680009],""robot_root_pose"":[2.289926291,-0.001955691,0.791999102,-0.021226769,-0.003386346,0.999765337,0.00268463]}",PI policy,False,3|smooth_hold|+box_x|1.1|1.0,136,0,82689,,,0,0,0.0,,,,,,,,,,,,,
pi,T0162,legged_gym/logs/Jul09_from_55500/model_73500.pt,3,smooth_hold,+box_x,1.1,2.0,0.1,0.15,0.15,1.125,12.13987636566162,26.10073427601497,0,,1,1.648843765258789,0.4624785482883453,0.9778858423233032,0,0,0.1565917581319809,65b3ca3da3b4fed74742e7742f51b170991cddfd,"{""box_angular_velocity"":[0.065279528,-0.104388289,0.200538158],""box_linear_velocity"":[-0.069472283,-0.000226536,-0.22056815],""box_mass"":1.125,""box_pose"":[0.548742473,-7.224e-06,0.132107496,-0.001243512,-6.7276e-05,0.902691185,-0.430287242],""dof_position"":[-0.146603137,0.04708875,0.020172426,0.262992918,-0.225283712,-0.010112701,-0.048153121,-0.102354668,0.029902428,0.329790801,-0.184990674,0.050723657,-0.053271219,-0.007040003,-0.002366869,-0.005494651,0.168986946,-0.0144693,1.214278221,0.08953993,0.119314954,0.049172137,-0.021819763,-0.049903084,0.004483589,1.170749784,-0.072441757,-0.01618439,0.160966918],""dof_velocity"":[-1.078764796,0.308028311,-0.807543457,1.536746025,1.188231468,-0.760668933,-0.752220392,0.307109207,-1.195692539,-1.864546061,-1.014771104,-2.360440254,2.349422455,1.012826443,-1.137371182,0.980682552,-2.086542368,0.180660978,-3.168968678,0.689441264,1.063561678,0.671994805,1.199653268,-2.57417655,-0.728176475,-3.691345215,1.243476152,-0.288155288,2.902099133],""goal"":[-3.450000048,0.0,0.398381144],""robot_root_angular_velocity"":[0.916179955,-0.789809227,-0.817331254],""robot_root_linear_velocity"":[-0.33236441,-0.083713122,-0.453683585],""robot_root_pose"":[2.289895773,-0.001958316,0.792001009,-0.021157146,-0.003355936,0.999766588,0.002782664]}",PI policy,True,3|smooth_hold|+box_x|1.1|2.0,2736,1,82724,83193.0,469.0,460,860,26.10073427601497,12.13987636566162,0.6779069767441861,1.0,1.814735412597656,0.3113002716888522,1.6435794830322266,3.2505197525024414,-0.7131750989986887,5.576160430908203,0.4294046513354514,1.0,4.323862065808025,0.10302286461135439
pi,T0163,legged_gym/logs/Jul09_from_55500/model_73500.pt,3,smooth_hold,-box_x,0.1,0.5,0.1,0.15,0.15,1.125,1.103625,0.0,1,head_low,0,,,,0,0,4.000071048736572,bbc45e608862b6a74fab218e9cf888f212cd32da,"{""box_angular_velocity"":[0.0,0.0,0.0],""box_linear_velocity"":[0.0,0.0,-0.196175486],""box_mass"":1.125,""box_pose"":[0.549999952,0.0,0.132547736,0.0,0.0,0.903440475,-0.428713351],""dof_position"":[-0.146500841,0.047033228,0.020142149,0.262921005,-0.225358963,-0.010130201,-0.047929183,-0.102373153,0.029881055,0.32979393,-0.185163349,0.050720308,-0.053569146,-0.007076314,-0.002628669,-0.005689438,0.168055788,-0.014534873,1.214684129,0.089634404,0.119642608,0.050104354,-0.021878893,-0.049701914,0.004483263,1.170707226,-0.072597921,-0.015892157,0.160671219],""dof_velocity"":[-1.063242555,0.309288293,-0.794798434,1.535060406,1.180030227,-0.762240529,-0.73944813,0.309553802,-1.181381226,-1.857584,-1.020252824,-2.361735344,2.346219301,1.007344365,-1.140043736,0.982482135,-2.125489235,0.169006094,-3.187772751,0.686356843,1.10351336,0.698946774,1.19337213,-2.565618515,-0.724920928,-3.691363335,1.241173863,-0.280104458,2.884586573],""goal"":[-3.450000048,0.0,0.398381144],""robot_root_angular_velocity"":[0.913533032,-0.784323692,-0.816340148],""robot_root_linear_velocity"":[-0.336854547,-0.08322756,-0.455430776],""robot_root_pose"":[2.289811373,-0.001951792,0.791970432,-0.021171462,-0.003340123,0.999766707,0.002667698]}",PI policy,False,3|smooth_hold|-box_x|0.1|0.5,84,0,83409,,,0,0,0.0,,,,,,,,,,,,,
pi,T0164,legged_gym/logs/Jul09_from_55500/model_73500.pt,3,smooth_hold,-box_x,0.1,1.0,0.1,0.15,0.15,1.125,1.1036250591278076,1.269168832722013,0,,1,2.32399582862854,0.1540182530879974,-0.1131595447659492,0,0,0.0849804207682609,798c560d045d5ef1d035cdfeabc9bd2bc37e5e5c,"{""box_angular_velocity"":[0.065279111,-0.104388714,0.200538635],""box_linear_velocity"":[-0.069472283,-0.000226534,-0.22056818],""box_mass"":1.125,""box_pose"":[0.548742473,-7.224e-06,0.132107496,-0.001243512,-6.7271e-05,0.902691185,-0.430287242],""dof_position"":[-0.146603212,0.047088735,0.020172441,0.262992918,-0.225283697,-0.010112696,-0.048153263,-0.102354661,0.029902447,0.329790831,-0.184990689,0.050723653,-0.053271201,-0.007040013,-0.002366934,-0.005494641,0.168986917,-0.014469295,1.214278221,0.08953993,0.119314954,0.049172133,-0.021819763,-0.049903132,0.004483577,1.170749784,-0.072441779,-0.016184375,0.160966799],""dof_velocity"":[-1.078783631,0.308029562,-0.807539403,1.536746025,1.188233137,-0.760668993,-0.752250791,0.307110041,-1.195686698,-1.864530921,-1.014770865,-2.360440731,2.349427462,1.012828469,-1.137390018,0.98068583,-2.086543322,0.180661052,-3.168968201,0.689441085,1.063561201,0.671994805,1.199654341,-2.574179649,-0.728176475,-3.6913445,1.243474483,-0.288155526,2.902087927],""goal"":[-3.450000048,0.0,0.398381144],""robot_root_angular_velocity"":[0.916179955,-0.789826453,-0.817336917],""robot_root_linear_velocity"":[-0.332362801,-0.083713159,-0.453683645],""robot_root_pose"":[2.289896011,-0.001958331,0.792001128,-0.021157263,-0.003356034,0.999766648,0.002782767]}",PI policy,True,3|smooth_hold|-box_x|0.1|1.0,2768,1,83431,83958.0,527.0,260,660,1.269168832722013,1.1036250591278076,0.65,1.0,2.342064619064331,0.461002102065267,1.8977553844451904,5.961948871612549,-2.37609761077258,83.9762191772461,0.3886975331196674,1.0,7.490830585129108,0.1080449922538581
pi,T0165,legged_gym/logs/Jul09_from_55500/model_73500.pt,3,smooth_hold,-box_x,0.1,2.0,0.1,0.15,0.15,1.125,1.1036250591278076,2.3727938858223103,0,,0,0.5883337259292603,0.6586586236953735,0.6172807216644287,1,0,0.3048437237739563,bbc45e608862b6a74fab218e9cf888f212cd32da,"{""box_angular_velocity"":[0.0,0.0,0.0],""box_linear_velocity"":[0.0,0.0,-0.196175486],""box_mass"":1.125,""box_pose"":[0.549999952,0.0,0.132547736,0.0,0.0,0.903440475,-0.428713351],""dof_position"":[-0.146500841,0.047033228,0.020142149,0.262921005,-0.225358963,-0.010130201,-0.047929183,-0.102373153,0.029881055,0.32979393,-0.185163349,0.050720308,-0.053569146,-0.007076314,-0.002628669,-0.005689438,0.168055788,-0.014534873,1.214684129,0.089634404,0.119642608,0.050104354,-0.021878893,-0.049701914,0.004483263,1.170707226,-0.072597921,-0.015892157,0.160671219],""dof_velocity"":[-1.063242555,0.309288293,-0.794798434,1.535060406,1.180030227,-0.762240529,-0.73944813,0.309553802,-1.181381226,-1.857584,-1.020252824,-2.361735344,2.346219301,1.007344365,-1.140043736,0.982482135,-2.125489235,0.169006094,-3.187772751,0.686356843,1.10351336,0.698946774,1.19337213,-2.565618515,-0.724920928,-3.691363335,1.241173863,-0.280104458,2.884586573],""goal"":[-3.450000048,0.0,0.398381144],""robot_root_angular_velocity"":[0.913533032,-0.784323692,-0.816340148],""robot_root_linear_velocity"":[-0.336854547,-0.08322756,-0.455430776],""robot_root_pose"":[2.289811373,-0.001951792,0.791970432,-0.021171462,-0.003340123,0.999766707,0.002667698]}",PI policy,True,3|smooth_hold|-box_x|0.1|2.0,2412,1,84124,84512.0,388.0,460,860,2.3727938858223103,1.1036250591278076,0.9988372093023256,1.0,0.6180402040481567,0.24021632799575496,1.5888980627059937,3.591084241867065,-0.10487797507626373,26.42424774169922,0.07476217539136319,0.6986337900161743,5.778087250368539,0.0645454842885323
pi,T0166,legged_gym/logs/Jul09_from_55500/model_73500.pt,3,smooth_hold,-box_x,0.3,0.5,0.1,0.15,0.15,1.125,3.310875,0.0,1,head_low,0,,,,0,0,4.000178813934326,1ee1715857ffcb2a3cc18cd0b9a8b6adfec857b4,"{""box_angular_velocity"":[-0.006896573,-0.436274946,-0.059492875],""box_linear_velocity"":[-0.040519871,-0.002018051,-0.207890481],""box_mass"":1.125,""box_pose"":[0.549257696,-3.6667e-05,0.13233833,-0.003966368,0.001895238,0.903669357,-0.428208381],""dof_position"":[-0.146420002,0.047255576,0.020160446,0.263016284,-0.225412279,-0.010117877,-0.048083752,-0.102170251,0.029961202,0.329846025,-0.185029149,0.050706837,-0.053282604,-0.007023494,-0.002295188,-0.005558099,0.168565869,-0.014480409,1.214375257,0.089504577,0.119455956,0.04969877,-0.021902591,-0.049950827,0.0045642,1.170771241,-0.072533831,-0.016144862,0.161385208],""dof_velocity"":[-1.081931591,0.312424302,-0.810040116,1.536562443,1.187312841,-0.759429991,-0.760806859,0.311452746,-1.196961164,-1.864536405,-1.012443185,-2.359203339,2.346975565,1.008996725,-1.153025866,0.989124596,-2.102898359,0.175898701,-3.174293756,0.684915721,1.075245738,0.688801169,1.203218102,-2.57207799,-0.731694162,-3.692685843,1.227666855,-0.284925252,2.9214046],""goal"":[-3.450000048,0.0,0.398381144],""robot_root_angular_velocity"":[0.9182809,-0.798104346,-0.823666334],""robot_root_linear_velocity"":[-0.333876103,-0.082550377,-0.454815298],""robot_root_pose"":[2.289878845,-0.00194796,0.791983724,-0.021116696,-0.003408113,0.999767125,0.002848419]}",PI policy,False,3|smooth_hold|-box_x|0.3|0.5,140,0,84728,,,0,0,0.0,,,,,,,,,,,,,
pi,T0167,legged_gym/logs/Jul09_from_55500/model_73500.pt,3,smooth_hold,-box_x,0.3,1.0,0.1,0.15,0.15,1.125,3.310875177383423,3.807506474011876,0,,1,1.1338893175125122,-1.1468513011932373,-1.4072110652923584,0,0,0.0467501208186149,65b3ca3da3b4fed74742e7742f51b170991cddfd,"{""box_angular_velocity"":[0.065279528,-0.104388289,0.200538158],""box_linear_velocity"":[-0.069472283,-0.000226536,-0.22056815],""box_mass"":1.125,""box_pose"":[0.548742473,-7.224e-06,0.132107496,-0.001243512,-6.7276e-05,0.902691185,-0.430287242],""dof_position"":[-0.146603137,0.04708875,0.020172426,0.262992918,-0.225283712,-0.010112701,-0.048153121,-0.102354668,0.029902428,0.329790801,-0.184990674,0.050723657,-0.053271219,-0.007040003,-0.002366869,-0.005494651,0.168986946,-0.0144693,1.214278221,0.08953993,0.119314954,0.049172137,-0.021819763,-0.049903084,0.004483589,1.170749784,-0.072441757,-0.01618439,0.160966918],""dof_velocity"":[-1.078764796,0.308028311,-0.807543457,1.536746025,1.188231468,-0.760668933,-0.752220392,0.307109207,-1.195692539,-1.864546061,-1.014771104,-2.360440254,2.349422455,1.012826443,-1.137371182,0.980682552,-2.086542368,0.180660978,-3.168968678,0.689441264,1.063561678,0.671994805,1.199653268,-2.57417655,-0.728176475,-3.691345215,1.243476152,-0.288155288,2.902099133],""goal"":[-3.450000048,0.0,0.398381144],""robot_root_angular_velocity"":[0.916179955,-0.789809227,-0.817331254],""robot_root_linear_velocity"":[-0.33236441,-0.083713122,-0.453683585],""robot_root_pose"":[2.289895773,-0.001958316,0.792001009,-0.021157146,-0.003355936,0.999766588,0.002782664]}",PI policy,True,3|smooth_hold|-box_x|0.3|1.0,2492,1,84764,85222.0,458.0,260,660,3.807506474011876,3.310875177383423,0.9454545454545454,1.0,1.1922107934951782,0.2672301991080696,1.4810209274291992,5.255492687225342,-0.6616471898798464,13.927427291870115,0.15266161706231562,1.0,6.870590992305766,0.1305091850251301
pi,T0168,legged_gym/logs/Jul09_from_55500/model_73500.pt,3,smooth_hold,-box_x,0.3,2.0,0.1,0.15,0.15,1.125,3.310875,0.0,1,head_low,0,,,,0,0,4.000012397766113,9a2d909945b2a4f1f30da015d5a6c7102ce73bdb,"{""box_angular_velocity"":[0.286061734,-0.465324581,0.068484992],""box_linear_velocity"":[-0.016903829,0.000577155,-0.199634552],""box_mass"":1.125,""box_pose"":[0.549666822,6.576e-06,0.132482767,-0.005432734,-0.000266511,0.90321672,-0.429150254],""dof_position"":[-0.146539047,0.047250982,0.020213414,0.262968838,-0.225357085,-0.010119644,-0.048176326,-0.102250569,0.029860357,0.329872549,-0.185075715,0.050738163,-0.053179134,-0.006661515,-0.002475497,-0.005618209,0.168380901,-0.014521723,1.214461923,0.089581758,0.11947269,0.049562927,-0.021984097,-0.049948178,0.004475655,1.170885086,-0.072506033,-0.016901892,0.160873249],""dof_velocity"":[-1.067182422,0.298527777,-0.815692246,1.533811092,1.187223434,-0.758568525,-0.73189044,0.297651291,-1.205462098,-1.872611403,-1.01938498,-2.358735085,2.337121487,1.014053583,-1.139763355,0.987143338,-2.106423616,0.174656808,-3.180218935,0.687095165,1.082549453,0.680737674,1.211001396,-2.582275391,-0.728773177,-3.700802565,1.234264135,-0.322155774,2.887508154],""goal"":[-3.450000048,0.0,0.398381144],""robot_root_angular_velocity"":[0.912411749,-0.784441829,-0.806406915],""robot_root_linear_velocity"":[-0.336202085,-0.084097013,-0.455341846],""robot_root_pose"":[2.289855003,-0.001979636,0.79197371,-0.021178028,-0.003435758,0.999765813,0.002821696]}",PI policy,False,3|smooth_hold|-box_x|0.3|2.0,92,0,85388,,,0,0,0.0,,,,,,,,,,,,,
pi,T0169,legged_gym/logs/Jul09_from_55500/model_73500.pt,3,smooth_hold,-box_x,0.5,0.5,0.1,0.15,0.15,1.125,5.518125,0.0,1,box_tilt|timeout,0,,,,0,0,4.000012397766113,65b3ca3da3b4fed74742e7742f51b170991cddfd,"{""box_angular_velocity"":[0.065279528,-0.104388289,0.200538158],""box_linear_velocity"":[-0.069472283,-0.000226536,-0.22056815],""box_mass"":1.125,""box_pose"":[0.548742473,-7.224e-06,0.132107496,-0.001243512,-6.7276e-05,0.902691185,-0.430287242],""dof_position"":[-0.146603137,0.04708875,0.020172426,0.262992918,-0.225283712,-0.010112701,-0.048153121,-0.102354668,0.029902428,0.329790801,-0.184990674,0.050723657,-0.053271219,-0.007040003,-0.002366869,-0.005494651,0.168986946,-0.0144693,1.214278221,0.08953993,0.119314954,0.049172137,-0.021819763,-0.049903084,0.004483589,1.170749784,-0.072441757,-0.01618439,0.160966918],""dof_velocity"":[-1.078764796,0.308028311,-0.807543457,1.536746025,1.188231468,-0.760668933,-0.752220392,0.307109207,-1.195692539,-1.864546061,-1.014771104,-2.360440254,2.349422455,1.012826443,-1.137371182,0.980682552,-2.086542368,0.180660978,-3.168968678,0.689441264,1.063561678,0.671994805,1.199653268,-2.57417655,-0.728176475,-3.691345215,1.243476152,-0.288155288,2.902099133],""goal"":[-3.450000048,0.0,0.398381144],""robot_root_angular_velocity"":[0.916179955,-0.789809227,-0.817331254],""robot_root_linear_velocity"":[-0.33236441,-0.083713122,-0.453683585],""robot_root_pose"":[2.289895773,-0.001958316,0.792001009,-0.021157146,-0.003355936,0.999766588,0.002782664]}",PI policy,False,3|smooth_hold|-box_x|0.5|0.5,6004,0,85412,,,0,0,0.0,,,,,,,,,,,,,
pi,T0170,legged_gym/logs/Jul09_from_55500/model_73500.pt,3,smooth_hold,-box_x,0.5,1.0,0.1,0.15,0.15,1.125,5.518125057220459,6.345843857581286,0,,1,0.9514253735542296,-2.3812410831451416,-1.5729618072509766,1,0,0.8785579800605774,bbc45e608862b6a74fab218e9cf888f212cd32da,"{""box_angular_velocity"":[0.0,0.0,0.0],""box_linear_velocity"":[0.0,0.0,-0.196175486],""box_mass"":1.125,""box_pose"":[0.549999952,0.0,0.132547736,0.0,0.0,0.903440475,-0.428713351],""dof_position"":[-0.146500841,0.047033228,0.020142149,0.262921005,-0.225358963,-0.010130201,-0.047929183,-0.102373153,0.029881055,0.32979393,-0.185163349,0.050720308,-0.053569146,-0.007076314,-0.002628669,-0.005689438,0.168055788,-0.014534873,1.214684129,0.089634404,0.119642608,0.050104354,-0.021878893,-0.049701914,0.004483263,1.170707226,-0.072597921,-0.015892157,0.160671219],""dof_velocity"":[-1.063242555,0.309288293,-0.794798434,1.535060406,1.180030227,-0.762240529,-0.73944813,0.309553802,-1.181381226,-1.857584,-1.020252824,-2.361735344,2.346219301,1.007344365,-1.140043736,0.982482135,-2.125489235,0.169006094,-3.187772751,0.686356843,1.10351336,0.698946774,1.19337213,-2.565618515,-0.724920928,-3.691363335,1.241173863,-0.280104458,2.884586573],""goal"":[-3.450000048,0.0,0.398381144],""robot_root_angular_velocity"":[0.913533032,-0.784323692,-0.816340148],""robot_root_linear_velocity"":[-0.336854547,-0.08322756,-0.455430776],""robot_root_pose"":[2.289811373,-0.001951792,0.791970432,-0.021171462,-0.003340123,0.999766707,0.002667698]}",PI policy,True,3|smooth_hold|-box_x|0.5|1.0,2044,1,86914,87260.0,346.0,260,660,6.345843857581286,5.518125057220459,0.9954545454545455,1.0,0.9555753469467164,0.4060738481694099,1.985926628112793,4.54775857925415,5.1931586933350475,45.03989028930664,0.13012234549651938,0.8638142943382263,12.938893350733048,0.16688548661508265
pi,T0171,legged_gym/logs/Jul09_from_55500/model_73500.pt,3,smooth_hold,-box_x,0.5,2.0,0.1,0.15,0.15,1.125,5.518125057220459,11.863969898399402,0,,1,1.8072640895843504,0.6193187236785889,0.2238778173923492,1,0,0.1357196122407913,349b333c5dd6b1633110b1ff2637dc8431a6629e,"{""box_angular_velocity"":[0.29544422,-0.493088633,0.097609557],""box_linear_velocity"":[-0.029764092,0.000407345,-0.203915238],""box_mass"":1.125,""box_pose"":[0.549436331,2.842e-06,0.132404998,-0.005652467,-0.00032455,0.903113008,-0.429365396],""dof_position"":[-0.146429524,0.047030814,0.020193525,0.262957603,-0.225401744,-0.010123785,-0.048004188,-0.102412231,0.029934993,0.329784334,-0.185080439,0.050714172,-0.053313218,-0.007115903,-0.002542272,-0.005545429,0.168546394,-0.014490879,1.214519262,0.089591369,0.119473115,0.049616233,-0.02184014,-0.049815185,0.004514692,1.170934081,-0.072536461,-0.016174696,0.160900474],""dof_velocity"":[-1.068468451,0.307104349,-0.806301236,1.539660811,1.18100369,-0.761541605,-0.742871046,0.306250334,-1.193332195,-1.862900734,-1.017671585,-2.361402035,2.347797394,1.00928688,-1.141605854,0.983851135,-2.105282068,0.175229341,-3.176286459,0.687105477,1.083652496,0.685147643,1.199585319,-2.569535732,-0.727151096,-3.69136858,1.237507701,-0.28089571,2.898666859],""goal"":[-3.450000048,0.0,0.398381144],""robot_root_angular_velocity"":[0.91343689,-0.786412954,-0.818252027],""robot_root_linear_velocity"":[-0.335819662,-0.083048679,-0.455220073],""robot_root_pose"":[2.289832592,-0.00194463,0.791974306,-0.021148659,-0.003318869,0.999766946,0.00278567]}",PI policy,True,3|smooth_hold|-box_x|0.5|2.0,2512,1,87426,87839.0,413.0,460,860,11.863969898399402,5.518125534057617,0.7186046511627907,1.0,1.94364595413208,0.3701274783047306,1.610003113746643,4.311402797698975,2.893929147538404,104.13897705078124,0.3390979537863195,1.0,5.659562172498121,0.10456438641948235
pi,T0172,legged_gym/logs/Jul09_from_55500/model_73500.pt,3,smooth_hold,-box_x,0.7,0.5,0.1,0.15,0.15,1.125,7.725375175476074,5.021494200699163,0,,0,0.6624695658683777,0.8677600622177124,0.9451228976249696,1,0,0.4705685973167419,bcfbcdc96d4d0ffbf0250e0a569c36a783743fa0,"{""box_angular_velocity"":[0.402114093,-0.041173756,-0.261062026],""box_linear_velocity"":[-0.063687682,-0.004160849,-0.220063463],""box_mass"":1.125,""box_pose"":[0.548841357,-7.7029e-05,0.132117689,-0.002208158,-0.003053488,0.904453397,-0.426555842],""dof_position"":[-0.146610066,0.047083043,0.020163991,0.262964427,-0.225276634,-0.01010942,-0.048158374,-0.102361053,0.029886702,0.329812378,-0.185015872,0.050730944,-0.05335946,-0.006930505,-0.002395892,-0.005699322,0.168367401,-0.01449299,1.214449286,0.089560382,0.119535044,0.049710926,-0.021668924,-0.050056413,0.00454394,1.170697451,-0.072447501,-0.016829632,0.161139771],""dof_velocity"":[-1.07501924,0.306214184,-0.803819478,1.534781933,1.187421083,-0.761569262,-0.750380456,0.305062473,-1.192236781,-1.863033056,-1.015688658,-2.36115551,2.344691992,1.012294054,-1.13560164,0.983190119,-2.10985589,0.174557,-3.188158274,0.683390975,1.088074088,0.686474741,1.201656222,-2.576749802,-0.73467499,-3.689680338,1.233361363,-0.317399472,2.90632844],""goal"":[-3.450000048,0.0,0.398381144],""robot_root_angular_velocity"":[0.914081395,-0.788302422,-0.817940414],""robot_root_linear_velocity"":[-0.332990199,-0.083758421,-0.454530686],""robot_root_pose"":[2.289886236,-0.001967461,0.791987419,-0.0211679,-0.003365778,0.999766469,0.00276602]}",PI policy,True,3|smooth_hold|-box_x|0.7|0.5,2116,1,88055,88444.0,389.0,160,560,5.021494200699163,7.725375652313232,1.0,0.0,0.6771578788757324,0.2565706757296409,1.592212200164795,2.9664242267608643,-0.2639684213059289,2.569671154022217,0.18623097798678956,0.7494688034057617,7.217969187455518,0.14094458653874292
pi,T0173,legged_gym/logs/Jul09_from_55500/model_73500.pt,3,smooth_hold,-box_x,0.7,1.0,0.1,0.15,0.15,1.125,7.725375,0.0,1,head_low,0,,,,0,0,4.000012397766113,d824fce928b3e32f964d6d1cf6fdf04662fe2a53,"{""box_angular_velocity"":[0.272574604,-0.050267018,0.17418611],""box_linear_velocity"":[-0.073097758,4.2758e-05,-0.222527295],""box_mass"":1.125,""box_pose"":[0.548688352,9.32e-07,0.132081285,-0.001866289,-0.001812253,0.902723312,-0.43021363],""dof_position"":[-0.146649107,0.04699925,0.020168174,0.263023853,-0.225274727,-0.01010452,-0.048206791,-0.102437861,0.029910393,0.329815358,-0.184953526,0.050727252,-0.053255044,-0.007076563,-0.002326996,-0.005515672,0.169046521,-0.0144592,1.214236021,0.089549817,0.119300939,0.049089622,-0.021862188,-0.049897503,0.004515982,1.170832038,-0.072401196,-0.016247833,0.161120802],""dof_velocity"":[-1.079974651,0.30581367,-0.806762516,1.53540802,1.189556837,-0.761622012,-0.754124463,0.305122674,-1.194761038,-1.86740005,-1.010681152,-2.361446381,2.351595163,1.013347507,-1.136964679,0.981584668,-2.083256245,0.180409789,-3.171344995,0.689835012,1.061580539,0.667704701,1.202183008,-2.573899269,-0.729444623,-3.69440937,1.241292,-0.286941767,2.910311222],""goal"":[-3.450000048,0.0,0.398381144],""robot_root_angular_velocity"":[0.91473043,-0.790472031,-0.817301393],""robot_root_linear_velocity"":[-0.331901312,-0.084236607,-0.453550428],""robot_root_pose"":[2.289908886,-0.001964067,0.792003036,-0.02115814,-0.00332642,0.999766707,0.002774681]}",PI policy,False,3|smooth_hold|-box_x|0.7|1.0,132,0,88585,,,0,0,0.0,,,,,,,,,,,,,
pi,T0174,legged_gym/logs/Jul09_from_55500/model_73500.pt,3,smooth_hold,-box_x,0.7,2.0,0.1,0.15,0.15,1.125,7.725375175476074,16.60955669586623,0,,1,1.06715989112854,0.7857093214988708,0.7017098665237427,0,0,0.0748772174119949,65b3ca3da3b4fed74742e7742f51b170991cddfd,"{""box_angular_velocity"":[0.065279528,-0.104388289,0.200538158],""box_linear_velocity"":[-0.069472283,-0.000226536,-0.22056815],""box_mass"":1.125,""box_pose"":[0.548742473,-7.224e-06,0.132107496,-0.001243512,-6.7276e-05,0.902691185,-0.430287242],""dof_position"":[-0.146603137,0.04708875,0.020172426,0.262992918,-0.225283712,-0.010112701,-0.048153121,-0.102354668,0.029902428,0.329790801,-0.184990674,0.050723657,-0.053271219,-0.007040003,-0.002366869,-0.005494651,0.168986946,-0.0144693,1.214278221,0.08953993,0.119314954,0.049172137,-0.021819763,-0.049903084,0.004483589,1.170749784,-0.072441757,-0.01618439,0.160966918],""dof_velocity"":[-1.078764796,0.308028311,-0.807543457,1.536746025,1.188231468,-0.760668933,-0.752220392,0.307109207,-1.195692539,-1.864546061,-1.014771104,-2.360440254,2.349422455,1.012826443,-1.137371182,0.980682552,-2.086542368,0.180660978,-3.168968678,0.689441264,1.063561678,0.671994805,1.199653268,-2.57417655,-0.728176475,-3.691345215,1.243476152,-0.288155288,2.902099133],""goal"":[-3.450000048,0.0,0.398381144],""robot_root_angular_velocity"":[0.916179955,-0.789809227,-0.817331254],""robot_root_linear_velocity"":[-0.33236441,-0.083713122,-0.453683585],""robot_root_pose"":[2.289895773,-0.001958316,0.792001009,-0.021157146,-0.003355936,0.999766588,0.002782664]}",PI policy,True,3|smooth_hold|-box_x|0.7|2.0,2572,1,88619,89047.0,428.0,460,860,16.60955669586623,7.725375175476074,0.6104651162790697,1.0,1.1450159549713137,0.3099473722993808,1.5849002599716189,3.4469470977783203,2.130927646623621,25.433969497680664,0.48541438784233704,1.0,3.1019396751945796,0.07610038055014269
pi,T0175,legged_gym/logs/Jul09_from_55500/model_73500.pt,3,smooth_hold,-box_x,0.9,0.5,0.1,0.15,0.15,1.125,9.932625,0.0,1,head_low,0,,,,0,0,4.000012397766113,412a4f88c3dee8595ca2cb2204231a29ea7d3577,"{""box_angular_velocity"":[-0.153038517,-0.494154692,-0.109300874],""box_linear_velocity"":[-0.017992334,-0.002962222,-0.199763879],""box_mass"":1.125,""box_pose"":[0.549643099,-5.7233e-05,0.132476747,-0.003823309,0.003224836,0.903910935,-0.427691489],""dof_position"":[-0.146314725,0.047298461,0.020214617,0.262948304,-0.225470319,-0.010137893,-0.047947288,-0.102180012,0.029928559,0.329789519,-0.185118794,0.050708178,-0.053325471,-0.007000658,-0.002543437,-0.005503475,0.168433934,-0.014485833,1.214567304,0.089553893,0.119493432,0.049794149,-0.021818256,-0.049904943,0.004501696,1.170844436,-0.072567195,-0.016124768,0.161138535],""dof_velocity"":[-1.065982342,0.314285725,-0.80919075,1.540307999,1.179666519,-0.75871563,-0.743045509,0.311665535,-1.196699739,-1.860125184,-1.020893216,-2.35892868,2.345252991,1.009160995,-1.145583987,0.987077057,-2.10773325,0.174035117,-3.174778223,0.68368119,1.08577919,0.690970302,1.19899857,-2.571687698,-0.728105009,-3.689054728,1.23599875,-0.283931136,2.907680511],""goal"":[-3.450000048,0.0,0.398381144],""robot_root_angular_velocity"":[0.918230414,-0.786930323,-0.821437538],""robot_root_linear_velocity"":[-0.336775273,-0.082226232,-0.455312163],""robot_root_pose"":[2.289815903,-0.001941633,0.791974068,-0.02113069,-0.00340612,0.999766946,0.002829388]}",PI policy,False,3|smooth_hold|-box_x|0.9|0.5,92,0,89263,,,0,0,0.0,,,,,,,,,,,,,
pi,T0176,legged_gym/logs/Jul09_from_55500/model_73500.pt,3,smooth_hold,-box_x,0.9,1.0,0.1,0.15,0.15,1.125,9.932624816894531,11.422518647557172,0,,1,2.474351406097412,-0.0327354371547699,-0.2638477385044098,0,1,0.0633131340146064,b0645c3c382917fb9f432e75f59315faa41b41ad,"{""box_angular_velocity"":[0.065279171,-0.104388751,0.20053862],""box_linear_velocity"":[-0.069472283,-0.000226533,-0.22056818],""box_mass"":1.125,""box_pose"":[0.548742473,-7.224e-06,0.132107496,-0.001243512,-6.7272e-05,0.902691185,-0.430287242],""dof_position"":[-0.146603227,0.047088772,0.020172423,0.262992918,-0.225283667,-0.010112693,-0.048153237,-0.102354623,0.029902432,0.329790831,-0.18499063,0.050723657,-0.053271182,-0.007039935,-0.002366852,-0.005494668,0.168986902,-0.014469296,1.214278221,0.089539923,0.119314954,0.049172133,-0.021819791,-0.049903188,0.004483567,1.170749903,-0.072441809,-0.016184354,0.16096653],""dof_velocity"":[-1.078767657,0.308033437,-0.807543874,1.536744714,1.188232422,-0.760668695,-0.752230048,0.307114184,-1.195692539,-1.864541531,-1.014764905,-2.360440016,2.349427462,1.012837887,-1.137366772,0.980680287,-2.086547136,0.180660665,-3.168970823,0.689439654,1.063562274,0.671994269,1.199647903,-2.574184179,-0.728177071,-3.691341877,1.243473291,-0.288151681,2.902056694],""goal"":[-3.450000048,0.0,0.398381144],""robot_root_angular_velocity"":[0.916185379,-0.789810538,-0.817335188],""robot_root_linear_velocity"":[-0.33236295,-0.083713681,-0.453683436],""robot_root_pose"":[2.289895773,-0.001958321,0.792001128,-0.021157132,-0.003355943,0.999766588,0.002782673]}",PI policy,True,3|smooth_hold|-box_x|0.9|1.0,2080,1,89287,89642.0,355.0,260,660,11.422518647557172,9.932624816894531,0.6893939393939394,1.0,2.4999916553497314,0.4805127390124129,1.8162660598754885,4.644092082977295,-15.075901132110845,4.965145111083984,0.3987340967558945,1.0,21.748202418648834,0.2944480540959348
pi,T0177,legged_gym/logs/Jul09_from_55500/model_73500.pt,3,smooth_hold,-box_x,0.9,2.0,0.1,0.15,0.15,1.125,9.932624816894531,21.355143467217268,0,,0,0.8122590184211731,2.682414531707764,2.159687757492065,1,0,0.3190668821334839,65b3ca3da3b4fed74742e7742f51b170991cddfd,"{""box_angular_velocity"":[0.065279528,-0.104388289,0.200538158],""box_linear_velocity"":[-0.069472283,-0.000226536,-0.22056815],""box_mass"":1.125,""box_pose"":[0.548742473,-7.224e-06,0.132107496,-0.001243512,-6.7276e-05,0.902691185,-0.430287242],""dof_position"":[-0.146603137,0.04708875,0.020172426,0.262992918,-0.225283712,-0.010112701,-0.048153121,-0.102354668,0.029902428,0.329790801,-0.184990674,0.050723657,-0.053271219,-0.007040003,-0.002366869,-0.005494651,0.168986946,-0.0144693,1.214278221,0.08953993,0.119314954,0.049172137,-0.021819763,-0.049903084,0.004483589,1.170749784,-0.072441757,-0.01618439,0.160966918],""dof_velocity"":[-1.078764796,0.308028311,-0.807543457,1.536746025,1.188231468,-0.760668933,-0.752220392,0.307109207,-1.195692539,-1.864546061,-1.014771104,-2.360440254,2.349422455,1.012826443,-1.137371182,0.980682552,-2.086542368,0.180660978,-3.168968678,0.689441264,1.063561678,0.671994805,1.199653268,-2.57417655,-0.728176475,-3.691345215,1.243476152,-0.288155288,2.902099133],""goal"":[-3.450000048,0.0,0.398381144],""robot_root_angular_velocity"":[0.916179955,-0.789809227,-0.817331254],""robot_root_linear_velocity"":[-0.33236441,-0.083713122,-0.453683585],""robot_root_pose"":[2.289895773,-0.001958316,0.792001009,-0.021157146,-0.003355936,0.999766588,0.002782664]}",PI policy,True,3|smooth_hold|-box_x|0.9|2.0,2488,1,89808,90215.0,407.0,460,860,21.355143467217268,9.932624816894531,1.0,0.0,0.8122590184211731,0.3160611832124549,1.7559523582458496,4.688094139099121,1.7094586215137644,54.478363037109375,0.15346670221567132,0.7158938646316528,5.593211011813824,0.09018567918556916
pi,T0178,legged_gym/logs/Jul09_from_55500/model_73500.pt,3,smooth_hold,-box_x,1.1,0.5,0.1,0.15,0.15,1.125,12.139875000000002,0.0,1,head_low,0,,,,0,0,4.000012397766113,660262c8ebe13e4945aa85bdbd9f9f06ca773e7c,"{""box_angular_velocity"":[-0.053684045,-0.241040066,0.016474023],""box_linear_velocity"":[-0.068512768,-0.000639189,-0.220138893],""box_mass"":1.125,""box_pose"":[0.54876864,-1.2725e-05,0.132120475,-0.001960594,0.001450948,0.903361797,-0.428872406],""dof_position"":[-0.146839708,0.047174148,0.020127136,0.263054729,-0.225135893,-0.010115102,-0.048216544,-0.102249339,0.029858075,0.329795063,-0.184982151,0.050729681,-0.053345323,-0.006937943,-0.00235101,-0.005566969,0.169044018,-0.014476799,1.214251757,0.089553811,0.11931733,0.049093965,-0.021893118,-0.049963843,0.004443702,1.170787215,-0.072400324,-0.016232509,0.161173791],""dof_velocity"":[-1.077975512,0.3112593,-0.802261233,1.528456092,1.197654843,-0.760213375,-0.749090374,0.31071046,-1.191287875,-1.864443183,-1.015434504,-2.359603167,2.351806879,1.013623953,-1.129522681,0.977533102,-2.082422972,0.180419475,-3.174132347,0.691349268,1.065308928,0.668406606,1.200132608,-2.57639432,-0.725973129,-3.698798418,1.249565482,-0.286899626,2.90871048],""goal"":[-3.450000048,0.0,0.398381144],""robot_root_angular_velocity"":[0.91801995,-0.786547899,-0.815120518],""robot_root_linear_velocity"":[-0.331748605,-0.083587483,-0.453624487],""robot_root_pose"":[2.289913416,-0.00196197,0.792000651,-0.021188378,-0.00340082,0.999766052,0.002715064]}",PI policy,False,3|smooth_hold|-box_x|1.1|0.5,136,0,90431,,,0,0,0.0,,,,,,,,,,,,,
pi,T0179,legged_gym/logs/Jul09_from_55500/model_73500.pt,3,smooth_hold,-box_x,1.1,1.0,0.1,0.15,0.15,1.125,12.13987636566162,13.960857881586517,0,,0,0.5408464074134827,1.9132623672485352,2.1179769039154053,1,0,0.3020079731941223,65b3ca3da3b4fed74742e7742f51b170991cddfd,"{""box_angular_velocity"":[0.065279528,-0.104388289,0.200538158],""box_linear_velocity"":[-0.069472283,-0.000226536,-0.22056815],""box_mass"":1.125,""box_pose"":[0.548742473,-7.224e-06,0.132107496,-0.001243512,-6.7276e-05,0.902691185,-0.430287242],""dof_position"":[-0.146603137,0.04708875,0.020172426,0.262992918,-0.225283712,-0.010112701,-0.048153121,-0.102354668,0.029902428,0.329790801,-0.184990674,0.050723657,-0.053271219,-0.007040003,-0.002366869,-0.005494651,0.168986946,-0.0144693,1.214278221,0.08953993,0.119314954,0.049172137,-0.021819763,-0.049903084,0.004483589,1.170749784,-0.072441757,-0.01618439,0.160966918],""dof_velocity"":[-1.078764796,0.308028311,-0.807543457,1.536746025,1.188231468,-0.760668933,-0.752220392,0.307109207,-1.195692539,-1.864546061,-1.014771104,-2.360440254,2.349422455,1.012826443,-1.137371182,0.980682552,-2.086542368,0.180660978,-3.168968678,0.689441264,1.063561678,0.671994805,1.199653268,-2.57417655,-0.728176475,-3.691345215,1.243476152,-0.288155288,2.902099133],""goal"":[-3.450000048,0.0,0.398381144],""robot_root_angular_velocity"":[0.916179955,-0.789809227,-0.817331254],""robot_root_linear_velocity"":[-0.33236441,-0.083713122,-0.453683585],""robot_root_pose"":[2.289895773,-0.001958316,0.792001009,-0.021157146,-0.003355936,0.999766588,0.002782664]}",PI policy,True,3|smooth_hold|-box_x|1.1|1.0,2352,1,90466,90889.0,423.0,260,660,13.960857881586517,12.13987636566162,0.9878787878787879,1.0,0.7506349086761475,0.22312730391594496,1.697827935218811,2.6253507137298584,-2.518381603107308,24.660497665405277,0.3429621254686605,0.7293808460235596,9.702819475937973,0.23294314498550991
pi,T0180,legged_gym/logs/Jul09_from_55500/model_73500.pt,3,smooth_hold,-box_x,1.1,2.0,0.1,0.15,0.15,1.125,12.139875000000002,0.0,1,head_low,0,,,,0,0,4.000012397766113,af8a61b1ed74e92cea2b6cfcfaa9f1dbbc869ce4,"{""box_angular_velocity"":[0.179580122,-0.490449429,0.034358606],""box_linear_velocity"":[-0.057678524,-0.000762988,-0.214074031],""box_mass"":1.125,""box_pose"":[0.548962057,-1.5291e-05,0.132234231,-0.005216485,0.00060691,0.903287768,-0.429002911],""dof_position"":[-0.14596346,0.047005218,0.020208037,0.262823433,-0.225574568,-0.010102386,-0.047835764,-0.102454945,0.029939035,0.329933733,-0.185098827,0.05072863,-0.053219613,-0.00708903,-0.002121273,-0.005403553,0.168891475,-0.01447621,1.214177012,0.089536518,0.119395353,0.049239695,-0.021823326,-0.049900003,0.004608673,1.170740485,-0.072381429,-0.016301453,0.16091086],""dof_velocity"":[-1.126102328,0.304887235,-0.822238207,1.576645613,1.137847543,-0.759840071,-0.802667439,0.304738343,-1.205066085,-1.84969461,-1.018783331,-2.361728907,2.336201429,1.023324728,-1.215509653,1.023552179,-2.094209194,0.177405626,-3.183073044,0.688643157,1.067209959,0.674144149,1.22979629,-2.577868938,-0.70753473,-3.699588299,1.244755983,-0.288081944,2.898967743],""goal"":[-3.450000048,0.0,0.398381144],""robot_root_angular_velocity"":[0.917410076,-0.835181177,-0.813354731],""robot_root_linear_velocity"":[-0.334327132,-0.084198281,-0.455352098],""robot_root_pose"":[2.289880753,-0.001962659,0.791982412,-0.020996688,-0.003320397,0.999769986,0.002822423]}",PI policy,False,3|smooth_hold|-box_x|1.1|2.0,92,0,91055,,,0,0,0.0,,,,,,,,,,,,,
pi,T0181,legged_gym/logs/Jul09_from_55500/model_73500.pt,3,smooth_hold,+box_y,0.1,0.5,0.1,0.15,0.15,1.125,1.1036250591278076,0.7173562963155667,0,,0,0.4404466450214386,-0.4755423665046692,-0.6711832284927368,1,0,0.3724282383918762,bbc45e608862b6a74fab218e9cf888f212cd32da,"{""box_angular_velocity"":[0.0,0.0,0.0],""box_linear_velocity"":[0.0,0.0,-0.196175486],""box_mass"":1.125,""box_pose"":[0.549999952,0.0,0.132547736,0.0,0.0,0.903440475,-0.428713351],""dof_position"":[-0.146500841,0.047033228,0.020142149,0.262921005,-0.225358963,-0.010130201,-0.047929183,-0.102373153,0.029881055,0.32979393,-0.185163349,0.050720308,-0.053569146,-0.007076314,-0.002628669,-0.005689438,0.168055788,-0.014534873,1.214684129,0.089634404,0.119642608,0.050104354,-0.021878893,-0.049701914,0.004483263,1.170707226,-0.072597921,-0.015892157,0.160671219],""dof_velocity"":[-1.063242555,0.309288293,-0.794798434,1.535060406,1.180030227,-0.762240529,-0.73944813,0.309553802,-1.181381226,-1.857584,-1.020252824,-2.361735344,2.346219301,1.007344365,-1.140043736,0.982482135,-2.125489235,0.169006094,-3.187772751,0.686356843,1.10351336,0.698946774,1.19337213,-2.565618515,-0.724920928,-3.691363335,1.241173863,-0.280104458,2.884586573],""goal"":[-3.450000048,0.0,0.398381144],""robot_root_angular_velocity"":[0.913533032,-0.784323692,-0.816340148],""robot_root_linear_velocity"":[-0.336854547,-0.08322756,-0.455430776],""robot_root_pose"":[2.289811373,-0.001951792,0.791970432,-0.021171462,-0.003340123,0.999766707,0.002667698]}",PI policy,True,3|smooth_hold|+box_y|0.1|0.5,2636,1,91079,91598.0,519.0,160,560,0.7173562963155667,1.1036250591278076,1.0,0.0,0.4543920457363128,0.18318736465714336,1.373363733291626,2.699312925338745,0.8935068805169847,5.403073787689209,0.18254914613374107,0.5937040448188782,7.710796674021653,0.17304003077151714
pi,T0182,legged_gym/logs/Jul09_from_55500/model_73500.pt,3,smooth_hold,+box_y,0.1,1.0,0.1,0.15,0.15,1.125,1.103625,0.0,1,head_low,0,,,,0,0,4.000012397766113,227837407991a3ede68a4c34ac707697a77c8509,"{""box_angular_velocity"":[0.0,0.0,0.0],""box_linear_velocity"":[0.0,0.0,-0.196175486],""box_mass"":1.125,""box_pose"":[0.549999952,0.0,0.132547736,0.0,0.0,0.903440475,-0.428713351],""dof_position"":[-0.146500081,0.047033239,0.02014195,0.262920737,-0.225358859,-0.010130182,-0.047928534,-0.102373175,0.029880824,0.329793364,-0.185162604,0.050720301,-0.053569175,-0.007076237,-0.002627584,-0.005689856,0.168055773,-0.014534809,1.214684606,0.089634299,0.119642653,0.050104361,-0.021879373,-0.049702097,0.004483143,1.170707464,-0.072597943,-0.015892047,0.160670519],""dof_velocity"":[-1.06295681,0.309261829,-0.794893861,1.535051942,1.180005789,-0.762237608,-0.739027977,0.309532344,-1.181495428,-1.857833743,-1.02016151,-2.361735106,2.346141338,1.007331967,-1.139690042,0.982411385,-2.125482559,0.168997973,-3.18781352,0.686328351,1.103542686,0.698949695,1.193304896,-2.565639019,-0.724904716,-3.691403389,1.241214395,-0.280072004,2.884552479],""goal"":[-3.450000048,0.0,0.398381144],""robot_root_angular_velocity"":[0.913536787,-0.784054875,-0.816255689],""robot_root_linear_velocity"":[-0.336863786,-0.083227269,-0.455429167],""robot_root_pose"":[2.289810419,-0.001951809,0.791970372,-0.021170784,-0.003340038,0.999766767,0.002667581]}",PI policy,False,3|smooth_hold|+box_y|0.1|1.0,136,0,91739,,,0,0,0.0,,,,,,,,,,,,,
pi,T0183,legged_gym/logs/Jul09_from_55500/model_73500.pt,3,smooth_hold,+box_y,0.1,2.0,0.1,0.15,0.15,1.125,1.1036250591278076,2.372793889996964,0,,1,0.9101312756538392,0.0348977223038673,-0.017904445528984,0,0,0.1219198331236839,65b3ca3da3b4fed74742e7742f51b170991cddfd,"{""box_angular_velocity"":[0.065279528,-0.104388289,0.200538158],""box_linear_velocity"":[-0.069472283,-0.000226536,-0.22056815],""box_mass"":1.125,""box_pose"":[0.548742473,-7.224e-06,0.132107496,-0.001243512,-6.7276e-05,0.902691185,-0.430287242],""dof_position"":[-0.146603137,0.04708875,0.020172426,0.262992918,-0.225283712,-0.010112701,-0.048153121,-0.102354668,0.029902428,0.329790801,-0.184990674,0.050723657,-0.053271219,-0.007040003,-0.002366869,-0.005494651,0.168986946,-0.0144693,1.214278221,0.08953993,0.119314954,0.049172137,-0.021819763,-0.049903084,0.004483589,1.170749784,-0.072441757,-0.01618439,0.160966918],""dof_velocity"":[-1.078764796,0.308028311,-0.807543457,1.536746025,1.188231468,-0.760668933,-0.752220392,0.307109207,-1.195692539,-1.864546061,-1.014771104,-2.360440254,2.349422455,1.012826443,-1.137371182,0.980682552,-2.086542368,0.180660978,-3.168968678,0.689441264,1.063561678,0.671994805,1.199653268,-2.57417655,-0.728176475,-3.691345215,1.243476152,-0.288155288,2.902099133],""goal"":[-3.450000048,0.0,0.398381144],""robot_root_angular_velocity"":[0.916179955,-0.789809227,-0.817331254],""robot_root_linear_velocity"":[-0.33236441,-0.083713122,-0.453683585],""robot_root_pose"":[2.289895773,-0.001958316,0.792001009,-0.021157146,-0.003355936,0.999766588,0.002782664]}",PI policy,True,3|smooth_hold|+box_y|0.1|2.0,2540,1,91774,92194.0,420.0,460,860,2.372793889996964,1.1036250591278076,0.8383720930232558,1.0,0.9839285612106324,0.36316205390490763,1.649633526802063,3.914658784866333,7.376857477257591,95.16497802734376,0.24223303943718472,1.0,10.503956398939671,0.14174837424984296
pi,T0184,legged_gym/logs/Jul09_from_55500/model_73500.pt,3,smooth_hold,+box_y,0.3,0.5,0.1,0.15,0.15,1.125,3.310875,0.0,1,head_low,0,,,,0,0,4.001983165740967,6063eb4bee35c6ab9a7122e9799cb972eb2d29f0,"{""box_angular_velocity"":[0.306737304,-0.505311489,0.090838656],""box_linear_velocity"":[-0.02803505,0.000372543,-0.203159124],""box_mass"":1.125,""box_pose"":[0.549463093,2.032e-06,0.132416978,-0.005777178,-0.000333433,0.903135121,-0.429317474],""dof_position"":[-0.146462515,0.0470406,0.020181654,0.262957245,-0.22538124,-0.01012443,-0.048023291,-0.102400377,0.029918609,0.329791814,-0.185073793,0.050715532,-0.053326067,-0.007086473,-0.002532525,-0.00556279,0.168537647,-0.014495435,1.21450901,0.08959578,0.119476818,0.049609344,-0.021864321,-0.049839094,0.004501618,1.170925975,-0.072473608,-0.016138412,0.160927892],""dof_velocity"":[-1.068979263,0.306996018,-0.805509448,1.538464189,1.181891918,-0.761455417,-0.743417263,0.306213498,-1.192753553,-1.863094449,-1.017135262,-2.361264706,2.348116398,1.009788871,-1.141140461,0.98349911,-2.105444908,0.17509459,-3.177256584,0.687660515,1.083833218,0.684578836,1.199136496,-2.570422888,-0.727586389,-3.691994905,1.240549207,-0.279668689,2.899298429],""goal"":[-3.450000048,0.0,0.398381144],""robot_root_angular_velocity"":[0.913401604,-0.786642015,-0.817531347],""robot_root_linear_velocity"":[-0.335627407,-0.083081454,-0.455142707],""robot_root_pose"":[2.289838791,-0.001946005,0.791975677,-0.021153862,-0.003326379,0.999766827,0.002771032]}",PI policy,False,3|smooth_hold|+box_y|0.3|0.5,88,0,92410,,,0,0,0.0,,,,,,,,,,,,,
pi,T0185,legged_gym/logs/Jul09_from_55500/model_73500.pt,3,smooth_hold,+box_y,0.3,1.0,0.1,0.15,0.15,1.125,3.310875177383423,3.807506491865329,0,,1,0.6048078536987305,-0.7548748254776001,-0.468084305524826,1,0,0.2261071801185608,08683ad6a6e961feb1870a8316f046467fd2ca9e,"{""box_angular_velocity"":[0.065279126,-0.104388788,0.200538561],""box_linear_velocity"":[-0.069472283,-0.000226534,-0.22056818],""box_mass"":1.125,""box_pose"":[0.548742473,-7.224e-06,0.132107496,-0.001243513,-6.7271e-05,0.902691185,-0.430287242],""dof_position"":[-0.146603256,0.047088768,0.020172456,0.262992918,-0.225283682,-0.010112696,-0.048153348,-0.102354616,0.029902456,0.32979086,-0.184990689,0.050723657,-0.053271182,-0.007039969,-0.00236696,-0.005494645,0.168986917,-0.014469292,1.214278221,0.089539923,0.119314946,0.049172133,-0.021819778,-0.049903128,0.004483583,1.170749784,-0.072441809,-0.016184388,0.160966754],""dof_velocity"":[-1.078793645,0.308034033,-0.807537436,1.536747217,1.188233495,-0.760668635,-0.752267659,0.307114124,-1.195684314,-1.864522338,-1.014770865,-2.360440254,2.349431753,1.012835264,-1.137398124,0.980687082,-2.086545944,0.180661052,-3.168969631,0.689440548,1.063560724,0.671994627,1.19965291,-2.574180365,-0.728175282,-3.691339731,1.243472695,-0.28815642,2.902073145],""goal"":[-3.450000048,0.0,0.398381144],""robot_root_angular_velocity"":[0.916183531,-0.789834678,-0.817341506],""robot_root_linear_velocity"":[-0.332362145,-0.083713323,-0.453683555],""robot_root_pose"":[2.289896011,-0.001958343,0.792001128,-0.021157254,-0.003356033,0.999766648,0.002782773]}",PI policy,True,3|smooth_hold|+box_y|0.3|1.0,2668,1,92433,92935.0,502.0,260,660,3.807506491865329,3.310875177383423,0.9878787878787879,1.0,0.6048078536987305,0.20618020104470128,1.347176432609558,3.1165783405303955,-3.427294177364445,26.83439064025879,0.1181596460808633,0.9940367341041564,5.843244677172466,0.10286537191188302
pi,T0186,legged_gym/logs/Jul09_from_55500/model_73500.pt,3,smooth_hold,+box_y,0.3,2.0,0.1,0.15,0.15,1.125,3.310875,0.0,1,head_low,0,,,,0,0,4.005701541900635,5ec3cc1c08c175202f0c9fb066ccac940b6f4b4b,"{""box_angular_velocity"":[0.334893227,-0.475361675,0.08548402],""box_linear_velocity"":[-0.031139657,0.000132813,-0.204561636],""box_mass"":1.125,""box_pose"":[0.549403012,-1.439e-06,0.132390112,-0.005654351,-0.000696202,0.903139591,-0.4293091],""dof_position"":[-0.146540016,0.047060803,0.020172626,0.262970179,-0.225338012,-0.010125845,-0.048097361,-0.102378592,0.029910959,0.329804987,-0.185036376,0.050713886,-0.0533248,-0.007067719,-0.002479121,-0.005616159,0.168542683,-0.014492282,1.214470625,0.089587539,0.119490527,0.04960512,-0.021836383,-0.04988895,0.004512223,1.170946121,-0.072469257,-0.016389225,0.161100566],""dof_velocity"":[-1.071274638,0.307181627,-0.805436492,1.536376715,1.184374213,-0.761374056,-0.7457425,0.306332916,-1.19312644,-1.864747524,-1.015330076,-2.361096859,2.347635746,1.009501696,-1.139194489,0.983058095,-2.104822874,0.175248504,-3.180455685,0.687125564,1.084038138,0.684523463,1.201233268,-2.571042538,-0.728130639,-3.693518162,1.239089489,-0.286431134,2.905748606],""goal"":[-3.450000048,0.0,0.398381144],""robot_root_angular_velocity"":[0.913304389,-0.787348151,-0.817275047],""robot_root_linear_velocity"":[-0.33461538,-0.082902484,-0.455043375],""robot_root_pose"":[2.289859772,-0.001943909,0.791977525,-0.021162629,-0.003333824,0.999766648,0.002768004]}",PI policy,False,3|smooth_hold|+box_y|0.3|2.0,108,0,93101,,,0,0,0.0,,,,,,,,,,,,,
pi,T0187,legged_gym/logs/Jul09_from_55500/model_73500.pt,3,smooth_hold,+box_y,0.5,0.5,0.1,0.15,0.15,1.125,5.518125057220459,3.5867813303633564,0,,1,0.6110419034957886,1.3893640041351318,1.8030712604522705,1,0,0.3933217227458954,65b3ca3da3b4fed74742e7742f51b170991cddfd,"{""box_angular_velocity"":[0.065279528,-0.104388289,0.200538158],""box_linear_velocity"":[-0.069472283,-0.000226536,-0.22056815],""box_mass"":1.125,""box_pose"":[0.548742473,-7.224e-06,0.132107496,-0.001243512,-6.7276e-05,0.902691185,-0.430287242],""dof_position"":[-0.146603137,0.04708875,0.020172426,0.262992918,-0.225283712,-0.010112701,-0.048153121,-0.102354668,0.029902428,0.329790801,-0.184990674,0.050723657,-0.053271219,-0.007040003,-0.002366869,-0.005494651,0.168986946,-0.0144693,1.214278221,0.08953993,0.119314954,0.049172137,-0.021819763,-0.049903084,0.004483589,1.170749784,-0.072441757,-0.01618439,0.160966918],""dof_velocity"":[-1.078764796,0.308028311,-0.807543457,1.536746025,1.188231468,-0.760668933,-0.752220392,0.307109207,-1.195692539,-1.864546061,-1.014771104,-2.360440254,2.349422455,1.012826443,-1.137371182,0.980682552,-2.086542368,0.180660978,-3.168968678,0.689441264,1.063561678,0.671994805,1.199653268,-2.57417655,-0.728176475,-3.691345215,1.243476152,-0.288155288,2.902099133],""goal"":[-3.450000048,0.0,0.398381144],""robot_root_angular_velocity"":[0.916179955,-0.789809227,-0.817331254],""robot_root_linear_velocity"":[-0.33236441,-0.083713122,-0.453683585],""robot_root_pose"":[2.289895773,-0.001958316,0.792001009,-0.021157146,-0.003355936,0.999766588,0.002782664]}",PI policy,True,3|smooth_hold|+box_y|0.5|0.5,2332,1,93129,93572.0,443.0,160,560,3.5867813303633564,5.518125057220459,0.9910714285714286,1.0,0.7273890376091003,0.2759362820203283,1.714830994606018,2.9751501083374023,-1.1939827686840934,11.346044540405272,0.22336160826692192,0.8470463752746582,4.349147260455148,0.07335119492555085
pi,T0188,legged_gym/logs/Jul09_from_55500/model_73500.pt,3,smooth_hold,+box_y,0.5,1.0,0.1,0.15,0.15,1.125,5.518125,0.0,1,head_low,0,,,,0,0,4.0075225830078125,fbde31fac62eabf9961acb3f5fb1786ef67125e6,"{""box_angular_velocity"":[-0.139331639,-0.37852028,-0.079102553],""box_linear_velocity"":[-0.058103316,-0.0035667,-0.214717388],""box_mass"":1.125,""box_pose"":[0.5489375,-6.6589e-05,0.132213369,-0.002908008,0.002744509,0.903790355,-0.42795676],""dof_position"":[-0.14683716,0.04749798,0.020259181,0.263064653,-0.225206807,-0.010122061,-0.048479758,-0.102062538,0.029894229,0.329812527,-0.18494308,0.050733443,-0.053044599,-0.00662593,-0.002419679,-0.005687676,0.168469802,-0.014464303,1.214405894,0.08947476,0.119456984,0.049623951,-0.021965744,-0.050039928,0.0044848,1.170885324,-0.072562434,-0.016791478,0.161349908],""dof_velocity"":[-1.067249179,0.304668993,-0.821421027,1.527353406,1.19989574,-0.756556809,-0.731493235,0.300557196,-1.213076472,-1.877942085,-1.020855904,-2.356772184,2.337205648,1.00952208,-1.12210989,0.984041154,-2.099248648,0.175455853,-3.188122034,0.67668277,1.082968831,0.685066879,1.20742321,-2.582432747,-0.724932551,-3.697014809,1.233937263,-0.319793344,2.912580967],""goal"":[-3.450000048,0.0,0.398381144],""robot_root_angular_velocity"":[0.916897833,-0.779791892,-0.816972792],""robot_root_linear_velocity"":[-0.333832026,-0.083054945,-0.456148744],""robot_root_pose"":[2.28989768,-0.001971984,0.791957319,-0.021244256,-0.003510261,0.999763727,0.002963145]}",PI policy,False,3|smooth_hold|+box_y|0.5|1.0,128,0,93713,,,0,0,0.0,,,,,,,,,,,,,
pi,T0189,legged_gym/logs/Jul09_from_55500/model_73500.pt,3,smooth_hold,+box_y,0.5,2.0,0.1,0.15,0.15,1.125,5.518125057220459,11.863968931126744,0,,1,0.5652798414230347,-0.4668864011764526,-0.0859989821910858,1,0,0.3781328201293945,65b3ca3da3b4fed74742e7742f51b170991cddfd,"{""box_angular_velocity"":[0.065279528,-0.104388289,0.200538158],""box_linear_velocity"":[-0.069472283,-0.000226536,-0.22056815],""box_mass"":1.125,""box_pose"":[0.548742473,-7.224e-06,0.132107496,-0.001243512,-6.7276e-05,0.902691185,-0.430287242],""dof_position"":[-0.146603137,0.04708875,0.020172426,0.262992918,-0.225283712,-0.010112701,-0.048153121,-0.102354668,0.029902428,0.329790801,-0.184990674,0.050723657,-0.053271219,-0.007040003,-0.002366869,-0.005494651,0.168986946,-0.0144693,1.214278221,0.08953993,0.119314954,0.049172137,-0.021819763,-0.049903084,0.004483589,1.170749784,-0.072441757,-0.01618439,0.160966918],""dof_velocity"":[-1.078764796,0.308028311,-0.807543457,1.536746025,1.188231468,-0.760668933,-0.752220392,0.307109207,-1.195692539,-1.864546061,-1.014771104,-2.360440254,2.349422455,1.012826443,-1.137371182,0.980682552,-2.086542368,0.180660978,-3.168968678,0.689441264,1.063561678,0.671994805,1.199653268,-2.57417655,-0.728176475,-3.691345215,1.243476152,-0.288155288,2.902099133],""goal"":[-3.450000048,0.0,0.398381144],""robot_root_angular_velocity"":[0.916179955,-0.789809227,-0.817331254],""robot_root_linear_velocity"":[-0.33236441,-0.083713122,-0.453683585],""robot_root_pose"":[2.289895773,-0.001958316,0.792001009,-0.021157146,-0.003355936,0.999766588,0.002782664]}",PI policy,True,3|smooth_hold|+box_y|0.5|2.0,2556,1,93746,94170.0,424.0,460,860,11.863968931126744,5.518125057220459,0.9988372093023256,1.0,0.574933648109436,0.22552529612426148,1.5787763595581057,2.9364304542541504,-4.252463835392819,9.517294883728027,0.23002265319877932,0.860288143157959,9.532625678389572,0.1846752107021572
pi,T0190,legged_gym/logs/Jul09_from_55500/model_73500.pt,3,smooth_hold,+box_y,0.7,0.5,0.1,0.15,0.15,1.125,7.725375,0.0,1,head_low,0,,,,0,0,4.000178813934326,f3fe29a15be554a412fe47e499498c900dfd9dd2,"{""box_angular_velocity"":[0.254751891,-0.498695612,0.054852415],""box_linear_velocity"":[-0.025925897,-0.000994109,-0.201167375],""box_mass"":1.125,""box_pose"":[0.54948777,-2.2894e-05,0.132447556,-0.005581287,4.5988e-05,0.90328908,-0.428996176],""dof_position"":[-0.146479875,0.047049817,0.020190628,0.262972951,-0.225390807,-0.01011323,-0.04813024,-0.1024023,0.029934494,0.329831153,-0.185024053,0.050720233,-0.053286981,-0.00704216,-0.002439125,-0.005654266,0.168258935,-0.014512851,1.214496732,0.089566208,0.119551025,0.049877085,-0.021986226,-0.049947169,0.004553452,1.171059251,-0.07239224,-0.016176561,0.161220357],""dof_velocity"":[-1.074601054,0.305328399,-0.807029009,1.536702275,1.183987856,-0.761913657,-0.751836777,0.303631991,-1.195175886,-1.866590977,-1.012561798,-2.361677408,2.34786129,1.009336948,-1.145540595,0.986121774,-2.116508722,0.172496587,-3.183440208,0.68544662,1.088675976,0.69237709,1.201128125,-2.571705103,-0.731651843,-3.695639133,1.234556317,-0.273689955,2.914829016],""goal"":[-3.450000048,0.0,0.398381144],""robot_root_angular_velocity"":[0.9128564,-0.79247117,-0.820559263],""robot_root_linear_velocity"":[-0.334986478,-0.083459273,-0.455168366],""robot_root_pose"":[2.289855242,-0.001959034,0.791977286,-0.021157021,-0.003337561,0.999766648,0.002815517]}",PI policy,False,3|smooth_hold|+box_y|0.7|0.5,140,0,94386,,,0,0,0.0,,,,,,,,,,,,,
pi,T0191,legged_gym/logs/Jul09_from_55500/model_73500.pt,3,smooth_hold,+box_y,0.7,1.0,0.1,0.15,0.15,1.125,7.725375175476074,8.884182062945033,0,,0,0.4119199514389038,0.6329531073570251,0.9790895581245422,1,0,0.3009521663188934,65b3ca3da3b4fed74742e7742f51b170991cddfd,"{""box_angular_velocity"":[0.065279528,-0.104388289,0.200538158],""box_linear_velocity"":[-0.069472283,-0.000226536,-0.22056815],""box_mass"":1.125,""box_pose"":[0.548742473,-7.224e-06,0.132107496,-0.001243512,-6.7276e-05,0.902691185,-0.430287242],""dof_position"":[-0.146603137,0.04708875,0.020172426,0.262992918,-0.225283712,-0.010112701,-0.048153121,-0.102354668,0.029902428,0.329790801,-0.184990674,0.050723657,-0.053271219,-0.007040003,-0.002366869,-0.005494651,0.168986946,-0.0144693,1.214278221,0.08953993,0.119314954,0.049172137,-0.021819763,-0.049903084,0.004483589,1.170749784,-0.072441757,-0.01618439,0.160966918],""dof_velocity"":[-1.078764796,0.308028311,-0.807543457,1.536746025,1.188231468,-0.760668933,-0.752220392,0.307109207,-1.195692539,-1.864546061,-1.014771104,-2.360440254,2.349422455,1.012826443,-1.137371182,0.980682552,-2.086542368,0.180660978,-3.168968678,0.689441264,1.063561678,0.671994805,1.199653268,-2.57417655,-0.728176475,-3.691345215,1.243476152,-0.288155288,2.902099133],""goal"":[-3.450000048,0.0,0.398381144],""robot_root_angular_velocity"":[0.916179955,-0.789809227,-0.817331254],""robot_root_linear_velocity"":[-0.33236441,-0.083713122,-0.453683585],""robot_root_pose"":[2.289895773,-0.001958316,0.792001009,-0.021157146,-0.003355936,0.999766588,0.002782664]}",PI policy,True,3|smooth_hold|+box_y|0.7|1.0,2424,1,94422,94863.0,441.0,260,660,8.884182062945033,7.725375652313232,1.0,0.0,0.4246095716953277,0.2242393180953734,1.54277765750885,2.636491537094116,-5.720130619451855e-05,7.938918113708496,0.10030272271837788,0.7941891551017761,4.123921419736562,0.06789757271831007
pi,T0192,legged_gym/logs/Jul09_from_55500/model_73500.pt,3,smooth_hold,+box_y,0.7,2.0,0.1,0.15,0.15,1.125,7.725375,0.0,1,head_low|base_tilt,0,,,,0,0,4.000071048736572,8132606bf2cf8dadbe336f40d966a90c2aebff9b,"{""box_angular_velocity"":[-0.207902163,-0.112192228,-0.103090599],""box_linear_velocity"":[-0.065122783,-0.001195751,-0.22002849],""box_mass"":1.125,""box_pose"":[0.548815429,-2.202e-05,0.132115796,-0.000268685,0.002134373,0.903801441,-0.427946687],""dof_position"":[-0.147021487,0.047222704,0.020107508,0.263060212,-0.225008011,-0.010124505,-0.048280314,-0.102183945,0.029835572,0.32977578,-0.184959218,0.05072704,-0.053427,-0.006926523,-0.002382974,-0.005644072,0.169029072,-0.014482973,1.214282155,0.089567907,0.119340926,0.049138974,-0.021853831,-0.049931545,0.004464016,1.170662642,-0.072444841,-0.016177425,0.161239699],""dof_velocity"":[-1.076929331,0.314016104,-0.79819411,1.524342299,1.202490211,-0.760066152,-0.746013284,0.313895464,-1.187721133,-1.863462806,-1.016777277,-2.359185457,2.351482868,1.0119735,-1.121023417,0.973305047,-2.082583189,0.180091351,-3.17935586,0.691751957,1.070602894,0.66998136,1.195278168,-2.574086666,-0.726295888,-3.695040703,1.248553276,-0.290187865,2.910633802],""goal"":[-3.450000048,0.0,0.398381144],""robot_root_angular_velocity"":[0.919135809,-0.782961071,-0.813341558],""robot_root_linear_velocity"":[-0.331133693,-0.083217569,-0.4536919],""robot_root_pose"":[2.289921522,-0.001957621,0.791998804,-0.021224696,-0.003421876,0.999765337,0.002664625]}",PI policy,False,3|smooth_hold|+box_y|0.7|2.0,84,0,95029,,,0,0,0.0,,,,,,,,,,,,,
pi,T0193,legged_gym/logs/Jul09_from_55500/model_73500.pt,3,smooth_hold,+box_y,0.9,0.5,0.1,0.15,0.15,1.125,9.932625,0.0,1,other,0,,,,0,0,4.005467414855957,64d8e8edc05796a90862edd52c7a73f3ec6326c7,"{""box_angular_velocity"":[0.065279171,-0.104388684,0.200538635],""box_linear_velocity"":[-0.069472283,-0.000226533,-0.220568165],""box_mass"":1.125,""box_pose"":[0.548742473,-7.224e-06,0.132107496,-0.001243512,-6.7272e-05,0.902691185,-0.430287242],""dof_position"":[-0.146603182,0.047088742,0.020172425,0.262992918,-0.225283727,-0.0101127,-0.048153184,-0.102354631,0.029902432,0.329790831,-0.184990674,0.050723657,-0.053271212,-0.007039983,-0.002366891,-0.005494673,0.168986902,-0.014469299,1.21427834,0.089539923,0.119314909,0.049172137,-0.021819782,-0.049903166,0.004483566,1.170749784,-0.072441794,-0.016184378,0.160966709],""dof_velocity"":[-1.078775167,0.308028221,-0.807542443,1.536747456,1.188233256,-0.760668576,-0.75223583,0.307109356,-1.195689559,-1.864537835,-1.014772415,-2.360440254,2.349423885,1.012829304,-1.137381077,0.980682194,-2.086544037,0.18066074,-3.168963432,0.689440906,1.063557625,0.671995103,1.199653625,-2.574185371,-0.728179216,-3.691343546,1.243471861,-0.288154811,2.902075291],""goal"":[-3.450000048,0.0,0.398381144],""robot_root_angular_velocity"":[0.916180313,-0.789817691,-0.817332268],""robot_root_linear_velocity"":[-0.332363278,-0.083713531,-0.453683645],""robot_root_pose"":[2.289896488,-0.001958316,0.792001069,-0.021157151,-0.003355931,0.999766588,0.002782659]}",PI policy,False,3|smooth_hold|+box_y|0.9|0.5,364,0,95051,,,0,0,0.0,,,,,,,,,,,,,
pi,T0194,legged_gym/logs/Jul09_from_55500/model_73500.pt,3,smooth_hold,+box_y,0.9,1.0,0.1,0.15,0.15,1.125,9.932624816894531,11.42251863704719,0,,1,0.8504931330680847,0.4904032051563263,0.7772148847579956,1,0,0.6769665479660034,65b3ca3da3b4fed74742e7742f51b170991cddfd,"{""box_angular_velocity"":[0.065279528,-0.104388289,0.200538158],""box_linear_velocity"":[-0.069472283,-0.000226536,-0.22056815],""box_mass"":1.125,""box_pose"":[0.548742473,-7.224e-06,0.132107496,-0.001243512,-6.7276e-05,0.902691185,-0.430287242],""dof_position"":[-0.146603137,0.04708875,0.020172426,0.262992918,-0.225283712,-0.010112701,-0.048153121,-0.102354668,0.029902428,0.329790801,-0.184990674,0.050723657,-0.053271219,-0.007040003,-0.002366869,-0.005494651,0.168986946,-0.0144693,1.214278221,0.08953993,0.119314954,0.049172137,-0.021819763,-0.049903084,0.004483589,1.170749784,-0.072441757,-0.01618439,0.160966918],""dof_velocity"":[-1.078764796,0.308028311,-0.807543457,1.536746025,1.188231468,-0.760668933,-0.752220392,0.307109207,-1.195692539,-1.864546061,-1.014771104,-2.360440254,2.349422455,1.012826443,-1.137371182,0.980682552,-2.086542368,0.180660978,-3.168968678,0.689441264,1.063561678,0.671994805,1.199653268,-2.57417655,-0.728176475,-3.691345215,1.243476152,-0.288155288,2.902099133],""goal"":[-3.450000048,0.0,0.398381144],""robot_root_angular_velocity"":[0.916179955,-0.789809227,-0.817331254],""robot_root_linear_velocity"":[-0.33236441,-0.083713122,-0.453683585],""robot_root_pose"":[2.289895773,-0.001958316,0.792001009,-0.021157146,-0.003355936,0.999766588,0.002782664]}",PI policy,True,3|smooth_hold|+box_y|0.9|1.0,2360,1,95143,95568.0,425.0,260,660,11.42251863704719,9.932624816894531,0.9939393939393939,1.0,0.8950034976005554,0.31419705860316754,1.752126932144165,6.629482746124268,-5.740146157043902,55.66292572021485,0.21193565065640899,0.9613401889801024,9.784010296563308,0.15102663919203813
pi,T0195,legged_gym/logs/Jul09_from_55500/model_73500.pt,3,smooth_hold,+box_y,0.9,2.0,0.1,0.15,0.15,1.125,9.932625,0.0,1,head_low,0,,,,0,0,4.000178813934326,6b89606179df5990f9605bcfe5700cdcc71afaa0,"{""box_angular_velocity"":[0.232894838,-0.490072668,0.027747862],""box_linear_velocity"":[-0.022878386,-0.000961342,-0.200227991],""box_mass"":1.125,""box_pose"":[0.549546599,-2.2078e-05,0.132466108,-0.005421975,0.000201611,0.90337491,-0.428817362],""dof_position"":[-0.146483272,0.046863671,0.020226516,0.262992084,-0.225391492,-0.010102451,-0.048121694,-0.102604464,0.029960742,0.329805225,-0.184995532,0.050730925,-0.05326898,-0.007136694,-0.002393987,-0.005680411,0.168263078,-0.014510834,1.214467764,0.089560501,0.119553693,0.049838759,-0.022013724,-0.049865197,0.004570088,1.171080828,-0.072399288,-0.016041843,0.161024854],""dof_velocity"":[-1.06872201,0.299088567,-0.808164239,1.537115097,1.183727264,-0.763740003,-0.740834117,0.297073215,-1.196649671,-1.875111461,-1.009255648,-2.3637321,2.346495867,1.009149075,-1.135966539,0.983727276,-2.117980242,0.172298178,-3.184612989,0.684768856,1.088175178,0.691213489,1.199406028,-2.569005728,-0.73083359,-3.695946693,1.234081507,-0.266822278,2.908690453],""goal"":[-3.450000048,0.0,0.398381144],""robot_root_angular_velocity"":[0.909503043,-0.785747945,-0.818455696],""robot_root_linear_velocity"":[-0.334808528,-0.084735028,-0.456385344],""robot_root_pose"":[2.289867163,-0.00197397,0.791954339,-0.021147463,-0.003272397,0.999767005,0.002820163]}",PI policy,False,3|smooth_hold|+box_y|0.9|2.0,140,0,95734,,,0,0,0.0,,,,,,,,,,,,,
pi,T0196,legged_gym/logs/Jul09_from_55500/model_73500.pt,3,smooth_hold,+box_y,1.1,0.5,0.1,0.15,0.15,1.125,12.13987636566162,7.890919687657544,0,,1,0.5772784352302551,1.5904462337493896,1.9873285293579104,1,0,0.2918868660926819,65b3ca3da3b4fed74742e7742f51b170991cddfd,"{""box_angular_velocity"":[0.065279528,-0.104388289,0.200538158],""box_linear_velocity"":[-0.069472283,-0.000226536,-0.22056815],""box_mass"":1.125,""box_pose"":[0.548742473,-7.224e-06,0.132107496,-0.001243512,-6.7276e-05,0.902691185,-0.430287242],""dof_position"":[-0.146603137,0.04708875,0.020172426,0.262992918,-0.225283712,-0.010112701,-0.048153121,-0.102354668,0.029902428,0.329790801,-0.184990674,0.050723657,-0.053271219,-0.007040003,-0.002366869,-0.005494651,0.168986946,-0.0144693,1.214278221,0.08953993,0.119314954,0.049172137,-0.021819763,-0.049903084,0.004483589,1.170749784,-0.072441757,-0.01618439,0.160966918],""dof_velocity"":[-1.078764796,0.308028311,-0.807543457,1.536746025,1.188231468,-0.760668933,-0.752220392,0.307109207,-1.195692539,-1.864546061,-1.014771104,-2.360440254,2.349422455,1.012826443,-1.137371182,0.980682552,-2.086542368,0.180660978,-3.168968678,0.689441264,1.063561678,0.671994805,1.199653268,-2.57417655,-0.728176475,-3.691345215,1.243476152,-0.288155288,2.902099133],""goal"":[-3.450000048,0.0,0.398381144],""robot_root_angular_velocity"":[0.916179955,-0.789809227,-0.817331254],""robot_root_linear_velocity"":[-0.33236441,-0.083713122,-0.453683585],""robot_root_pose"":[2.289895773,-0.001958316,0.792001009,-0.021157146,-0.003355936,0.999766588,0.002782664]}",PI policy,True,3|smooth_hold|+box_y|1.1|0.5,2388,1,95770,96227.0,457.0,160,560,7.890919687657544,12.13987636566162,0.9946428571428572,1.0,0.6028429269790649,0.24772112001664937,1.698163628578186,3.3907833099365234,-1.282443253459808,14.565958023071287,0.17893658275882315,0.9912816286087036,8.561843169986137,0.12541086630940618
pi,T0197,legged_gym/logs/Jul09_from_55500/model_73500.pt,3,smooth_hold,+box_y,1.1,1.0,0.1,0.15,0.15,1.125,12.139875000000002,0.0,1,head_low|base_tilt,0,,,,0,0,4.000071048736572,2fcaecd3aeb1074d4c7fba14e20c5a0dc27a23dd,"{""box_angular_velocity"":[0.123502493,0.145318106,0.02604335],""box_linear_velocity"":[-0.083260886,-0.000902773,-0.228030592],""box_mass"":1.125,""box_pose"":[0.548497438,-1.7155e-05,0.13197349,0.000670786,-0.001554077,0.903341532,-0.428918481],""dof_position"":[-0.146893069,0.047271941,0.020175437,0.263060838,-0.225122303,-0.01011013,-0.048548706,-0.102206416,0.029832553,0.32998243,-0.184843421,0.050739259,-0.053190555,-0.006668115,-0.002022301,-0.005732427,0.168609664,-0.014519551,1.214079857,0.089509837,0.119368024,0.049408749,-0.021998974,-0.050028861,0.004527927,1.170493007,-0.072386622,-0.017025851,0.161242068],""dof_velocity"":[-1.093978047,0.299020499,-0.81511569,1.525826335,1.203140855,-0.758839905,-0.759693384,0.298666626,-1.206947565,-1.880974412,-1.003115177,-2.358676434,2.335907221,1.014272094,-1.138509631,0.985506237,-2.097249746,0.178278506,-3.181129694,0.689419806,1.061588645,0.67672807,1.215036988,-2.584294081,-0.734033585,-3.705605745,1.230400085,-0.340865195,2.905431509],""goal"":[-3.450000048,0.0,0.398381144],""robot_root_angular_velocity"":[0.91391176,-0.79821372,-0.804759562],""robot_root_linear_velocity"":[-0.329396993,-0.084542356,-0.452358305],""robot_root_pose"":[2.289990664,-0.001989577,0.792027593,-0.021187812,-0.003459602,0.999765575,0.002801178]}",PI policy,False,3|smooth_hold|+box_y|1.1|1.0,84,0,96368,,,0,0,0.0,,,,,,,,,,,,,
pi,T0198,legged_gym/logs/Jul09_from_55500/model_73500.pt,3,smooth_hold,+box_y,1.1,2.0,0.1,0.15,0.15,1.125,12.13987636566162,26.10073625526607,0,,1,3.473618745803833,2.1220242977142334,0.1985766589641571,0,0,1.8662142753601076,5ca6274ea37efd35f3061ce9a5f47812389490ee,"{""box_angular_velocity"":[0.065279193,-0.104388528,0.20053862],""box_linear_velocity"":[-0.069472283,-0.000226533,-0.22056815],""box_mass"":1.125,""box_pose"":[0.548742473,-7.224e-06,0.132107496,-0.001243511,-6.7273e-05,0.902691185,-0.430287242],""dof_position"":[-0.146603271,0.047088791,0.02017246,0.262992918,-0.225283667,-0.010112694,-0.048153408,-0.102354594,0.029902468,0.32979089,-0.184990689,0.050723657,-0.053271163,-0.007039915,-0.00236697,-0.005494651,0.168986902,-0.014469295,1.214278221,0.089539923,0.119314946,0.049172129,-0.021819798,-0.049903192,0.004483568,1.170749784,-0.072441816,-0.016184373,0.160966516],""dof_velocity"":[-1.078798771,0.308033019,-0.807537735,1.53674686,1.188234091,-0.760668337,-0.752274513,0.307113439,-1.195683956,-1.864520431,-1.014769793,-2.360440016,2.349431992,1.012835979,-1.137402892,0.980688691,-2.086546659,0.180660903,-3.168970108,0.689440072,1.063561797,0.671994269,1.199654579,-2.574185371,-0.728175461,-3.691340446,1.243471742,-0.288152754,2.902060032],""goal"":[-3.450000048,0.0,0.398381144],""robot_root_angular_velocity"":[0.916183114,-0.789839089,-0.817342162],""robot_root_linear_velocity"":[-0.332361728,-0.083713673,-0.453683525],""robot_root_pose"":[2.289896011,-0.001958336,0.792001128,-0.021157254,-0.00335604,0.999766648,0.002782776]}",PI policy,True,3|smooth_hold|+box_y|1.1|2.0,2196,1,96390,96724.0,334.0,460,860,26.10073625526607,12.139877319335938,0.43023255813953487,1.0,3.748685121536255,0.8246679246988754,3.579695224761963,10.967636108398438,1.0235786525313308,35.63627243041992,0.40870803176292736,1.0,1.928209746116637,0.06444750585395773
pi,T0199,legged_gym/logs/Jul09_from_55500/model_73500.pt,3,smooth_hold,-box_y,0.1,0.5,0.1,0.15,0.15,1.125,1.103625,0.0,1,base_tilt,0,,,,0,0,4.005268573760986,dc78cde5201580f1dca413cb4ac51b0e7d2de0e9,"{""box_angular_velocity"":[0.066666171,-0.102560736,0.199408129],""box_linear_velocity"":[-0.069272347,-0.000254348,-0.220515922],""box_mass"":1.125,""box_pose"":[0.548745811,-7.652e-06,0.132108346,-0.001233648,-8.416e-05,0.902693808,-0.430281729],""dof_position"":[-0.147011071,0.047096472,0.020166565,0.263071299,-0.225029156,-0.01012129,-0.048305344,-0.102337033,0.029880581,0.329732031,-0.184947997,0.050726306,-0.053341769,-0.007032172,-0.002411852,-0.005626708,0.169002146,-0.014470001,1.214289308,0.08955849,0.119334631,0.049162541,-0.021849735,-0.049883388,0.004448366,1.170791149,-0.072417483,-0.016179662,0.161008239],""dof_velocity"":[-1.076506972,0.309336632,-0.800542891,1.526838541,1.201575637,-0.761130869,-0.744573295,0.308502883,-1.189863801,-1.86514771,-1.018250108,-2.360494375,2.351838827,1.010408759,-1.118891716,0.973403752,-2.085029364,0.180030391,-3.179338217,0.689187169,1.070245266,0.671413004,1.19555819,-2.57326293,-0.723869145,-3.694117785,1.252123952,-0.285182595,2.902992249],""goal"":[-3.450000048,0.0,0.398381144],""robot_root_angular_velocity"":[0.915711105,-0.782285571,-0.816193223],""robot_root_linear_velocity"":[-0.331143469,-0.083579607,-0.453541905],""robot_root_pose"":[2.289917707,-0.001955903,0.792001426,-0.021233706,-0.003361761,0.999765158,0.002721325]}",PI policy,False,3|smooth_hold|-box_y|0.1|0.5,168,0,96940,,,0,0,0.0,,,,,,,,,,,,,
pi,T0200,legged_gym/logs/Jul09_from_55500/model_73500.pt,3,smooth_hold,-box_y,0.1,1.0,0.1,0.15,0.15,1.125,1.1036250591278076,1.2691688244256747,0,,1,1.7178131341934204,0.2016497701406479,0.5911186933517456,0,0,0.1953004449605941,65b3ca3da3b4fed74742e7742f51b170991cddfd,"{""box_angular_velocity"":[0.065279528,-0.104388289,0.200538158],""box_linear_velocity"":[-0.069472283,-0.000226536,-0.22056815],""box_mass"":1.125,""box_pose"":[0.548742473,-7.224e-06,0.132107496,-0.001243512,-6.7276e-05,0.902691185,-0.430287242],""dof_position"":[-0.146603137,0.04708875,0.020172426,0.262992918,-0.225283712,-0.010112701,-0.048153121,-0.102354668,0.029902428,0.329790801,-0.184990674,0.050723657,-0.053271219,-0.007040003,-0.002366869,-0.005494651,0.168986946,-0.0144693,1.214278221,0.08953993,0.119314954,0.049172137,-0.021819763,-0.049903084,0.004483589,1.170749784,-0.072441757,-0.01618439,0.160966918],""dof_velocity"":[-1.078764796,0.308028311,-0.807543457,1.536746025,1.188231468,-0.760668933,-0.752220392,0.307109207,-1.195692539,-1.864546061,-1.014771104,-2.360440254,2.349422455,1.012826443,-1.137371182,0.980682552,-2.086542368,0.180660978,-3.168968678,0.689441264,1.063561678,0.671994805,1.199653268,-2.57417655,-0.728176475,-3.691345215,1.243476152,-0.288155288,2.902099133],""goal"":[-3.450000048,0.0,0.398381144],""robot_root_angular_velocity"":[0.916179955,-0.789809227,-0.817331254],""robot_root_linear_velocity"":[-0.33236441,-0.083713122,-0.453683585],""robot_root_pose"":[2.289895773,-0.001958316,0.792001009,-0.021157146,-0.003355936,0.999766588,0.002782664]}",PI policy,True,3|smooth_hold|-box_y|0.1|1.0,2468,1,96983,97435.0,452.0,260,660,1.2691688244256747,1.1036250591278076,0.9454545454545454,1.0,1.8772927522659304,0.25019048817568657,1.7271932363510132,4.789923667907715,0.33854293743726993,4.384692192077637,0.15061145640934365,1.0,3.1900558513102375,0.0687724172528374
pi,T0201,legged_gym/logs/Jul09_from_55500/model_73500.pt,3,smooth_hold,-box_y,0.1,2.0,0.1,0.15,0.15,1.125,1.103625,0.0,1,head_low,0,,,,0,0,4.002306938171387,4f313a952ff1955a4a80fb61cd63cabf5df5a139,"{""box_angular_velocity"":[-0.102051675,-0.51169312,-0.095070302],""box_linear_velocity"":[-0.007049646,-0.002520504,-0.195991904],""box_mass"":1.125,""box_pose"":[0.549824476,-4.9039e-05,0.132540897,-0.00432142,0.00295066,0.903843343,-0.427831501],""dof_position"":[-0.146245256,0.047343921,0.020207968,0.262934208,-0.225506842,-0.010129619,-0.047898985,-0.102144077,0.029916294,0.329776168,-0.185141325,0.050715681,-0.0532692,-0.00688899,-0.002588354,-0.005428756,0.168522134,-0.014485206,1.214570165,0.089556493,0.119442962,0.049635176,-0.021799307,-0.050012462,0.004487758,1.170930743,-0.072510175,-0.016211072,0.161256969],""dof_velocity"":[-1.062044382,0.313930988,-0.811195076,1.541603088,1.177766562,-0.758076489,-0.739267886,0.310914963,-1.19888258,-1.858721614,-1.023759007,-2.358321905,2.346632719,1.011970043,-1.145856619,0.987637699,-2.102467775,0.175669894,-3.170214653,0.684664607,1.081754684,0.685148597,1.199938059,-2.57484889,-0.729700446,-3.688147068,1.237423539,-0.284050792,2.911760569],""goal"":[-3.450000048,0.0,0.398381144],""robot_root_angular_velocity"":[0.919061184,-0.784635246,-0.821669877],""robot_root_linear_velocity"":[-0.337637633,-0.082499325,-0.455542564],""robot_root_pose"":[2.289799452,-0.001951194,0.791969597,-0.021121934,-0.003431419,0.999766886,0.002846093]}",PI policy,False,3|smooth_hold|-box_y|0.1|2.0,96,0,97601,,,0,0,0.0,,,,,,,,,,,,,
pi,T0202,legged_gym/logs/Jul09_from_55500/model_73500.pt,3,smooth_hold,-box_y,0.3,0.5,0.1,0.15,0.15,1.125,3.310875,0.0,1,other,0,,,,0,0,4.006537914276123,65b3ca3da3b4fed74742e7742f51b170991cddfd,"{""box_angular_velocity"":[0.065279528,-0.104388289,0.200538158],""box_linear_velocity"":[-0.069472283,-0.000226536,-0.22056815],""box_mass"":1.125,""box_pose"":[0.548742473,-7.224e-06,0.132107496,-0.001243512,-6.7276e-05,0.902691185,-0.430287242],""dof_position"":[-0.146603137,0.04708875,0.020172426,0.262992918,-0.225283712,-0.010112701,-0.048153121,-0.102354668,0.029902428,0.329790801,-0.184990674,0.050723657,-0.053271219,-0.007040003,-0.002366869,-0.005494651,0.168986946,-0.0144693,1.214278221,0.08953993,0.119314954,0.049172137,-0.021819763,-0.049903084,0.004483589,1.170749784,-0.072441757,-0.01618439,0.160966918],""dof_velocity"":[-1.078764796,0.308028311,-0.807543457,1.536746025,1.188231468,-0.760668933,-0.752220392,0.307109207,-1.195692539,-1.864546061,-1.014771104,-2.360440254,2.349422455,1.012826443,-1.137371182,0.980682552,-2.086542368,0.180660978,-3.168968678,0.689441264,1.063561678,0.671994805,1.199653268,-2.57417655,-0.728176475,-3.691345215,1.243476152,-0.288155288,2.902099133],""goal"":[-3.450000048,0.0,0.398381144],""robot_root_angular_velocity"":[0.916179955,-0.789809227,-0.817331254],""robot_root_linear_velocity"":[-0.33236441,-0.083713122,-0.453683585],""robot_root_pose"":[2.289895773,-0.001958316,0.792001009,-0.021157146,-0.003355936,0.999766588,0.002782664]}",PI policy,False,3|smooth_hold|-box_y|0.3|0.5,496,0,97626,,,0,0,0.0,,,,,,,,,,,,,
pi,T0203,legged_gym/logs/Jul09_from_55500/model_73500.pt,3,smooth_hold,-box_y,0.3,1.0,0.1,0.15,0.15,1.125,3.310875177383423,3.8075064837255694,0,,0,0.7274534702301025,0.3654681146144867,-0.0905378013849258,1,0,0.3225554823875427,b56d8d21624d02670b5d5f46623604e00f6d69e6,"{""box_angular_velocity"":[0.06525714,-0.10434185,0.200624317],""box_linear_velocity"":[-0.069472492,-0.000225855,-0.220568582],""box_mass"":1.125,""box_pose"":[0.548742473,-7.214e-06,0.132107481,-0.001242739,-6.7208e-05,0.902690947,-0.43028748],""dof_position"":[-0.146565631,0.047087487,0.020163316,0.262995839,-0.225288525,-0.010112825,-0.048089415,-0.10235478,0.029891413,0.329763949,-0.184996694,0.050724059,-0.053281073,-0.00703922,-0.002328513,-0.00549866,0.168986455,-0.014471428,1.21427536,0.089540273,0.119317666,0.049171589,-0.021822248,-0.049903654,0.004483681,1.170745611,-0.072438017,-0.016184399,0.160960495],""dof_velocity"":[-1.071683407,0.307704866,-0.809089899,1.536610007,1.187848091,-0.76067245,-0.741146564,0.306940705,-1.197651863,-1.869506717,-1.01472795,-2.360383749,2.347860098,1.012766004,-1.129875779,0.979326367,-2.086551666,0.180544496,-3.169028997,0.689562976,1.063813925,0.671910286,1.198772073,-2.574173212,-0.728635907,-3.691686153,1.243742824,-0.288124263,2.901566029],""goal"":[-3.450000048,0.0,0.398381144],""robot_root_angular_velocity"":[0.916369855,-0.783274889,-0.815147817],""robot_root_linear_velocity"":[-0.3327775,-0.08367715,-0.453654915],""robot_root_pose"":[2.289896488,-0.001958353,0.792001426,-0.021139393,-0.003356887,0.999767005,0.002775905]}",PI policy,True,3|smooth_hold|-box_y|0.3|1.0,2300,1,97751,98161.0,410.0,260,660,3.8075064837255694,3.310875177383423,0.996969696969697,1.0,0.7274534702301025,0.2824523377316919,1.7283613681793213,3.062645196914673,3.4292935065247794,35.188385009765625,0.09945893584694149,0.6325644254684448,8.07047175886956,0.06530956200727038
pi,T0204,legged_gym/logs/Jul09_from_55500/model_73500.pt,3,smooth_hold,-box_y,0.3,2.0,0.1,0.15,0.15,1.125,3.310875,0.0,1,head_low,0,,,,0,0,4.000178813934326,f3e76e86303dfd3443c027297c9f6c4974ad650c,"{""box_angular_velocity"":[0.041238848,-0.503590822,-0.011266161],""box_linear_velocity"":[-0.046821889,-0.002717905,-0.209693313],""box_mass"":1.125,""box_pose"":[0.549134672,-5.2861e-05,0.132303044,-0.00473112,0.00177634,0.903533638,-0.42848739],""dof_position"":[-0.146370783,0.047302153,0.020229718,0.262990415,-0.225427672,-0.010132913,-0.048069838,-0.102216117,0.02991497,0.329785675,-0.18501389,0.050710239,-0.053200856,-0.006979202,-0.002350775,-0.005546828,0.168569073,-0.014464539,1.214423895,0.089505196,0.119454414,0.049644742,-0.02176493,-0.050077781,0.004547841,1.170967698,-0.072558038,-0.016725935,0.161572129],""dof_velocity"":[-1.067290425,0.311590463,-0.815792382,1.539248824,1.184366226,-0.758679748,-0.740828812,0.307388633,-1.205339074,-1.870325804,-1.015483141,-2.358937263,2.343838453,1.009542704,-1.135588646,0.985775352,-2.101325512,0.17631413,-3.17677927,0.681576192,1.078555465,0.686715364,1.204932332,-2.576436281,-0.730964184,-3.69168973,1.228639364,-0.302488625,2.928010941],""goal"":[-3.450000048,0.0,0.398381144],""robot_root_angular_velocity"":[0.917218029,-0.784313977,-0.821629703],""robot_root_linear_velocity"":[-0.334730864,-0.082124554,-0.454922408],""robot_root_pose"":[2.289863586,-0.001941155,0.791981399,-0.0211202,-0.003401939,0.999766946,0.002891575]}",PI policy,False,3|smooth_hold|-box_y|0.3|2.0,140,0,98327,,,0,0,0.0,,,,,,,,,,,,,
pi,T0205,legged_gym/logs/Jul09_from_55500/model_73500.pt,3,smooth_hold,-box_y,0.5,0.5,0.1,0.15,0.15,1.125,5.518125057220459,3.586781317696204,0,,1,0.7066200971603394,-1.2650346755981443,-1.6578993797302246,1,0,0.3141755759716034,65b3ca3da3b4fed74742e7742f51b170991cddfd,"{""box_angular_velocity"":[0.065279528,-0.104388289,0.200538158],""box_linear_velocity"":[-0.069472283,-0.000226536,-0.22056815],""box_mass"":1.125,""box_pose"":[0.548742473,-7.224e-06,0.132107496,-0.001243512,-6.7276e-05,0.902691185,-0.430287242],""dof_position"":[-0.146603137,0.04708875,0.020172426,0.262992918,-0.225283712,-0.010112701,-0.048153121,-0.102354668,0.029902428,0.329790801,-0.184990674,0.050723657,-0.053271219,-0.007040003,-0.002366869,-0.005494651,0.168986946,-0.0144693,1.214278221,0.08953993,0.119314954,0.049172137,-0.021819763,-0.049903084,0.004483589,1.170749784,-0.072441757,-0.01618439,0.160966918],""dof_velocity"":[-1.078764796,0.308028311,-0.807543457,1.536746025,1.188231468,-0.760668933,-0.752220392,0.307109207,-1.195692539,-1.864546061,-1.014771104,-2.360440254,2.349422455,1.012826443,-1.137371182,0.980682552,-2.086542368,0.180660978,-3.168968678,0.689441264,1.063561678,0.671994805,1.199653268,-2.57417655,-0.728176475,-3.691345215,1.243476152,-0.288155288,2.902099133],""goal"":[-3.450000048,0.0,0.398381144],""robot_root_angular_velocity"":[0.916179955,-0.789809227,-0.817331254],""robot_root_linear_velocity"":[-0.33236441,-0.083713122,-0.453683585],""robot_root_pose"":[2.289895773,-0.001958316,0.792001009,-0.021157146,-0.003355936,0.999766588,0.002782664]}",PI policy,True,3|smooth_hold|-box_y|0.5|0.5,2420,1,98363,98828.0,465.0,160,560,3.586781317696204,5.518125057220459,0.9964285714285714,1.0,0.7066200971603394,0.25868161357939246,1.462782859802246,3.086588859558105,0.11852615869471005,34.305442810058594,0.18096303534496525,0.9954800605773926,4.520836967575763,0.07354465648606617
pi,T0206,legged_gym/logs/Jul09_from_55500/model_73500.pt,3,smooth_hold,-box_y,0.5,1.0,0.1,0.15,0.15,1.125,5.518125,0.0,1,head_low,0,,,,0,0,4.000071048736572,a175ce23eb0a9dab48983c276c04ca5a203b47b3,"{""box_angular_velocity"":[0.027659589,0.204246581,0.09475971],""box_linear_velocity"":[-0.094892822,-6.5881e-05,-0.233436733],""box_mass"":1.125,""box_pose"":[0.548284531,-5.03e-07,0.131872445,0.001683449,-0.001076312,0.903032959,-0.429566592],""dof_position"":[-0.146920189,0.047323339,0.020156458,0.263083398,-0.225094184,-0.010103359,-0.04852923,-0.102152146,0.029811157,0.329974204,-0.184850335,0.050746866,-0.05316107,-0.006599713,-0.001964896,-0.005652826,0.16896525,-0.014501038,1.21396172,0.089496918,0.119256087,0.049028326,-0.021977391,-0.050088786,0.004511644,1.170456767,-0.072432481,-0.017135499,0.161314324],""dof_velocity"":[-1.097157955,0.300444394,-0.815583825,1.525112629,1.205786705,-0.758037627,-0.76140821,0.300196677,-1.207634926,-1.879775047,-1.004661798,-2.357812405,2.338238716,1.017244339,-1.139346123,0.98490572,-2.081893206,0.181891948,-3.17374444,0.692368805,1.048657179,0.665248513,1.216626525,-2.587720633,-0.733660996,-3.705416918,1.23016274,-0.347081393,2.907856464],""goal"":[-3.450000048,0.0,0.398381144],""robot_root_angular_velocity"":[0.915982008,-0.799114227,-0.803561926],""robot_root_linear_velocity"":[-0.328481674,-0.084812954,-0.45192045],""robot_root_pose"":[2.290008783,-0.001996772,0.792035639,-0.021175856,-0.003487933,0.999765813,0.002789553]}",PI policy,False,3|smooth_hold|-box_y|0.5|1.0,84,0,98969,,,0,0,0.0,,,,,,,,,,,,,
pi,T0207,legged_gym/logs/Jul09_from_55500/model_73500.pt,3,smooth_hold,-box_y,0.5,2.0,0.1,0.15,0.15,1.125,5.518125057220459,11.863968910394345,0,,1,2.1826062202453613,-0.6461043357849121,-0.68991619348526,0,1,0.0525880753993988,65b3ca3da3b4fed74742e7742f51b170991cddfd,"{""box_angular_velocity"":[0.065279528,-0.104388289,0.200538158],""box_linear_velocity"":[-0.069472283,-0.000226536,-0.22056815],""box_mass"":1.125,""box_pose"":[0.548742473,-7.224e-06,0.132107496,-0.001243512,-6.7276e-05,0.902691185,-0.430287242],""dof_position"":[-0.146603137,0.04708875,0.020172426,0.262992918,-0.225283712,-0.010112701,-0.048153121,-0.102354668,0.029902428,0.329790801,-0.184990674,0.050723657,-0.053271219,-0.007040003,-0.002366869,-0.005494651,0.168986946,-0.0144693,1.214278221,0.08953993,0.119314954,0.049172137,-0.021819763,-0.049903084,0.004483589,1.170749784,-0.072441757,-0.01618439,0.160966918],""dof_velocity"":[-1.078764796,0.308028311,-0.807543457,1.536746025,1.188231468,-0.760668933,-0.752220392,0.307109207,-1.195692539,-1.864546061,-1.014771104,-2.360440254,2.349422455,1.012826443,-1.137371182,0.980682552,-2.086542368,0.180660978,-3.168968678,0.689441264,1.063561678,0.671994805,1.199653268,-2.57417655,-0.728176475,-3.691345215,1.243476152,-0.288155288,2.902099133],""goal"":[-3.450000048,0.0,0.398381144],""robot_root_angular_velocity"":[0.916179955,-0.789809227,-0.817331254],""robot_root_linear_velocity"":[-0.33236441,-0.083713122,-0.453683585],""robot_root_pose"":[2.289895773,-0.001958316,0.792001009,-0.021157146,-0.003355936,0.999766588,0.002782664]}",PI policy,True,3|smooth_hold|-box_y|0.5|2.0,2180,1,98991,99321.0,330.0,460,860,11.863968910394345,5.518125057220459,0.6046511627906976,1.0,2.212929010391236,0.49684476654023624,1.418684959411621,3.632777214050293,0.06678686983623477,18.716583251953125,0.4478631171653708,1.0,5.270069798705883,0.15084705453711733
pi,T0208,legged_gym/logs/Jul09_from_55500/model_73500.pt,3,smooth_hold,-box_y,0.7,0.5,0.1,0.15,0.15,1.125,7.725375175476074,5.021494235719218,0,,0,0.4643791019916534,-0.116331048309803,-0.371469497680664,1,0,0.5031633973121643,65b3ca3da3b4fed74742e7742f51b170991cddfd,"{""box_angular_velocity"":[0.065279528,-0.104388289,0.200538158],""box_linear_velocity"":[-0.069472283,-0.000226536,-0.22056815],""box_mass"":1.125,""box_pose"":[0.548742473,-7.224e-06,0.132107496,-0.001243512,-6.7276e-05,0.902691185,-0.430287242],""dof_position"":[-0.146603137,0.04708875,0.020172426,0.262992918,-0.225283712,-0.010112701,-0.048153121,-0.102354668,0.029902428,0.329790801,-0.184990674,0.050723657,-0.053271219,-0.007040003,-0.002366869,-0.005494651,0.168986946,-0.0144693,1.214278221,0.08953993,0.119314954,0.049172137,-0.021819763,-0.049903084,0.004483589,1.170749784,-0.072441757,-0.01618439,0.160966918],""dof_velocity"":[-1.078764796,0.308028311,-0.807543457,1.536746025,1.188231468,-0.760668933,-0.752220392,0.307109207,-1.195692539,-1.864546061,-1.014771104,-2.360440254,2.349422455,1.012826443,-1.137371182,0.980682552,-2.086542368,0.180660978,-3.168968678,0.689441264,1.063561678,0.671994805,1.199653268,-2.57417655,-0.728176475,-3.691345215,1.243476152,-0.288155288,2.902099133],""goal"":[-3.450000048,0.0,0.398381144],""robot_root_angular_velocity"":[0.916179955,-0.789809227,-0.817331254],""robot_root_linear_velocity"":[-0.33236441,-0.083713122,-0.453683585],""robot_root_pose"":[2.289895773,-0.001958316,0.792001009,-0.021157146,-0.003355936,0.999766588,0.002782664]}",PI policy,True,3|smooth_hold|-box_y|0.7|0.5,2220,1,99537,99952.0,415.0,160,560,5.021494235719218,7.725375652313232,1.0,0.0,0.4763030111789703,0.26141611086204647,1.5792200565338137,2.698718786239624,6.609461379982531,26.347394943237305,0.20803454753809741,0.7928857803344727,8.013155031390488,0.17981271124761924
pi,T0209,legged_gym/logs/Jul09_from_55500/model_73500.pt,3,smooth_hold,-box_y,0.7,1.0,0.1,0.15,0.15,1.125,7.725375,0.0,1,head_low,0,,,,0,0,4.002306938171387,95910e307f3da24934da2322d11d3940d9b2385c,"{""box_angular_velocity"":[0.265989125,-0.121926278,-0.027634477],""box_linear_velocity"":[-0.066106513,-0.001646497,-0.219450012],""box_mass"":1.125,""box_pose"":[0.548805118,-2.5441e-05,0.132129967,-0.002184165,-0.001500746,0.903415203,-0.428758413],""dof_position"":[-0.146571472,0.047049351,0.020155629,0.263004631,-0.225292251,-0.01011017,-0.048093513,-0.10238228,0.029897446,0.329776078,-0.184987843,0.050724257,-0.053283304,-0.007057496,-0.002329316,-0.005495429,0.169035912,-0.014470304,1.214266062,0.08954902,0.119306162,0.049109858,-0.02183787,-0.049883667,0.004494332,1.170790672,-0.072408475,-0.016197819,0.161005959],""dof_velocity"":[-1.071015716,0.306805968,-0.80846554,1.536312461,1.187635064,-0.761104226,-0.740599513,0.306494951,-1.196640491,-1.870553374,-1.013145804,-2.360834599,2.348679781,1.01213479,-1.13008976,0.979426444,-2.084507465,0.180873856,-3.168505669,0.690640986,1.062736034,0.670090139,1.20038271,-2.572520256,-0.728953779,-3.693669081,1.243342161,-0.28618601,2.902865648],""goal"":[-3.450000048,0.0,0.398381144],""robot_root_angular_velocity"":[0.915422797,-0.782908142,-0.814528644],""robot_root_linear_velocity"":[-0.332920611,-0.083728425,-0.453718275],""robot_root_pose"":[2.289896965,-0.001958679,0.792000353,-0.021137558,-0.003343641,0.999767125,0.002763554]}",PI policy,False,3|smooth_hold|-box_y|0.7|1.0,96,0,100093,,,0,0,0.0,,,,,,,,,,,,,
pi,T0210,legged_gym/logs/Jul09_from_55500/model_73500.pt,3,smooth_hold,-box_y,0.7,2.0,0.1,0.15,0.15,1.125,7.725375175476074,16.609556648052134,0,,1,1.7872837781906128,-0.2809300422668457,0.0690087974071502,0,0,0.1008804887533187,65b3ca3da3b4fed74742e7742f51b170991cddfd,"{""box_angular_velocity"":[0.065279528,-0.104388289,0.200538158],""box_linear_velocity"":[-0.069472283,-0.000226536,-0.22056815],""box_mass"":1.125,""box_pose"":[0.548742473,-7.224e-06,0.132107496,-0.001243512,-6.7276e-05,0.902691185,-0.430287242],""dof_position"":[-0.146603137,0.04708875,0.020172426,0.262992918,-0.225283712,-0.010112701,-0.048153121,-0.102354668,0.029902428,0.329790801,-0.184990674,0.050723657,-0.053271219,-0.007040003,-0.002366869,-0.005494651,0.168986946,-0.0144693,1.214278221,0.08953993,0.119314954,0.049172137,-0.021819763,-0.049903084,0.004483589,1.170749784,-0.072441757,-0.01618439,0.160966918],""dof_velocity"":[-1.078764796,0.308028311,-0.807543457,1.536746025,1.188231468,-0.760668933,-0.752220392,0.307109207,-1.195692539,-1.864546061,-1.014771104,-2.360440254,2.349422455,1.012826443,-1.137371182,0.980682552,-2.086542368,0.180660978,-3.168968678,0.689441264,1.063561678,0.671994805,1.199653268,-2.57417655,-0.728176475,-3.691345215,1.243476152,-0.288155288,2.902099133],""goal"":[-3.450000048,0.0,0.398381144],""robot_root_angular_velocity"":[0.916179955,-0.789809227,-0.817331254],""robot_root_linear_velocity"":[-0.33236441,-0.083713122,-0.453683585],""robot_root_pose"":[2.289895773,-0.001958316,0.792001009,-0.021157146,-0.003355936,0.999766588,0.002782664]}",PI policy,True,3|smooth_hold|-box_y|0.7|2.0,3072,1,100118,100671.0,553.0,460,860,16.609556648052134,7.725375175476074,0.8813953488372093,1.0,1.7872837781906128,0.31365695196572085,1.6979974508285522,4.587461471557617,-1.8351604117088691,12.048677444458008,0.21833483166911444,1.0,4.000914258974452,0.0794909564714988
pi,T0211,legged_gym/logs/Jul09_from_55500/model_73500.pt,3,smooth_hold,-box_y,0.9,0.5,0.1,0.15,0.15,1.125,9.932625,0.0,1,head_low,0,,,,0,0,4.001983165740967,b5730d5f2f70caf5cdeee1a02f149a040ff76e41,"{""box_angular_velocity"":[-0.156147778,-0.472035319,-0.104331411],""box_linear_velocity"":[-0.018068273,-0.002928345,-0.199940413],""box_mass"":1.125,""box_pose"":[0.549643338,-5.6511e-05,0.132474899,-0.003673894,0.003180688,0.903893352,-0.427730054],""dof_position"":[-0.146314651,0.047297966,0.020214047,0.262948483,-0.225470349,-0.010137888,-0.047946926,-0.102180205,0.029928515,0.3297894,-0.185118884,0.050708067,-0.053325213,-0.007002105,-0.002542915,-0.005503258,0.168435156,-0.014485832,1.214566588,0.089553885,0.119493127,0.049793858,-0.021820247,-0.049903158,0.004500612,1.170845628,-0.07256899,-0.016119389,0.161133513],""dof_velocity"":[-1.06605792,0.314342648,-0.809179723,1.540312529,1.179683328,-0.758715332,-0.743148088,0.311720014,-1.196688294,-1.860122561,-1.020863295,-2.358923912,2.345325947,1.009206176,-1.145634651,0.987069547,-2.10774684,0.174048111,-3.174733877,0.683701456,1.085726738,0.690987587,1.199088931,-2.571728945,-0.727983296,-3.689218521,1.236091137,-0.283748507,2.907630205],""goal"":[-3.450000048,0.0,0.398381144],""robot_root_angular_velocity"":[0.918271184,-0.786997139,-0.821500897],""robot_root_linear_velocity"":[-0.336767733,-0.082220711,-0.455305845],""robot_root_pose"":[2.289815426,-0.00194139,0.791974127,-0.021130526,-0.003405655,0.999766946,0.002829243]}",PI policy,False,3|smooth_hold|-box_y|0.9|0.5,88,0,100887,,,0,0,0.0,,,,,,,,,,,,,
pi,T0212,legged_gym/logs/Jul09_from_55500/model_73500.pt,3,smooth_hold,-box_y,0.9,1.0,0.1,0.15,0.15,1.125,9.932624816894531,11.422518606052776,0,,1,0.6216023564338684,-1.2619409561157229,-1.173641562461853,1,0,0.3330263197422027,6b9f467e0abaab60ad4b66d5905d3b9e0e65e42a,"{""box_angular_velocity"":[0.065279543,-0.104388252,0.200538114],""box_linear_velocity"":[-0.069472268,-0.000226536,-0.220568165],""box_mass"":1.125,""box_pose"":[0.548742473,-7.224e-06,0.132107496,-0.001243512,-6.7276e-05,0.902691185,-0.430287242],""dof_position"":[-0.146603167,0.047088739,0.020172428,0.262992918,-0.225283727,-0.010112699,-0.048153143,-0.102354676,0.029902421,0.329790801,-0.184990689,0.050723657,-0.053271215,-0.007040012,-0.002366885,-0.005494646,0.168986946,-0.014469298,1.214278221,0.08953993,0.119314939,0.049172137,-0.021819761,-0.049903084,0.004483588,1.170749784,-0.072441764,-0.016184386,0.160966918],""dof_velocity"":[-1.078770638,0.30802843,-0.807542205,1.536745787,1.188231587,-0.760668874,-0.752229214,0.307109028,-1.195690989,-1.864541292,-1.014772177,-2.360440254,2.349424362,1.01282692,-1.137376904,0.980683923,-2.08654213,0.180661038,-3.168968201,0.689441264,1.06356144,0.671994686,1.199653864,-2.574176311,-0.728175819,-3.691346407,1.243475914,-0.288155586,2.902099848],""goal"":[-3.450000048,0.0,0.398381144],""robot_root_angular_velocity"":[0.916179836,-0.789813757,-0.817332745],""robot_root_linear_velocity"":[-0.332363874,-0.083713159,-0.453683704],""robot_root_pose"":[2.289895773,-0.001958316,0.792001009,-0.021157146,-0.003355933,0.999766588,0.002782667]}",PI policy,True,3|smooth_hold|-box_y|0.9|1.0,1968,1,100910,101237.0,327.0,260,660,11.422518606052776,9.932624816894531,0.9863636363636363,1.0,0.6554321050643921,0.29270998462470194,1.9745476245880127,5.615357398986816,0.807401151125404,135.38134765625,0.07449510421526308,0.992239236831665,6.803887243647918,0.09911568978042958
pi,T0213,legged_gym/logs/Jul09_from_55500/model_73500.pt,3,smooth_hold,-box_y,0.9,2.0,0.1,0.15,0.15,1.125,9.932625,0.0,1,head_low,0,,,,0,0,4.000012397766113,0d4647a69ec225f84ec918fadd9f1d2a50270743,"{""box_angular_velocity"":[0.216835797,0.007393205,-0.24296768],""box_linear_velocity"":[-0.09897504,-0.003253498,-0.235046819],""box_mass"":1.125,""box_pose"":[0.548225343,-6.6924e-05,0.131855115,-0.001033734,-0.001797084,0.904535294,-0.426393539],""dof_position"":[-0.146692678,0.047371268,0.020069674,0.263029873,-0.225168437,-0.01012292,-0.048279334,-0.102061041,0.029808285,0.329926997,-0.184914693,0.05071599,-0.053301554,-0.006625406,-0.002068109,-0.005871149,0.16841273,-0.01448269,1.214271426,0.089538634,0.119605929,0.04957502,-0.02125027,-0.050543528,0.004778651,1.169735193,-0.072204404,-0.017251121,0.161800399],""dof_velocity"":[-1.090155959,0.310055822,-0.808750093,1.530956268,1.198684454,-0.758635879,-0.766686976,0.308881462,-1.198738337,-1.863099337,-1.008801937,-2.357777119,2.338422537,1.016471386,-1.138596892,0.988489866,-2.103440046,0.178570405,-3.202271461,0.681971431,1.088855863,0.681108117,1.198212266,-2.589600801,-0.763496637,-3.66726923,1.20465374,-0.383327872,2.932155848],""goal"":[-3.450000048,0.0,0.398381144],""robot_root_angular_velocity"":[0.915719151,-0.79476285,-0.815063775],""robot_root_linear_velocity"":[-0.328781813,-0.081668645,-0.453444779],""robot_root_pose"":[2.289972305,-0.001945864,0.792008162,-0.021118259,-0.003470147,0.999767065,0.002763298]}",PI policy,False,3|smooth_hold|-box_y|0.9|2.0,92,0,101403,,,0,0,0.0,,,,,,,,,,,,,
pi,T0214,legged_gym/logs/Jul09_from_55500/model_73500.pt,3,smooth_hold,-box_y,1.1,0.5,0.1,0.15,0.15,1.125,12.13987636566162,7.890920236765325,0,,0,0.4038417041301727,0.1954095363616943,0.5122944116592407,1,0,0.2802568674087524,65b3ca3da3b4fed74742e7742f51b170991cddfd,"{""box_angular_velocity"":[0.065279528,-0.104388289,0.200538158],""box_linear_velocity"":[-0.069472283,-0.000226536,-0.22056815],""box_mass"":1.125,""box_pose"":[0.548742473,-7.224e-06,0.132107496,-0.001243512,-6.7276e-05,0.902691185,-0.430287242],""dof_position"":[-0.146603137,0.04708875,0.020172426,0.262992918,-0.225283712,-0.010112701,-0.048153121,-0.102354668,0.029902428,0.329790801,-0.184990674,0.050723657,-0.053271219,-0.007040003,-0.002366869,-0.005494651,0.168986946,-0.0144693,1.214278221,0.08953993,0.119314954,0.049172137,-0.021819763,-0.049903084,0.004483589,1.170749784,-0.072441757,-0.01618439,0.160966918],""dof_velocity"":[-1.078764796,0.308028311,-0.807543457,1.536746025,1.188231468,-0.760668933,-0.752220392,0.307109207,-1.195692539,-1.864546061,-1.014771104,-2.360440254,2.349422455,1.012826443,-1.137371182,0.980682552,-2.086542368,0.180660978,-3.168968678,0.689441264,1.063561678,0.671994805,1.199653268,-2.57417655,-0.728176475,-3.691345215,1.243476152,-0.288155288,2.902099133],""goal"":[-3.450000048,0.0,0.398381144],""robot_root_angular_velocity"":[0.916179955,-0.789809227,-0.817331254],""robot_root_linear_velocity"":[-0.33236441,-0.083713122,-0.453683585],""robot_root_pose"":[2.289895773,-0.001958316,0.792001009,-0.021157146,-0.003355936,0.999766588,0.002782664]}",PI policy,True,3|smooth_hold|-box_y|1.1|0.5,1908,1,101427,101764.0,337.0,160,560,7.890920236765325,12.139877319335938,1.0,0.0,0.4038417041301727,0.2062578159051814,1.1936757564544678,2.307070255279541,0.33689621796365826,4.583126068115234,0.07525744439507041,0.4960175454616546,3.5581592435017226,0.0581229744035746
pi,T0215,legged_gym/logs/Jul09_from_55500/model_73500.pt,3,smooth_hold,-box_y,1.1,1.0,0.1,0.15,0.15,1.125,12.139875000000002,0.0,1,head_low,0,,,,0,0,4.000012397766113,d8eb91d8840609503bc79c4b4cdf0d74130d3481,"{""box_angular_velocity"":[-0.11811661,-0.372181475,-0.017005904],""box_linear_velocity"":[-0.03582735,-0.002846608,-0.206540436],""box_mass"":1.125,""box_pose"":[0.549328625,-5.5329e-05,0.132358596,-0.003048075,0.002517974,0.903574526,-0.428412706],""dof_position"":[-0.146393374,0.047234133,0.020211006,0.262973785,-0.225431889,-0.010132791,-0.048046801,-0.10223043,0.029953048,0.329798937,-0.18506138,0.050703876,-0.053298835,-0.007074304,-0.002458485,-0.005556147,0.168449908,-0.014475836,1.214505792,0.089532427,0.119499676,0.049813487,-0.021818304,-0.04988404,0.004520559,1.170850158,-0.072558276,-0.016216572,0.161116421],""dof_velocity"":[-1.071580887,0.312598825,-0.809852302,1.539210081,1.182584882,-0.759546161,-0.748880863,0.310371518,-1.197375178,-1.863093853,-1.017234683,-2.359570503,2.345114231,1.007614732,-1.144700766,0.986876249,-2.108015299,0.174231708,-3.177584171,0.682328701,1.08440733,0.692474306,1.200628877,-2.570692062,-0.727951765,-3.690001011,1.234526634,-0.285833478,2.909162045],""goal"":[-3.450000048,0.0,0.398381144],""robot_root_angular_velocity"":[0.917018592,-0.789985597,-0.822874188],""robot_root_linear_velocity"":[-0.33532542,-0.082180649,-0.455013722],""robot_root_pose"":[2.289844513,-0.001937377,0.791979611,-0.021138325,-0.003380696,0.999766767,0.002849369]}",PI policy,False,3|smooth_hold|-box_y|1.1|1.0,132,0,101905,,,0,0,0.0,,,,,,,,,,,,,
pi,T0216,legged_gym/logs/Jul09_from_55500/model_73500.pt,3,smooth_hold,-box_y,1.1,2.0,0.1,0.15,0.15,1.125,12.13987636566162,26.1007342328016,0,,1,1.7105988264083862,0.5158662796020508,0.0091208033263683,0,0,0.1461599320173263,65b3ca3da3b4fed74742e7742f51b170991cddfd,"{""box_angular_velocity"":[0.065279528,-0.104388289,0.200538158],""box_linear_velocity"":[-0.069472283,-0.000226536,-0.22056815],""box_mass"":1.125,""box_pose"":[0.548742473,-7.224e-06,0.132107496,-0.001243512,-6.7276e-05,0.902691185,-0.430287242],""dof_position"":[-0.146603137,0.04708875,0.020172426,0.262992918,-0.225283712,-0.010112701,-0.048153121,-0.102354668,0.029902428,0.329790801,-0.184990674,0.050723657,-0.053271219,-0.007040003,-0.002366869,-0.005494651,0.168986946,-0.0144693,1.214278221,0.08953993,0.119314954,0.049172137,-0.021819763,-0.049903084,0.004483589,1.170749784,-0.072441757,-0.01618439,0.160966918],""dof_velocity"":[-1.078764796,0.308028311,-0.807543457,1.536746025,1.188231468,-0.760668933,-0.752220392,0.307109207,-1.195692539,-1.864546061,-1.014771104,-2.360440254,2.349422455,1.012826443,-1.137371182,0.980682552,-2.086542368,0.180660978,-3.168968678,0.689441264,1.063561678,0.671994805,1.199653268,-2.57417655,-0.728176475,-3.691345215,1.243476152,-0.288155288,2.902099133],""goal"":[-3.450000048,0.0,0.398381144],""robot_root_angular_velocity"":[0.916179955,-0.789809227,-0.817331254],""robot_root_linear_velocity"":[-0.33236441,-0.083713122,-0.453683585],""robot_root_pose"":[2.289895773,-0.001958316,0.792001009,-0.021157146,-0.003355936,0.999766588,0.002782664]}",PI policy,True,3|smooth_hold|-box_y|1.1|2.0,2632,1,101939,102382.0,443.0,460,860,26.1007342328016,12.13987636566162,0.5302325581395348,1.0,1.83775007724762,0.47729727646206005,1.723589301109314,4.905083179473877,0.8667017634524855,53.28580474853516,0.5338090552139938,1.0,8.278043888751851,0.22514510802583848
