policy,trial_id,trace_rows,force_trace_present,trace_start_policy_step,force_on_policy_step,force_onset_steps_from_trace_start,force_rows,response_rows,final_trace_impulse_Ns,peak_external_force_N,both_contact_response_rate,any_contact_loss_response,peak_response_rel_speed_mps,mean_response_rel_speed_mps,peak_box_lin_speed_mps,peak_box_ang_speed_radps,mean_resistive_hand_force_N,peak_resistive_hand_force_N,mean_force_closure_residual,peak_force_closure_residual,mean_combined_hand_proxy_N,mean_hand_load_asymmetry
official,T0001,1420,1,2,217.0,215.0,160,560,0.7173563032277261,1.1036250591278076,1.0,0.0,0.3915848135948181,0.20933085095270404,1.4301252365112305,2.4737894535064697,-1.330968145733433,17.593347549438477,0.1851756128985601,0.6086974143981934,3.6706310869992844,0.06082712590336991
official,T0002,816,0,358,,,0,0,0.0,,,,,,,,,,,,,
official,T0003,6004,0,563,,,0,0,0.0,,,,,,,,,,,,,
official,T0004,6004,0,2065,,,0,0,0.0,,,,,,,,,,,,,
official,T0005,940,0,3567,,,0,0,0.0,,,,,,,,,,,,,
official,T0006,2428,0,3803,,,0,0,0.0,,,,,,,,,,,,,
official,T0007,1560,0,4411,,,0,0,0.0,,,,,,,,,,,,,
official,T0008,1596,1,4802,5036.0,234.0,260,660,6.345844344587279,5.518125534057617,0.9924242424242424,1.0,0.6817084550857544,0.3096772522863114,2.18438720703125,4.01707935333252,10.035424106376189,97.92388916015624,0.24884884261744888,0.9994664788246156,11.8869240663607,0.1580615899166415
official,T0009,1936,0,5202,,,0,0,0.0,,,,,,,,,,,,,
official,T0010,6004,0,5687,,,0,0,0.0,,,,,,,,,,,,,
official,T0011,2452,1,7189,7637.0,448.0,260,660,8.884181478051138,7.725375175476074,0.32727272727272727,1.0,1.1280913352966309,0.47487941911500514,2.0733208656311035,3.494393825531006,0.7297051902408853,9.533051490783691,0.7498171471405041,1.0,2.8271602976954346,0.07657373701680847
official,T0012,1664,1,7803,8004.0,201.0,460,860,16.609556668820634,7.725375175476074,0.7453488372093023,1.0,1.5775871276855469,0.4359705955006702,2.3487818241119385,4.434142112731934,-10.476966749439233,84.41871643066406,0.4361362481803828,1.0,14.088576580445434,0.1970527291426511
official,T0013,1404,1,8220,8431.0,211.0,160,560,6.456206247195179,9.932624816894531,0.9982142857142857,1.0,0.4406973123550415,0.21481139750020312,1.440356731414795,2.345881700515747,-6.538893202931753,5.045129776000977,0.1738656264966786,0.9836744666099548,8.159964663162828,0.11104059282058315
official,T0014,1192,0,8572,,,0,0,0.0,,,,,,,,,,,,,
official,T0015,1740,1,8871,9091.0,220.0,460,860,21.355143431265883,9.932624816894531,0.8732558139534884,1.0,1.296871781349182,0.33666212787461836,2.1013259887695312,4.528354167938232,-4.958268384953831,22.54604148864746,0.25300599906808796,1.0,7.196360485231894,0.10801672731451065
official,T0016,1424,1,9307,9523.0,216.0,160,560,7.890919763136582,12.13987636566162,0.9946428571428572,1.0,0.4105775654315948,0.22324039030021856,1.53453266620636,2.464850902557373,-1.47007687105132,36.19747543334961,0.10917303478095808,0.9860393404960632,4.324955276852208,0.0763848783489655
official,T0017,6004,0,9664,,,0,0,0.0,,,,,,,,,,,,,
official,T0018,3104,1,11166,11727.0,561.0,460,860,26.100734239432622,12.13987636566162,0.4744186046511628,1.0,1.418062448501587,0.3814695006712925,1.5736783742904663,10.096293449401855,1.5684816903283083,173.9187774658203,0.6172621239686038,1.0,5.219144195214261,0.18422804529667658
official,T0019,1552,1,11943,12191.0,248.0,160,560,0.7173562988880542,1.1036250591278076,0.9910714285714286,1.0,1.010084629058838,0.27166164634483203,1.7065694332122805,4.541496753692627,3.866293841485666,19.842397689819336,0.16051275115439367,0.9981715083122252,6.026555706188082,0.1244139534099044
official,T0020,1504,1,12332,12543.0,211.0,260,660,1.2691688266052608,1.1036250591278076,0.9893939393939394,1.0,0.5836775302886963,0.23360412612444523,1.8609365224838257,3.251749038696289,9.87926167553065,127.66574096679688,0.10309870900273106,0.9997215270996094,11.686525908609232,0.1500839183188597
official,T0021,6004,0,12709,,,0,0,0.0,,,,,,,,,,,,,
official,T0022,6004,0,14211,,,0,0,0.0,,,,,,,,,,,,,
official,T0023,1432,1,15713,15906.0,193.0,260,660,3.807506746060529,3.310875415802002,0.08181818181818182,1.0,2.286121368408203,0.9550270242672978,2.3577537536621094,16.50631332397461,4.068891436787266,176.4419403076172,0.837892817084988,1.0,7.370886588457859,0.17296078344172036
official,T0024,1844,1,16072,16318.0,246.0,460,860,7.118381674508578,3.310875177383423,0.708139534883721,1.0,1.509531021118164,0.4410090981354547,2.004960536956787,7.755475044250488,7.002517134964813,69.45210266113281,0.4091838747782763,1.0,8.042974258889986,0.11650718040736413
official,T0025,1480,1,16534,16764.0,230.0,160,560,3.586781315685712,5.518125057220459,0.9910714285714286,1.0,0.5598307251930237,0.2144081023189106,1.8234729766845703,4.1786723136901855,12.135058603861502,148.2036895751953,0.13435062188696714,0.9999675750732422,13.673627719655633,0.17709685608685635
official,T0026,1536,1,16905,17124.0,219.0,260,660,6.345843855942159,5.518125057220459,0.9257575757575758,1.0,1.3216651678085327,0.2685784855575273,1.8735333681106567,4.757460117340088,3.990746946435309,129.14219665527344,0.19011471279716882,1.0,6.426082655426228,0.10370759451426702
official,T0027,3060,0,17290,,,0,0,0.0,,,,,,,,,,,,,
official,T0028,6004,0,18056,,,0,0,0.0,,,,,,,,,,,,,
official,T0029,964,0,19558,,,0,0,0.0,,,,,,,,,,,,,
official,T0030,2004,0,19800,,,0,0,0.0,,,,,,,,,,,,,
official,T0031,1164,0,20302,,,0,0,0.0,,,,,,,,,,,,,
official,T0032,1512,1,20594,20807.0,213.0,260,660,11.422519615927683,9.932625770568848,0.9893939393939394,1.0,1.5857638120651243,0.2758837136016651,1.7820241451263428,3.9502363204956055,-8.83299983430823,24.37547492980957,0.1606309463774475,0.9996725916862488,13.447222116702434,0.1779062667130457
official,T0033,5624,0,20973,,,0,0,0.0,,,,,,,,,,,,,
official,T0034,1352,1,22380,22578.0,198.0,160,560,7.890919764477685,12.13987636566162,0.9964285714285714,1.0,1.8572173118591309,0.28663595994003116,2.1615915298461914,5.642213821411133,8.313266289453688,161.0797882080078,0.0760848190793435,0.8265851736068726,12.463666976562568,0.13217749828358394
official,T0035,5256,1,22719,23868.0,1149.0,260,660,13.960858900606986,12.139877319335938,0.38484848484848483,1.0,1.7981046438217163,0.5048438691562324,1.9300501346588133,3.28629469871521,6.355911419879306,133.38909912109375,0.6422916502197922,1.0,7.179172984849323,0.13531971732595455
official,T0036,1732,1,24034,24252.0,218.0,460,860,26.100736284919385,12.139877319335938,0.7011627906976744,1.0,1.4618549346923828,0.4305010463176079,1.6842389106750488,7.517393112182617,10.452343089770265,98.97574615478516,0.4063572850754839,1.0,12.114589864691329,0.15494277555032546
official,T0037,1520,1,24468,24708.0,240.0,160,560,0.7173563023266718,1.1036250591278076,0.9571428571428572,1.0,1.6704275608062744,0.23335742390315448,2.1934914588928223,8.072210311889648,-1.420773096099895,31.283706665039062,0.16112512488970035,1.0,11.324837783271713,0.18161050854271577
official,T0038,2208,1,24849,25236.0,387.0,260,660,1.2691687026785303,1.103624939918518,0.3712121212121212,1.0,1.709546446800232,0.506282511505891,2.5909576416015625,4.70150089263916,3.598225764140035,62.10494995117188,0.6634145015108516,1.0,5.194436594934174,0.08776695615079282
official,T0039,1616,1,25402,25591.0,189.0,460,860,2.372793640134728,1.103624939918518,0.10116279069767442,1.0,1.8815689086914065,0.40531058463289643,1.6949530839920044,7.55608606338501,-1.3448622705198305,49.02558517456055,0.8223664860825899,1.0,6.0471264754394936,0.5398921184796098
official,T0040,1504,1,25807,26043.0,236.0,160,560,2.152069035304329,3.310875415802002,0.9964285714285714,1.0,0.4749748110771179,0.24125754885442022,1.7056050300598145,2.627117872238159,-2.0240709482692183,3.940533638000488,0.12385050055683158,0.9993342757225036,10.077116242689746,0.1327512246221366
official,T0041,876,0,26184,,,0,0,0.0,,,,,,,,,,,,,
official,T0042,2584,1,26404,26835.0,431.0,460,860,7.118381656570143,3.310875177383423,0.4511627906976744,1.0,2.031317949295044,0.42302098857931963,2.2179534435272217,3.3386476039886475,-1.2454653168140455,28.121232986450195,0.6264398820487089,1.0,2.844160778751207,0.07399977493800983
official,T0043,1404,1,27051,27262.0,211.0,160,560,3.586781334759197,5.518125057220459,0.9857142857142858,1.0,0.6076226830482483,0.21085488209500908,1.6976990699768066,6.102996826171875,-3.497855490036974,8.03296184539795,0.16841662566356327,0.99984472990036,14.548862794866519,0.1811944449760176
official,T0044,1540,1,27403,27623.0,220.0,260,660,6.345843841038668,5.518125057220459,0.8893939393939394,1.0,1.5837548971176147,0.3677555579240575,2.2190537452697754,7.158705234527588,-0.8052682517322175,21.707862854003903,0.2386634608660119,1.0,13.037926582314752,0.18524882575818055
official,T0045,3832,0,27789,,,0,0,0.0,,,,,,,,,,,,,
official,T0046,6004,0,28748,,,0,0,0.0,,,,,,,,,,,,,
official,T0047,6004,0,30250,,,0,0,0.0,,,,,,,,,,,,,
official,T0048,852,1,31752,31941.0,189.0,96,96,3.1287770426569965,7.725375652313232,0.5416666666666666,1.0,1.80999219417572,0.9933446571230888,1.9989436864852903,11.081113815307615,-10.588864035943212,29.644384384155277,0.3615887703684469,1.0,69.42585799035926,0.47723207392846234
official,T0049,6004,0,31966,,,0,0,0.0,,,,,,,,,,,,,
official,T0050,1496,1,33468,33677.0,209.0,260,660,11.422519648000106,9.932625770568848,0.04242424242424243,1.0,4.415793895721436,1.320358354033846,2.6735775470733643,14.610020637512209,-2.8313089022088342,87.50863647460938,0.8963014374910431,1.0,9.274022797449971,0.1539785652915298
official,T0051,3084,1,33843,34399.0,556.0,460,860,21.355143383877877,9.932624816894531,0.42674418604651165,1.0,2.127420663833618,0.5732422715161256,2.3859145641326904,6.627842903137207,-0.23614156810176928,43.28850936889648,0.6371723666797977,1.0,8.176642628741819,0.19312216253006334
official,T0052,1452,1,34615,34838.0,223.0,160,560,7.89092022864419,12.139877319335938,1.0,0.0,0.3682763278484344,0.2024625676018851,1.5433169603347778,1.869467496871948,0.0652831066865474,4.279652118682861,0.10723083934946247,0.6507393717765808,3.7943633081391455,0.06728741323692827
official,T0053,1592,1,34979,35212.0,233.0,260,660,13.96085794782218,12.13987636566162,0.7484848484848485,1.0,1.9091285467147827,0.5272005514552196,2.374769687652588,6.971115112304688,-2.169795363334318,26.949583053588867,0.3359006442159598,1.0,10.344629825380716,0.15445366409385866
official,T0054,1844,1,35378,35624.0,246.0,460,860,26.100736231345053,12.139877319335938,0.586046511627907,1.0,1.2776623964309692,0.4412472711356227,2.134155750274658,8.01578426361084,-0.7840214416059818,15.658936500549316,0.49049803003882664,1.0,6.391866449855788,0.09319924981228236
official,T0055,1344,1,35840,36036.0,196.0,160,560,0.717356359675768,1.1036251783370972,0.9857142857142858,1.0,0.79900723695755,0.25780626885326846,1.786295771598816,5.552833080291748,2.1406333363116055,56.39029693603516,0.16638993966958618,0.9995030760765076,16.167988958209754,0.19305844029453767
official,T0056,3368,1,36177,36854.0,677.0,260,660,1.2691688249265525,1.1036250591278076,0.6015151515151516,1.0,1.6761449575424194,0.45385427981276405,1.876584768295288,3.7904398441314697,4.435761325840246,65.34208679199219,0.5306188479609166,1.0,5.6988197010123365,0.16099638552316747
official,T0057,6004,0,37020,,,0,0,0.0,,,,,,,,,,,,,
official,T0058,6004,0,38522,,,0,0,0.0,,,,,,,,,,,,,
official,T0059,1600,1,40024,40259.0,235.0,260,660,3.8075064690293,3.310875177383423,0.8863636363636364,1.0,2.4509928226470947,0.37432590316077974,2.766777276992798,4.184169292449951,1.0040260343389078,43.20725631713867,0.21705269026693494,0.98362797498703,13.223554736669316,0.2698459093414523
official,T0060,2548,1,40425,40847.0,422.0,460,860,7.118381664021888,3.310875177383423,0.8244186046511628,1.0,1.208943247795105,0.3374625955242664,2.108806848526001,13.292487144470217,0.15529489465447704,9.922368049621582,0.29824437934842346,1.0,4.97494804965722,0.1124653186605428
official,T0061,6004,0,41063,,,0,0,0.0,,,,,,,,,,,,,
official,T0062,2436,1,42565,43009.0,444.0,260,660,6.345843840052631,5.518125057220459,0.46060606060606063,1.0,1.890205264091492,0.46618065087858473,1.814785361289978,8.275309562683105,0.022054439927027984,48.96199035644531,0.5817117886956442,1.0,5.545111497423866,0.17344843125600054
official,T0063,1704,1,43175,43386.0,211.0,460,860,11.86396990799202,5.518125534057617,0.7255813953488373,1.0,1.231626272201538,0.35952987062289965,1.9360370635986328,6.668602466583252,1.8805797034373701,17.93132781982422,0.4046980842792288,1.0,13.158237298638667,0.17889090603752858
official,T0064,2128,1,43602,43994.0,392.0,160,560,5.021493930969522,7.725375175476074,0.8803571428571428,1.0,1.385319471359253,0.31871745360216924,2.0862388610839844,8.078042984008789,1.4601888477536185,47.85546112060547,0.3008742297941353,0.9999999403953552,6.435511638011251,0.13892248071798735
official,T0065,1564,1,44135,44361.0,226.0,260,660,8.884182013862002,7.725375652313232,0.9863636363636363,1.0,1.4753116369247437,0.22223460003733636,2.021836996078491,4.109743118286133,1.5326113649615736,20.11402130126953,0.10966628556436098,0.9942315220832824,10.321230711361789,0.14459789620939936
official,T0066,4828,0,44527,,,0,0,0.0,,,,,,,,,,,,,
official,T0067,3360,1,45735,46435.0,700.0,160,560,6.456206208005128,9.932624816894531,0.7696428571428572,1.0,1.7870556116104126,0.38910249994535534,1.7984946966171265,3.5289173126220703,0.6378279163036495,8.436983108520508,0.34590954565524695,1.0,4.273201648412006,0.11916963843240018
official,T0068,1620,1,46576,46816.0,240.0,260,660,11.422518654204485,9.932624816894531,0.7984848484848485,1.0,2.677539587020874,0.4129119510903503,2.9868290424346924,6.241249561309815,0.7080161851915446,25.09088706970215,0.32917999904673323,1.0,9.916454458846287,0.13512226575650416
official,T0069,1704,1,46982,47193.0,211.0,460,860,21.35514342539856,9.932624816894531,0.7383720930232558,1.0,1.8015762567520144,0.4406303306435083,2.342888832092285,5.611043453216553,2.909175273996973,28.428504943847656,0.4334154113201251,1.0,14.805866147837667,0.1903025850825564
official,T0070,6004,0,47409,,,0,0,0.0,,,,,,,,,,,,,
official,T0071,1500,1,48911,49121.0,210.0,260,660,13.96085890701914,12.139877319335938,0.9939393939393939,1.0,0.5958148837089539,0.21393439303801368,1.806912541389465,3.213348388671875,1.2936745570746786,23.12359046936035,0.1858312453462559,0.9919947385787964,7.906819869690772,0.10706090508456599
official,T0072,3300,1,49287,49897.0,610.0,460,860,26.100736302838023,12.139877319335938,0.5,1.0,1.73052179813385,0.38756234223716135,1.5996273756027222,4.3556413650512695,3.550435683226516,34.37228775024414,0.5703375498382482,1.0,4.679558164505071,0.14357906742830934
official,T0073,1336,1,50113,50307.0,194.0,160,560,0.717356296424124,1.1036250591278076,0.9446428571428571,1.0,1.4615428447723389,0.24870196988673082,2.103826999664306,5.897435665130615,-10.914221435271402,81.3787612915039,0.19031207295094127,1.0,12.123336389235087,0.19293083581220083
official,T0074,1492,1,50448,50656.0,208.0,260,660,1.269168826940537,1.1036250591278076,0.7151515151515152,1.0,1.5309147834777832,0.39700814298156534,2.638923168182373,6.648980140686035,0.30931342684409835,11.492439270019531,0.3246212474146777,1.0,10.605456357923421,0.2813056433477786
official,T0075,1612,1,50822,51010.0,188.0,460,860,2.372793884308912,1.1036250591278076,0.7127906976744186,1.0,1.5188982486724854,0.41606793990791885,2.0581626892089844,5.414727687835693,-0.0007174161284468894,30.338253021240234,0.33486436502819766,0.9999999403953552,5.776057948397343,0.11072141064145141
official,T0076,1312,1,51226,51414.0,188.0,160,560,2.152069032397439,3.310875415802002,0.9928571428571429,1.0,0.4784928858280182,0.21866590868282532,1.7780667543411257,3.4134349822998047,-5.467836972621236,11.520612716674805,0.06785346653190832,0.998936891555786,7.458193011714944,0.1066721834920047
official,T0077,1444,1,51555,51751.0,196.0,260,660,3.807506489649946,3.310875177383423,0.906060606060606,1.0,0.9281948804855348,0.28429239996229155,1.9471304416656492,5.592537879943848,-1.2753739195988711,156.5683135986328,0.28133429668669124,0.9999999403953552,4.9673247953481745,0.09873867768222801
official,T0078,1620,1,51917,52107.0,190.0,460,860,7.1183811886004165,3.310874938964844,0.5604651162790698,1.0,1.5619066953659058,0.39747159691787387,1.9525446891784668,4.466617107391357,0.43505120434863276,5.7267913818359375,0.5213115969076509,1.0,4.114928832927416,0.10043289545934639
official,T0079,888,0,52323,,,0,0,0.0,,,,,,,,,,,,,
official,T0080,784,0,52546,,,0,0,0.0,,,,,,,,,,,,,
official,T0081,1724,1,52743,52959.0,216.0,460,860,11.86396891859231,5.518125057220459,0.7465116279069768,1.0,1.299411416053772,0.34519477215227345,1.8382281064987185,4.407543182373047,-0.28480250108987093,3.4448485374450684,0.3516129559956404,1.0,4.602473075930463,0.11135764038602268
official,T0082,1308,1,53175,53362.0,187.0,160,560,5.021493926499174,7.725375175476074,0.9964285714285714,1.0,0.9994474053382874,0.28174869769385885,1.8200658559799197,8.248438835144043,-15.243304527185058,26.472124099731445,0.253470658239842,1.0,17.04007623452427,0.20131751374849824
official,T0083,1428,1,53503,53695.0,192.0,260,660,8.88418151599322,7.725375175476074,0.9166666666666666,1.0,1.4628742933273315,0.2695726175905403,2.277937889099121,4.958745956420898,-2.2332218957641587,61.46804428100586,0.22117553508106733,1.0,5.182214358770712,0.11976262676846196
official,T0084,1544,1,53861,54032.0,171.0,460,860,16.609556671111683,7.725375175476074,0.7895348837209303,1.0,1.7899268865585327,0.39862336746395327,3.0476443767547607,8.75533676147461,0.8577623500207135,46.01899337768555,0.2959115757154799,1.0,10.680770483197168,0.1485860258224674
official,T0085,1400,1,54248,54458.0,210.0,160,560,6.4562061896604,9.932624816894531,0.9928571428571429,1.0,0.3576424419879913,0.19146334034324222,1.7075247764587402,2.9919416904449463,-0.38331848879876945,4.668179512023926,0.14386566157461073,1.0,5.2822706444455045,0.11733038398150317
official,T0086,1376,1,54599,54778.0,179.0,260,660,11.422518644595565,9.932624816894531,0.9954545454545455,1.0,1.2277506589889526,0.27899075913609883,2.0888445377349854,7.243748664855957,-6.820300910734769,17.9766845703125,0.13380265614638726,0.9996123313903807,8.60226232285301,0.1259110305711422
official,T0087,1560,1,54944,55119.0,175.0,460,860,21.35514146906263,9.932623863220217,0.7313953488372092,1.0,1.348164200782776,0.3618145560152655,2.633509874343872,7.72959041595459,-0.8565679769475706,20.784717559814453,0.5023040259794365,1.0,10.594472086594202,0.1849119443951654
official,T0088,1460,1,55335,55560.0,225.0,160,560,7.890920257626951,12.139877319335938,0.8767857142857143,1.0,1.2448745965957642,0.2580045453039929,1.7691208124160769,5.149899005889893,-1.1536768061724225,25.623794555664062,0.2532422576308558,0.9999999403953552,8.054057377217603,0.20232309474499094
official,T0089,1424,1,55701,55892.0,191.0,260,660,13.96085787443396,12.13987636566162,0.9787878787878788,1.0,1.9847694635391235,0.3398230087689378,2.4190168380737305,6.092500686645508,4.468247097820947,65.61593627929688,0.13363137616437268,1.0,13.17317454713312,0.1666321314885422
official,T0090,1600,1,56058,56243.0,185.0,460,860,26.10073626517534,12.139877319335938,0.8697674418604651,1.0,1.0646027326583862,0.3214772410712443,1.6905953884124756,5.442083358764648,-0.09109494317279652,35.2547607421875,0.30215802839672906,1.0,5.816240825478074,0.16343382275126925
official,T0091,1400,1,56459,56669.0,210.0,160,560,0.7173562949459407,1.1036250591278076,0.9446428571428571,1.0,1.4986993074417114,0.2751848136972902,2.525354385375977,8.002452850341797,0.8605272701874908,12.46674633026123,0.1795667235473437,1.0,11.710876396165363,0.1799139431997901
official,T0092,1372,1,56810,56988.0,178.0,260,660,1.2691688263980416,1.1036250591278076,0.9166666666666666,1.0,1.9153754711151123,0.30458708754881764,2.334447145462036,5.676976203918457,-5.555271553639041,35.186702728271484,0.2763029537134902,1.0,17.593114245682955,0.27948872559041554
official,T0093,1588,1,57154,57336.0,182.0,460,860,2.3727938933570005,1.1036250591278076,0.7418604651162791,1.0,1.7766361236572266,0.39777867468723727,1.927235960960388,3.363844394683838,1.112914118707873,24.665435791015625,0.4026139912986045,0.9999999403953552,6.23476843700506,0.15302750800931175
official,T0094,688,0,57552,,,0,0,0.0,,,,,,,,,,,,,
official,T0095,628,0,57725,,,0,0,0.0,,,,,,,,,,,,,
official,T0096,1732,1,57883,58101.0,218.0,460,860,7.118381654745917,3.310875177383423,0.5302325581395348,1.0,2.008323431015014,0.6045138882992919,2.8231239318847656,9.802460670471191,1.0157117587665832,26.42011833190918,0.5758744691230552,1.0,9.382606238975775,0.13285565822374085
official,T0097,1260,1,58317,58492.0,175.0,160,560,3.586781336324985,5.518125057220459,0.9964285714285714,1.0,0.4543284773826599,0.2242895519427423,1.7372300624847412,2.354957103729248,2.168745443577479,8.432220458984375,0.1938882419440363,0.9999995827674866,8.494602892621021,0.1932942999023778
official,T0098,5956,1,58633,59957.0,1324.0,260,660,6.34584435263507,5.518125534057617,0.7166666666666667,1.0,1.6816061735153198,0.32028599879845526,2.0252482891082764,10.221467971801758,-1.3189271494520434,24.519636154174805,0.3940807744902982,1.0,6.138820599019527,0.19374703154663261
official,T0099,1540,1,60123,60293.0,170.0,460,860,11.86396988919793,5.518125534057617,0.6593023255813953,1.0,1.8303080797195437,0.3971942783528289,2.4632492065429688,6.454716682434082,-0.9059697243883166,17.151235580444336,0.36805510547223264,1.0,6.582833810653105,0.1523171464956228
official,T0100,1236,1,60509,60678.0,169.0,160,560,5.021494183113465,7.725375652313232,0.9982142857142857,1.0,0.4074595868587494,0.1986933733502935,1.523454666137695,2.556441307067871,6.035847896457251,20.79369735717773,0.13946679752552876,0.8318899869918823,6.678718646083559,0.14803149063274235
official,T0101,1404,1,60819,61005.0,186.0,260,660,8.884181503457619,7.725375175476074,0.8772727272727273,1.0,1.027595043182373,0.2502545717652097,1.849279761314392,4.812797546386719,0.08584307684443157,4.660993576049805,0.2918011408172209,1.0,8.649709866516236,0.20896791412443705
official,T0102,664,0,61171,,,0,0,0.0,,,,,,,,,,,,,
official,T0103,660,0,61338,,,0,0,0.0,,,,,,,,,,,,,
official,T0104,1032,0,61504,,,0,0,0.0,,,,,,,,,,,,,
official,T0105,1080,0,61763,,,0,0,0.0,,,,,,,,,,,,,
official,T0106,1344,1,62034,62230.0,196.0,160,560,7.890919742572979,12.13987636566162,0.9928571428571429,1.0,1.4737430810928345,0.2488535296571042,2.239366292953491,10.764025688171388,-0.15042595654376784,21.639066696166992,0.07412177049970653,0.9076528549194336,5.404158398083278,0.08569171466255539
official,T0107,1148,0,62371,,,0,0,0.0,,,,,,,,,,,,,
official,T0108,560,0,62659,,,0,0,0.0,,,,,,,,,,,,,
official,T0109,1368,1,62800,63002.0,202.0,160,560,0.7173563009439488,1.1036250591278076,0.9928571428571429,1.0,0.7636327147483826,0.16798308753807625,2.184563159942627,2.4253933429718018,-1.902912670646661,59.153568267822266,0.12774397204879537,0.9958242177963256,4.5363586217164995,0.10091403930647562
official,T0110,1416,1,63143,63332.0,189.0,260,660,1.2691689527738594,1.1036251783370972,0.8409090909090909,1.0,1.224132061004639,0.3911420927919222,1.812878131866455,5.428870677947998,0.7137472872438869,21.287567138671875,0.3043233391924084,1.0,12.163130115096768,0.17536844769248008
official,T0111,1820,1,63498,63738.0,240.0,460,860,2.372793886912248,1.1036250591278076,0.4965116279069767,1.0,1.537631273269653,0.5388120687674991,1.52348530292511,3.947089672088623,-2.7321265251657296,96.8590316772461,0.6117111299728412,1.0,4.488368298858404,0.11499588462968457
official,T0112,1448,1,63954,64176.0,222.0,160,560,2.152068903249777,3.310875177383423,0.9946428571428572,1.0,1.398789882659912,0.2926239505077579,1.7123676538467407,2.831960916519165,4.22349990196526,60.55521774291992,0.26268843421213595,0.9192535281181335,10.736427447093385,0.16334698331941452
official,T0113,1452,1,64317,64515.0,198.0,260,660,3.8075067350243543,3.310875415802002,0.9848484848484849,1.0,1.0791743993759155,0.2540792455388741,2.0919764041900635,15.100040435791016,7.776143397035247,154.8316192626953,0.11412105711536821,0.9999999403953552,9.838111122042843,0.13424630712353527
official,T0114,728,0,64681,,,0,0,0.0,,,,,,,,,,,,,
official,T0115,612,0,64864,,,0,0,0.0,,,,,,,,,,,,,
official,T0116,1428,1,65018,65210.0,192.0,260,660,6.345844357888892,5.518125534057617,0.7954545454545454,1.0,1.7874640226364136,0.3413748373700814,2.0235869884490967,5.606015682220459,0.18870275214624901,7.971041202545166,0.3260497421715902,1.0,9.387964721791672,0.15805911489952093
official,T0117,656,0,65376,,,0,0,0.0,,,,,,,,,,,,,
official,T0118,1284,1,65541,65722.0,181.0,160,560,5.021493901090367,7.725375175476074,0.9892857142857143,1.0,0.4781064093112945,0.23777926483058504,1.845866084098816,2.5496013164520264,9.144925556451614,83.1912612915039,0.1547850160445835,0.9999999403953552,11.07772955117481,0.14998655769122707
official,T0119,716,0,65863,,,0,0,0.0,,,,,,,,,,,,,
official,T0120,1624,1,66043,66234.0,191.0,460,860,16.609556690073408,7.725375175476074,0.7220930232558139,1.0,1.4581762552261353,0.35561221121528813,1.9822790622711184,4.200353145599365,-7.481575430574459,20.32193374633789,0.4243098754048629,0.9999999403953552,9.290409383125777,0.12711176381349634
official,T0121,592,0,66450,,,0,0,0.0,,,,,,,,,,,,,
official,T0122,1676,1,66599,66853.0,254.0,260,660,11.42251860499107,9.932624816894531,0.7833333333333333,1.0,1.9457038640975952,0.3168681239201264,2.504238605499268,6.283632755279541,2.9616280849317485,66.93636322021484,0.34879374659874224,1.0,6.355386487823544,0.14854405798114106
official,T0123,1672,1,67019,67222.0,203.0,460,860,21.35514346347335,9.932624816894531,0.8116279069767441,1.0,1.5189090967178345,0.31204810132987276,2.594210147857666,7.678431510925293,-7.755713896843236,43.75621032714844,0.4290268822139952,1.0,10.431046794996012,0.1585077812698897
official,T0124,1324,1,67438,67629.0,191.0,160,560,7.890920233342713,12.139877319335938,0.9964285714285714,1.0,0.410999447107315,0.18967495868980352,1.7662736177444458,2.1381311416625977,-3.2112129910849037,20.532859802246094,0.13750945871724976,0.8306032419204712,5.008717394354088,0.1023244929547997
official,T0125,1500,1,67770,67980.0,210.0,260,660,13.960856814020714,12.139875411987305,0.8651515151515151,1.0,1.6464431285858154,0.43216006235275983,2.419180631637573,15.166736602783203,1.11949012938774,154.61827087402344,0.27192067384550517,1.0,15.009502028132028,0.1513718377457928
official,T0126,1784,1,68146,68377.0,231.0,460,860,26.100734260298896,12.13987636566162,0.7348837209302326,1.0,1.6200969219207764,0.41652154634858285,2.3174374103546143,4.700761318206787,-0.8107957920471076,19.140457153320312,0.3647415543970013,0.9999999403953552,4.627836532128412,0.08525009230066896
official,T0127,1312,1,68593,68781.0,188.0,160,560,0.717356310681217,1.1036250591278076,0.9875,1.0,0.5852610468864441,0.23138416734457548,2.0364253520965576,2.617830276489258,5.457537847361527,28.449970245361328,0.302171233266459,0.9894939064979552,7.027641925242331,0.1542660461679588
official,T0128,1376,1,68922,69101.0,179.0,260,660,1.2691689545529767,1.1036251783370972,0.990909090909091,1.0,1.776947259902954,0.2487051474494916,2.287827014923096,5.584400177001953,0.24587465186151816,16.14472198486328,0.16047094875071763,0.9996082186698914,5.007128418688521,0.09868782178091347
official,T0129,1656,1,69267,69466.0,199.0,460,860,2.372793887068245,1.1036250591278076,0.5918604651162791,1.0,1.379076361656189,0.39298520424338274,1.550557255744934,4.352656841278076,1.3119107251250466,75.80928039550781,0.5037464319590241,1.0,2.4004759813290697,0.06872000601021659
official,T0130,608,0,69682,,,0,0,0.0,,,,,,,,,,,,,
official,T0131,1384,1,69835,70016.0,181.0,260,660,3.807506496726835,3.310875177383423,0.7818181818181819,1.0,1.9183269739151,0.27733637752067863,2.223460912704468,7.563538551330566,2.0906388002476004,33.690887451171875,0.3952493639578196,1.0,17.7123798871808,0.26813260808844597
official,T0132,1568,1,70182,70359.0,177.0,460,860,7.1183816535526585,3.310875177383423,0.7790697674418605,1.0,1.81627357006073,0.4059513659627978,2.2173397541046143,5.700068473815918,4.3408461332494435,132.24156188964844,0.43720996311424454,0.9999999403953552,5.585225437131039,0.12590085826017203
official,T0133,796,0,70575,,,0,0,0.0,,,,,,,,,,,,,
official,T0134,6004,0,70775,,,0,0,0.0,,,,,,,,,,,,,
official,T0135,2288,1,72277,72634.0,357.0,460,860,11.863968902197543,5.518125057220459,0.5965116279069768,1.0,1.3881744146347046,0.43200310206603865,1.7029376029968262,3.999993801116944,4.704722612667395,47.118408203125,0.5429521314139196,1.0,8.910365179839522,0.20344190399733042
official,T0136,740,0,72850,,,0,0,0.0,,,,,,,,,,,,,
official,T0137,1564,1,73036,73262.0,226.0,260,660,8.884181495355111,7.725375175476074,0.8484848484848485,1.0,0.8627957105636597,0.25346942025829444,1.8604979515075684,3.681557893753052,4.23097355771584,30.619741439819336,0.2552871940763329,1.0,5.44563071416183,0.14665080229017552
official,T0138,1552,1,73428,73601.0,173.0,460,860,16.609557706632888,7.725375652313232,0.7430232558139535,1.0,1.7065976858139038,0.3785251093486887,2.120282888412476,8.71780014038086,-2.055119841935676,127.8785171508789,0.3500571795660721,0.9999999403953552,7.08386685845637,0.12180625898018174
official,T0139,1332,1,73817,74010.0,193.0,160,560,6.456206137389921,9.932624816894531,0.9982142857142857,1.0,0.5617034435272217,0.2811690820114953,2.063988447189331,3.754077196121216,3.411060130602813,38.343505859375,0.17941651540781356,0.8763870000839233,18.069786867712224,0.22086417782972734
official,T0140,1416,1,74151,74340.0,189.0,260,660,11.422518604767555,9.932624816894531,0.990909090909091,1.0,1.898760199546814,0.2643660616552965,2.259803295135498,4.371659755706787,-9.826700695355733,54.260032653808594,0.18119586989509337,1.0,12.825914613270399,0.16876476492851164
official,T0141,1612,1,74506,74694.0,188.0,460,860,21.35514346684474,9.932624816894531,0.7325581395348837,1.0,1.5058906078338623,0.38226171040387696,2.181889057159424,6.08121395111084,8.230475097218918,80.5454330444336,0.4869992605532346,1.0,8.707171156413333,0.21710585110667188
official,T0142,1288,1,74910,75092.0,182.0,160,560,7.890919756277391,12.13987636566162,0.9982142857142857,1.0,0.5907583832740784,0.2477071036884029,1.4530004262924194,2.7690317630767822,-0.5169349633090731,4.186324119567871,0.09663745728487681,0.9821767807006836,8.67265146901565,0.11928406323045881
official,T0143,1520,1,75233,75448.0,215.0,260,660,13.960857900585498,12.13987636566162,0.9924242424242424,1.0,0.6648290753364563,0.26470211976574676,1.7568457126617432,3.968756437301636,-0.31135445819941887,5.951004981994629,0.12408998485532885,0.9977455139160156,5.289638396284797,0.08365071978459482
official,T0144,1708,1,75614,75826.0,212.0,460,860,26.100736232132014,12.139877319335938,0.7930232558139535,1.0,1.4271197319030762,0.38881088738697905,1.972217082977295,3.3633761405944824,3.9294595189089345,22.056190490722656,0.31002625481653306,1.0,8.807463459194054,0.15098313180708425
official,T0145,1552,1,76042,76290.0,248.0,160,560,0.7173563027437296,1.1036250591278076,0.7946428571428571,1.0,1.6224827766418457,0.3021389454802764,2.177828788757324,9.948326110839844,2.398380968550087,44.35759735107422,0.2716853918108557,1.0,7.684820517671428,0.15058815143328108
official,T0146,1280,0,76431,,,0,0,0.0,,,,,,,,,,,,,
official,T0147,608,0,76752,,,0,0,0.0,,,,,,,,,,,,,
official,T0148,608,0,76905,,,0,0,0.0,,,,,,,,,,,,,
official,T0149,604,0,77058,,,0,0,0.0,,,,,,,,,,,,,
official,T0150,6004,0,77210,,,0,0,0.0,,,,,,,,,,,,,
official,T0151,6004,0,78712,,,0,0,0.0,,,,,,,,,,,,,
official,T0152,1404,0,80214,,,0,0,0.0,,,,,,,,,,,,,
official,T0153,608,0,80566,,,0,0,0.0,,,,,,,,,,,,,
official,T0154,624,0,80719,,,0,0,0.0,,,,,,,,,,,,,
official,T0155,6004,0,80876,,,0,0,0.0,,,,,,,,,,,,,
official,T0156,1448,0,82378,,,0,0,0.0,,,,,,,,,,,,,
official,T0157,6004,0,82741,,,0,0,0.0,,,,,,,,,,,,,
official,T0158,1436,1,84243,84437.0,194.0,260,660,11.422519628218812,9.932625770568848,0.8242424242424242,1.0,1.8672066926956177,0.3482613932059118,2.106274366378784,9.538653373718262,-0.9844012205503091,382.61920166015625,0.26906667514069177,0.9999999403953552,11.71910750050888,0.17168967163123658
official,T0159,640,0,84603,,,0,0,0.0,,,,,,,,,,,,,
official,T0160,6004,0,84764,,,0,0,0.0,,,,,,,,,,,,,
official,T0161,1524,1,86266,86482.0,216.0,260,660,13.960857993983176,12.13987636566162,0.7424242424242424,1.0,1.7866477966308594,0.46208800558339463,2.328700304031372,5.41129732131958,0.9304578200434194,448.1821594238281,0.2896100316348373,0.9999999403953552,7.7842718092781125,0.09064866442910867
official,T0162,6004,0,86648,,,0,0,0.0,,,,,,,,,,,,,
official,T0163,6004,0,88150,,,0,0,0.0,,,,,,,,,,,,,
official,T0164,688,0,89652,,,0,0,0.0,,,,,,,,,,,,,
official,T0165,984,0,89825,,,0,0,0.0,,,,,,,,,,,,,
official,T0166,700,0,90072,,,0,0,0.0,,,,,,,,,,,,,
official,T0167,1580,0,90248,,,0,0,0.0,,,,,,,,,,,,,
official,T0168,644,0,90644,,,0,0,0.0,,,,,,,,,,,,,
official,T0169,616,0,90806,,,0,0,0.0,,,,,,,,,,,,,
official,T0170,604,0,90961,,,0,0,0.0,,,,,,,,,,,,,
official,T0171,604,0,91113,,,0,0,0.0,,,,,,,,,,,,,
official,T0172,6004,0,91265,,,0,0,0.0,,,,,,,,,,,,,
official,T0173,700,0,92767,,,0,0,0.0,,,,,,,,,,,,,
official,T0174,6004,0,92943,,,0,0,0.0,,,,,,,,,,,,,
official,T0175,768,0,94445,,,0,0,0.0,,,,,,,,,,,,,
official,T0176,2660,1,94638,95138.0,500.0,260,660,11.422518647573463,9.932624816894531,0.21363636363636362,1.0,1.6594834327697754,0.5839410316311952,1.5085574388504028,6.080129146575928,-0.33677590738869073,6.87748908996582,0.8139070276895037,1.0,1.9931074306820378,0.10188154937702965
official,T0177,6004,0,95304,,,0,0,0.0,,,,,,,,,,,,,
official,T0178,6004,0,96806,,,0,0,0.0,,,,,,,,,,,,,
official,T0179,604,0,98308,,,0,0,0.0,,,,,,,,,,,,,
official,T0180,596,0,98460,,,0,0,0.0,,,,,,,,,,,,,
official,T0181,688,0,98610,,,0,0,0.0,,,,,,,,,,,,,
official,T0182,6004,0,98783,,,0,0,0.0,,,,,,,,,,,,,
official,T0183,1772,1,100285,100513.0,228.0,460,860,2.372793889781013,1.1036250591278076,0.641860465116279,1.0,1.9846135377883911,0.4138168744482966,2.0536391735076904,7.5522003173828125,-8.034739988557128,70.12486267089844,0.47439378944420535,0.9999999403953552,10.522159557001189,0.1895712281273222
official,T0184,6004,0,100729,,,0,0,0.0,,,,,,,,,,,,,
official,T0185,1488,1,102231,102438.0,207.0,260,660,3.807506486296021,3.310875177383423,0.8469696969696969,1.0,1.6870554685592651,0.3292999904094772,2.090693473815918,10.530884742736816,-6.206864261294179,135.89382934570312,0.24326471639700079,1.0,9.952441522840298,0.16122520699679044
official,T0186,624,0,102604,,,0,0,0.0,,,,,,,,,,,,,
official,T0187,588,0,102761,,,0,0,0.0,,,,,,,,,,,,,
official,T0188,6004,0,102909,,,0,0,0.0,,,,,,,,,,,,,
official,T0189,856,0,104411,,,0,0,0.0,,,,,,,,,,,,,
official,T0190,1396,1,104626,104835.0,209.0,160,560,5.021493884252053,7.725375175476074,0.9410714285714286,1.0,1.8777148723602293,0.27626982526853683,2.077864408493042,5.622525691986084,-10.202233605895058,111.52919006347656,0.20533047470255822,1.0,12.74896762282255,0.17930433985548005
official,T0191,640,0,104976,,,0,0,0.0,,,,,,,,,,,,,
official,T0192,6004,0,105137,,,0,0,0.0,,,,,,,,,,,,,
official,T0193,600,0,106639,,,0,0,0.0,,,,,,,,,,,,,
official,T0194,6004,0,106790,,,0,0,0.0,,,,,,,,,,,,,
official,T0195,1204,0,108292,,,0,0,0.0,,,,,,,,,,,,,
official,T0196,6004,0,108594,,,0,0,0.0,,,,,,,,,,,,,
official,T0197,684,0,110096,,,0,0,0.0,,,,,,,,,,,,,
official,T0198,636,0,110268,,,0,0,0.0,,,,,,,,,,,,,
official,T0199,6004,0,110428,,,0,0,0.0,,,,,,,,,,,,,
official,T0200,6004,0,111930,,,0,0,0.0,,,,,,,,,,,,,
official,T0201,1652,1,113432,113630.0,198.0,460,860,2.372794128415552,1.1036251783370972,0.6883720930232559,1.0,1.7559006214141846,0.4567426080360662,2.057272434234619,9.08708667755127,5.2628175023076835,129.0362548828125,0.37239518822976225,1.0,8.19429455773775,0.1285219886888436
official,T0202,1580,1,113846,114101.0,255.0,160,560,2.152068763951863,3.310874938964844,0.7785714285714286,1.0,1.7933653593063354,0.33166009224951265,1.98883318901062,7.795935153961182,-7.433430859672704,48.26710891723633,0.3756353112684987,1.0,9.780405526475183,0.19770571713852406
official,T0203,1572,1,114242,114470.0,228.0,260,660,3.80750647504448,3.310875177383423,0.8560606060606061,1.0,1.508854866027832,0.2901198215048873,1.7539937496185305,6.738670349121094,-1.0053945212258082,41.76826858520508,0.2242585734409107,1.0,6.73637154506463,0.13620586460769338
official,T0204,636,0,114636,,,0,0,0.0,,,,,,,,,,,,,
official,T0205,588,0,114796,,,0,0,0.0,,,,,,,,,,,,,
official,T0206,6004,0,114944,,,0,0,0.0,,,,,,,,,,,,,
official,T0207,1648,1,116446,116643.0,197.0,460,860,11.863968908159167,5.518125057220459,0.7441860465116279,1.0,1.617134928703308,0.36780850568049867,2.13881778717041,5.466183662414551,7.999348331831915,165.9220733642578,0.3133944239034209,1.0,9.545181835096242,0.15335698774782264
official,T0208,2788,0,116859,,,0,0,0.0,,,,,,,,,,,,,
official,T0209,6004,0,117557,,,0,0,0.0,,,,,,,,,,,,,
official,T0210,2632,1,119059,119502.0,443.0,460,860,16.60955669549371,7.725375175476074,0.3569767441860465,1.0,1.705004096031189,0.45742555619650627,2.00559139251709,8.588624000549316,-0.6298194733686572,1.3807458877563477,0.681523393843388,1.0,3.223744486519244,0.0733585421565675
official,T0211,640,0,119718,,,0,0,0.0,,,,,,,,,,,,,
official,T0212,964,0,119879,,,0,0,0.0,,,,,,,,,,,,,
official,T0213,6004,0,120121,,,0,0,0.0,,,,,,,,,,,,,
official,T0214,604,0,121623,,,0,0,0.0,,,,,,,,,,,,,
official,T0215,604,0,121775,,,0,0,0.0,,,,,,,,,,,,,
official,T0216,6004,0,121927,,,0,0,0.0,,,,,,,,,,,,,
retrained,T0001,2556,1,2,536.0,534.0,20,420,0.070331240251707,1.100222945213318,0.8214285714285714,1.0,2.361727714538574,0.5309242725549709,1.98835027217865,6.444123268127441,0.8054213443017076,31.375417709350582,0.12591252042024972,1.0,3.996534453545298,0.09445317414876103
retrained,T0002,2348,1,642,1124.0,482.0,20,420,0.2109937146828982,3.300668954849243,0.7071428571428572,1.0,2.0319085121154785,0.46554131318061126,1.6782015562057495,4.55830717086792,2.693006816454276,26.01077079772949,0.3025695949122088,1.0,5.272556128641147,0.08087416263615953
retrained,T0003,2112,1,1230,1653.0,423.0,20,420,0.351656175144251,5.501114845275879,0.9952380952380953,1.0,0.8691207766532898,0.20885407880303405,1.514477252960205,4.199868679046631,-0.14198500100866937,3.0859217643737797,0.1346865361002052,0.9998443126678468,4.152916572633243,0.07246862923830985
retrained,T0004,2244,1,1759,2215.0,456.0,20,420,0.4923186469304861,7.701560497283935,0.719047619047619,1.0,2.6732664108276367,0.4817660331637377,2.6399829387664795,7.099799633026123,-0.6681392935592504,66.81632995605469,0.29435578645650473,1.0,3.432708928432493,0.07500564334016718
retrained,T0005,456,0,2321,,,0,0,0.0,,,,,,,,,,,,,
retrained,T0006,2320,1,2436,2911.0,475.0,20,420,0.7736436769296893,12.102453231811523,0.6714285714285714,1.0,2.3185925483703613,0.6339728499984457,2.4426920413970947,5.810073375701904,3.557013994779083,12.5321683883667,0.3006472696511385,1.0,5.803119470804398,0.0770587578489323
retrained,T0007,2196,1,3017,3461.0,444.0,20,420,0.0703312390223613,1.100222945213318,0.39285714285714285,1.0,2.791496515274048,0.6472239694957223,2.7109334468841557,8.846665382385254,-2.3281070772114965,2.0059516429901123,0.6065375959697468,1.0,6.427126753897894,0.42320495035653166
retrained,T0008,2184,1,3567,4008.0,441.0,20,420,0.210993714384875,3.300668954849243,0.6095238095238096,1.0,2.5096445083618164,0.5559527642492738,2.476860284805298,10.299062728881836,2.276812525421736,116.99267578125,0.39969735156184816,1.0,6.261622000396962,0.27105950234763443
retrained,T0009,2684,1,4114,4680.0,566.0,20,420,0.3516561817007618,5.501114845275879,0.6023809523809524,1.0,2.106562852859497,0.5535938477409738,1.7191449403762815,11.298526763916016,0.525472227918605,113.14620208740234,0.40262626809999347,1.0,3.8240142782529194,0.09556165378086179
retrained,T0010,2200,1,4786,5231.0,445.0,20,420,0.4923186671960649,7.701560497283935,0.7761904761904762,1.0,2.6894164085388184,0.5644488430626335,2.5853214263916016,6.407224178314209,-0.5487788646969767,11.69420337677002,0.23248407779804742,1.0,7.3639188144888195,0.13704018480895597
retrained,T0011,2148,1,5337,5769.0,432.0,20,420,0.6329811035175371,9.902006149291992,0.8642857142857143,1.0,2.2732295989990234,0.46197853726556615,2.2298805713653564,5.259383201599121,4.084337101131678,124.6880874633789,0.3588723197030569,1.0,7.925700537647519,0.23694992396215508
retrained,T0012,2380,1,5875,6365.0,490.0,20,420,0.7736436781217821,12.102453231811523,0.4142857142857143,1.0,2.385171413421631,0.42625070746455873,2.1703927516937256,6.198578834533691,1.2193887618054369,158.06719970703125,0.6073990798644012,1.0,4.627285482590309,0.3303171485817681
retrained,T0013,812,0,6471,,,0,0,0.0,,,,,,,,,,,,,
retrained,T0014,6004,0,6675,,,0,0,0.0,,,,,,,,,,,,,
retrained,T0015,2332,1,8177,8655.0,478.0,20,420,0.3516561732071001,5.501114845275879,0.7238095238095238,1.0,2.556807279586792,0.5965653076058343,2.313101291656494,9.083189010620115,-4.369560710837444,43.934207916259766,0.2864392621803702,1.0,6.813371545147328,0.15227626075123096
retrained,T0016,2220,1,8761,9211.0,450.0,20,420,0.492318659149438,7.701560497283935,0.9547619047619048,1.0,1.4007887840270996,0.2265090893155762,1.2896136045455933,3.121100425720215,-0.5005099365554218,24.346139907836918,0.2224873532851537,1.0,4.218614852055907,0.11553091964271424
retrained,T0017,6004,0,9317,,,0,0,0.0,,,,,,,,,,,,,
retrained,T0018,492,0,10819,,,0,0,0.0,,,,,,,,,,,,,
retrained,T0019,2172,1,10943,11381.0,438.0,20,420,0.0703312376440039,1.100222945213318,0.9952380952380953,1.0,0.9022812247276306,0.2059633489786869,1.579562425613403,2.946814775466919,0.4455456498411617,25.29343032836914,0.16547106645690898,0.99941086769104,4.018130621881712,0.07256745925270866
retrained,T0020,576,0,11487,,,0,0,0.0,,,,,,,,,,,,,
retrained,T0021,2456,1,11632,12141.0,509.0,20,420,0.3516561806576805,5.501114845275879,0.819047619047619,1.0,2.818239688873291,0.4873663178866818,2.1714959144592285,8.389159202575684,-0.5722944074576455,18.26421356201172,0.17131120001985914,1.0,5.7355750077359735,0.11515141664775519
retrained,T0022,2152,1,12247,12680.0,433.0,20,420,0.4923186472285094,7.701560020446777,0.9904761904761905,1.0,0.6777626872062683,0.324933973806245,1.625128984451294,4.343161106109619,5.664675920922309,122.15036010742188,0.18208639653333064,0.9770729541778564,8.21609518577655,0.12382865697866127
retrained,T0023,2444,1,12786,13292.0,506.0,20,420,0.6329811461348571,9.902007102966309,1.0,0.0,0.8698759078979492,0.2881116972792716,1.7420662641525269,4.790408134460449,1.2450330904862357,31.52711677551269,0.10600998908048492,0.7853977084159851,4.023840941169432,0.06877350642749831
retrained,T0024,2152,1,13398,13831.0,433.0,20,420,0.7736436757375964,12.102453231811523,0.9928571428571429,1.0,0.9446426033973694,0.21553855935732524,1.5213390588760376,4.010890483856201,-2.294084370650706,20.982177734375,0.16888937264338894,0.9998819231987,6.349654479679607,0.11228528600265797
retrained,T0025,2048,1,13937,14344.0,407.0,20,420,0.0703312381282916,1.100222945213318,1.0,0.0,0.9773518443107604,0.28750339386363827,1.7241142988204956,3.673617839813232,4.204772387001486,22.211898803710938,0.22847471337632408,0.776644229888916,6.9558922551217535,0.1312905099357262
retrained,T0026,1944,1,14450,14831.0,381.0,20,420,0.2109937146828982,3.300668954849243,0.9928571428571429,1.0,1.8851088285446167,0.3639433875502575,1.8776010274887085,4.527560234069824,-7.783734660841791,39.131229400634766,0.13008958523250408,0.9808458089828492,10.810580486449457,0.14284180602505026
retrained,T0027,1916,1,14937,15311.0,374.0,20,420,0.3516561897473887,5.501115322113037,0.9857142857142858,1.0,1.6006550788879397,0.3012711412228999,1.7140586376190186,3.445582628250122,6.847691232285329,33.98549270629883,0.22489372692736131,0.919987142086029,8.18316233111989,0.19334131153244968
retrained,T0028,2076,1,15417,15831.0,414.0,20,420,0.4923186588514148,7.701560974121094,0.9904761904761905,1.0,0.7357228398323059,0.3420898957621484,1.6226613521575928,4.454875469207764,11.076385444278518,106.42133331298828,0.16837538266665347,0.9989872574806212,12.372587652220613,0.1640419330999499
retrained,T0029,2100,1,15937,16357.0,420.0,20,420,0.6329810987491657,9.902006149291992,0.9952380952380953,1.0,0.6251131892204285,0.2761792070365378,1.5474889278411863,3.21474027633667,2.484396617824123,60.63062286376953,0.15534893188270785,0.7713107466697693,6.61859810806456,0.11631448070873458
retrained,T0030,2008,1,16463,16860.0,397.0,20,420,0.7736436691810856,12.102453231811523,0.9928571428571429,1.0,0.9480384588241576,0.2698687409006414,1.8907575607299805,4.324489593505859,1.426399934690978,39.208534240722656,0.1597830701494656,0.8050193786621094,5.782646740689164,0.11020523996391729
retrained,T0031,2152,1,16966,17399.0,433.0,20,420,0.0703312376812568,1.100222945213318,0.9380952380952381,1.0,1.4840421676635742,0.31319126652642376,1.5047951936721802,3.5662267208099365,-2.0766792222768777,34.47810745239258,0.19585677062915194,1.0,5.136999407907327,0.14104256371185675
retrained,T0032,1948,1,17505,17887.0,382.0,20,420,0.2109937128947589,3.300668954849243,0.9976190476190476,1.0,1.3738486766815186,0.246690153720833,1.6516809463500977,3.869652271270752,-2.5343936313342836,65.8682861328125,0.1396269422900375,0.7926801443099976,5.455814831650683,0.1000578163622235
retrained,T0033,2092,1,17993,18411.0,418.0,20,420,0.3516561769323904,5.501114845275879,0.9928571428571429,1.0,1.1205449104309082,0.29219585616318955,1.5826658010482788,3.9452311992645264,-3.8543993672888193,28.44523048400879,0.20960898872359568,0.9977588057518004,5.716625844013123,0.09148556879642583
retrained,T0034,1976,1,18517,18906.0,389.0,20,420,0.4923186579573452,7.701560497283935,0.9619047619047619,1.0,1.5325515270233154,0.29535919065099386,1.6249175071716309,3.7163491249084473,-2.7872793835809544,28.41843032836914,0.23640758622759245,0.9228694438934326,5.622907604720621,0.1445372388328126
retrained,T0035,1948,1,19012,19394.0,382.0,20,420,0.632981105901723,9.902006149291992,0.9928571428571429,1.0,0.6719180345535278,0.275098447004954,1.7835911512374878,3.5778558254241943,-1.8617013748646491,45.849876403808594,0.22705779407960586,0.9769240617752076,4.98587430949722,0.079866856421653
retrained,T0036,1944,1,19500,19881.0,381.0,20,420,0.7736436924268966,12.10245418548584,0.9880952380952381,1.0,1.9846811294555664,0.37158103642009555,1.891818642616272,4.471956729888916,7.6592395284700965,134.1199951171875,0.11395290856515723,0.987437665462494,9.728076383613406,0.13128698711519798
retrained,T0037,2040,1,19987,20392.0,405.0,20,420,0.0703312409967651,1.100222945213318,0.9904761904761905,1.0,0.9382055401802064,0.43677901677077724,1.7891744375228882,6.304999828338623,6.640001150398027,31.090011596679688,0.08222296927792958,0.969313621520996,12.396242493674869,0.12119621234548197
retrained,T0038,2024,1,20498,20899.0,401.0,20,420,0.2109937213884206,3.300668954849243,0.9785714285714285,1.0,0.5730026960372925,0.27377141058622373,1.6065207719802856,2.913938522338867,0.1639480673663673,10.800589561462402,0.15141645846999294,0.9926815629005432,7.136008410475084,0.13083503113822578
retrained,T0039,1964,1,21005,21391.0,386.0,20,420,0.3516562016683174,5.501115322113037,0.9809523809523809,1.0,1.333007574081421,0.399211726790028,1.8370263576507568,5.447315216064453,-0.05971937479362601,9.44091510772705,0.165821109656688,0.9999437928199768,8.931565739072504,0.1193465841969425
retrained,T0040,1940,1,21497,21877.0,380.0,20,420,0.4923186815011793,7.701560974121094,1.0,0.0,0.5991962552070618,0.24209202540417513,1.6579481363296509,3.228200674057007,-0.5343658828753091,3.46425724029541,0.1128375249426989,0.4171985983848572,4.344536441027941,0.07561745143496709
retrained,T0041,2032,1,21983,22386.0,403.0,20,420,0.6329811023254444,9.902006149291992,1.0,0.0,0.6080056428909302,0.27312053380800144,1.620539665222168,3.224960803985596,-0.6492486380040645,5.496819496154785,0.1689788788512704,0.7929426431655884,6.339272678217718,0.12280551781619749
retrained,T0042,2084,1,22492,22908.0,416.0,20,420,0.7736436626245748,12.102452278137209,1.0,0.0,0.6012500524520874,0.2562072436458298,1.584883213043213,3.1151046752929688,0.19883114227226803,3.6842801570892334,0.1259642916731536,0.5680771470069885,4.728134890965053,0.08652295889908035
retrained,T0043,2080,1,23014,23429.0,415.0,20,420,0.0703312404007187,1.1002230644226074,0.9642857142857143,1.0,0.6485323905944824,0.2891241677415868,1.5796362161636353,2.97337007522583,0.09844895708596423,9.116393089294434,0.17730538005402888,0.9992526769638062,7.162731128664953,0.14426527381535076
retrained,T0044,1932,1,23535,23913.0,378.0,20,420,0.2109937233255715,3.300668954849243,0.9619047619047619,1.0,1.6174511909484863,0.3267262352807891,1.907477617263794,6.264257907867432,1.2706390579275433,12.278217315673828,0.20653344125076684,0.8561607003211975,7.249916730288948,0.15968641025247052
retrained,T0045,1944,1,24019,24400.0,381.0,20,420,0.3516561781244832,5.501114845275879,0.9904761904761905,1.0,0.9750098586082458,0.4224426289133373,1.6684623956680298,5.412468433380127,-7.179811757164342,6.8474225997924805,0.03499929007763663,0.9153741002082824,11.228938634800059,0.09394088353119077
retrained,T0046,1968,1,24506,24893.0,387.0,20,420,0.4923186290490931,7.701560497283935,0.9928571428571429,1.0,0.685152530670166,0.2649938781701383,1.6683928966522217,3.730888843536377,-0.34773104519006753,5.273553848266602,0.12239877170428541,0.9929354786872864,5.140327721390696,0.09347967380294683
retrained,T0047,1960,1,24999,25384.0,385.0,20,420,0.632981123783116,9.902007102966309,0.9976190476190476,1.0,0.7683861255645752,0.27139263286122256,1.623978614807129,3.267756223678589,0.8885033849050247,9.035918235778809,0.13885902472594305,0.8052646517753601,5.826826080289625,0.10072517459858704
retrained,T0048,1952,1,25490,25873.0,383.0,20,420,0.7736436673929463,12.102453231811523,1.0,0.0,0.6432345509529114,0.24815930967174826,1.650348424911499,4.412309169769287,0.44019454158842564,4.623922348022461,0.11275051127609217,0.7053520679473877,4.29692404442245,0.07317110630195069
retrained,T0049,2152,1,25979,26412.0,433.0,20,420,0.0703312405497303,1.100222945213318,0.9904761904761905,1.0,0.9876641035079956,0.24946843058403048,1.6325770616531372,3.3809361457824707,-7.041403898215365,46.91856384277344,0.23752559983348917,0.9503019452095032,9.040984975901388,0.12870485992139577
retrained,T0050,2012,1,26518,26916.0,398.0,20,420,0.2109937120006892,3.300668954849243,0.9952380952380953,1.0,1.2805386781692505,0.2961339448135169,1.6835126876831057,4.56021785736084,-0.9771489941293285,46.28384780883789,0.21475312146081013,0.8250946998596191,9.880611783798251,0.15711168046071267
retrained,T0051,2388,1,27022,27514.0,492.0,20,420,0.3516561951118066,5.501115322113037,0.830952380952381,1.0,1.824658155441284,0.36897478244223053,1.7242916822433472,5.837594509124756,0.5287059128018362,170.17666625976562,0.29807416019695143,1.0,6.915134887574684,0.15634423865090608
retrained,T0052,2108,1,27620,28042.0,422.0,20,420,0.492318668686181,7.701560497283935,0.680952380952381,1.0,1.9670372009277344,0.43519898657465267,2.003577709197998,3.3436267375946045,0.9383719779329286,57.19450378417969,0.31560568201322375,1.0,5.0966894338528315,0.2527624006416036
retrained,T0053,2104,1,28148,28569.0,421.0,20,420,0.6329811336178821,9.902006149291992,0.930952380952381,1.0,1.819603443145752,0.3446607654470773,1.8648682832717896,3.2857954502105717,0.21942409410008362,31.343137741088867,0.16688372629716816,1.0,4.1403880592613,0.09473542454278293
retrained,T0054,2064,1,28675,29086.0,411.0,20,420,0.7736436745455035,12.102453231811523,0.9714285714285714,1.0,1.69502592086792,0.4298282619299633,1.6868338584899902,5.006114959716797,4.949286461577175,128.24440002441406,0.08232969052679394,0.950387179851532,9.273040456448992,0.10096748147376011
retrained,T0055,2196,1,29192,29636.0,444.0,20,420,0.0703312387243381,1.100222945213318,0.7928571428571428,1.0,1.873940706253052,0.3445193363974492,1.6210983991622925,3.886659622192383,-0.13836288482471856,2.0826752185821533,0.3151178403081195,1.0,4.053968651096026,0.09478085479154068
retrained,T0056,1992,1,29742,30135.0,393.0,20,420,0.2109937105105732,3.300668954849243,0.9928571428571429,1.0,0.9403778314590454,0.26058375904602665,1.5423438549041748,3.7563843727111816,9.32175048083466,62.244850158691406,0.2284980979657987,0.7677983045578003,11.647543508532856,0.16667481859095418
retrained,T0057,6004,0,30241,,,0,0,0.0,,,,,,,,,,,,,
retrained,T0058,1976,1,31743,32132.0,389.0,20,420,0.4923186671960649,7.701560497283935,0.9809523809523809,1.0,1.8358421325683596,0.3338552192030918,1.625019073486328,5.519428730010986,-0.938652138979662,53.007362365722656,0.19265256397803093,1.0,10.384602103488787,0.1453660689727604
retrained,T0059,2148,1,32238,32670.0,432.0,20,420,0.6329811225910231,9.902006149291992,0.8428571428571429,1.0,1.9024969339370728,0.34789328225666566,1.7375657558441162,3.645905017852783,-0.6578667467349164,8.190916061401367,0.2810223907337613,1.0,6.406248097973211,0.12330484179529731
retrained,T0060,2164,1,32776,33212.0,436.0,20,420,0.7736436688830625,12.102453231811523,0.9952380952380953,1.0,0.9759803414344788,0.19731314653708112,1.320264458656311,3.121014356613159,1.3597676250130115,50.55768203735352,0.22404338929357306,0.9946255683898926,4.962121634930372,0.0939751081278137
retrained,T0061,2112,1,33318,33741.0,423.0,20,420,0.0703312399164309,1.100222945213318,0.6428571428571429,1.0,2.0739660263061523,0.47429505416768647,1.8001296520233154,4.7935471534729,-2.23844950545047,53.10899353027344,0.4050441109458916,1.0,11.604835301016768,0.25840861513029917
retrained,T0062,2036,1,33847,34251.0,404.0,20,420,0.210993721984467,3.3006691932678223,0.9928571428571429,1.0,0.5094210505485535,0.27745508213660547,1.6433978080749512,3.700395584106445,1.1523763783276082,11.78411865234375,0.19226995537035343,0.9999380111694336,12.453485918257918,0.1695010157381711
retrained,T0063,500,0,34357,,,0,0,0.0,,,,,,,,,,,,,
retrained,T0064,1932,1,34483,34861.0,378.0,20,420,0.4923186421621147,7.701560020446777,0.9904761904761905,1.0,1.5281474590301514,0.3328749191548143,1.658536672592163,4.003308773040772,-5.795181725670894,47.72850799560547,0.1945910737528244,0.8601649403572083,8.48136125966197,0.17699717682581173
retrained,T0065,2012,1,34967,35365.0,398.0,20,420,0.6329811047096301,9.902006149291992,1.0,0.0,0.4629061818122864,0.2130793630455931,1.5630879402160645,2.9452619552612305,0.024181447716962012,1.8843114376068115,0.15988209462846584,0.6853628158569336,4.326412244336236,0.07811212943772605
retrained,T0066,2132,1,35471,35899.0,428.0,20,420,0.7736436867644554,12.10245418548584,0.7523809523809524,1.0,2.096420288085937,0.39292497899205914,1.9984277486801147,6.357810497283936,0.9257592424218144,54.46561813354492,0.3389199809259957,1.0,4.913176335465341,0.19168779401706637
retrained,T0067,2108,1,36005,36427.0,422.0,20,420,0.0703312390223613,1.100222945213318,0.7285714285714285,1.0,1.9731184244155884,0.42789338130858684,2.134131669998169,5.962744235992432,-0.7317349633822838,22.98220634460449,0.31068530982981124,1.0,5.713581410795451,0.2766354865074391
retrained,T0068,1964,1,36533,36919.0,386.0,20,420,0.2109937216864438,3.3006691932678223,0.9928571428571429,1.0,1.4587751626968384,0.2389107248834556,1.4342224597930908,3.727675199508667,-0.16387799258033434,7.900120735168457,0.13563898715905712,0.8119096159934998,4.845954910115827,0.08080470213118952
retrained,T0069,2028,1,37025,37427.0,402.0,20,420,0.3516561933236673,5.501115322113037,0.9857142857142858,1.0,1.0913020372390747,0.24967222176492215,1.4668656587600708,2.878535509109497,-0.731629103723736,9.00621223449707,0.2883047782642756,0.9015606641769408,7.07897256435383,0.1600958361268221
retrained,T0070,2024,1,37533,37934.0,401.0,20,420,0.4923186803090865,7.701560974121094,0.5166666666666667,1.0,1.5307650566101074,0.5555945956636043,1.3705159425735474,4.565319061279297,-0.6869347013887905,5.918639183044434,0.505391649728907,1.0,3.4357248991373037,0.15784674015860564
retrained,T0071,2064,1,38040,38451.0,411.0,20,420,0.6329811190147445,9.902006149291992,0.9880952380952381,1.0,1.0062423944473269,0.3168303691382919,1.665594458580017,4.249889373779297,-8.99533893322306,38.05760192871094,0.18423781045379917,0.9979500770568848,10.805477090605669,0.15907195597731819
retrained,T0072,2088,1,38557,38974.0,417.0,20,420,0.7736436602403891,12.102452278137209,0.8738095238095238,1.0,1.9782906770706177,0.38300039469308794,1.94085705280304,5.160342216491699,-0.3951334481970185,129.56878662109375,0.21788673554325388,1.0,6.798015764151655,0.16712993052663347
pi,T0001,3048,1,2,624.0,622.0,160,560,0.7173563046273295,1.1036250591278076,0.9446428571428571,1.0,2.2053356170654297,0.2507519071322999,2.130951404571533,2.5299792289733887,3.8751304935098494,41.64187240600586,0.14053344043370863,0.8294388651847839,4.673352415061423,0.11259859113446764
pi,T0002,2984,1,765,1346.0,581.0,260,660,1.269168833574464,1.1036250591278076,0.7015151515151515,1.0,2.9838640689849854,0.40366346094136435,2.756122350692749,6.628976345062256,-0.4541563773019747,2.816572904586792,0.29590537993053934,1.0,3.7450416032563556,0.09934574744274316
pi,T0003,2880,1,1512,2017.0,505.0,460,860,2.3727938820455066,1.1036250591278076,0.8488372093023255,1.0,2.8911149501800537,0.35622086910054435,2.8128821849823,7.737381458282471,0.019370972902275796,31.151124954223636,0.16420014571116934,1.0,4.1521849254622705,0.07422354952433058
pi,T0004,2496,1,2233,2717.0,484.0,160,560,2.1520688864766577,3.310875177383423,0.9892857142857143,1.0,0.9859844446182252,0.19678332451065733,1.3084797859191897,3.619135856628418,0.8480057306787265,11.141368865966797,0.20157110471305453,0.8553569316864014,4.488706574216485,0.11388231084752076
pi,T0005,2364,1,2858,3284.0,426.0,260,660,3.8075065031157065,3.310875177383423,0.8166666666666667,1.0,2.8560140132904053,0.38372767378830097,2.818694591522217,6.522810935974121,1.175588275456914,36.86010360717773,0.1724827980742592,1.0,3.159544303177884,0.07064615185079284
pi,T0006,2924,1,3450,3966.0,516.0,460,860,7.118382146017386,3.310875415802002,0.5325581395348837,1.0,2.712892770767212,0.3360157263833423,2.718930959701538,8.169414520263672,0.25088139227266576,3.535240173339844,0.42919350598917105,1.0,1.9455870771997197,0.04192766100009171
pi,T0007,812,0,4182,,,0,0,0.0,,,,,,,,,,,,,
pi,T0008,3072,1,4386,4989.0,603.0,260,660,6.345843861752446,5.518125057220459,0.6393939393939394,1.0,2.9002232551574707,0.5725380951708013,2.900982141494751,10.34283447265625,3.4032944948779362,1474.2999267578125,0.34054398194116814,1.0,7.76733462079287,0.07803924765987284
pi,T0009,2860,1,5155,5655.0,500.0,460,860,11.8639689489511,5.518125057220459,0.5837209302325581,1.0,2.929551839828491,0.48842566816872635,2.856271743774414,7.135561466217041,-0.31590150536990963,32.974693298339844,0.4105156799947551,1.0,4.14902444240139,0.142950833440096
pi,T0010,228,0,5871,,,0,0,0.0,,,,,,,,,,,,,
pi,T0011,6004,0,5929,,,0,0,0.0,,,,,,,,,,,,,
pi,T0012,2768,1,7431,7908.0,477.0,460,860,16.60955769443023,7.725375652313232,0.6627906976744186,1.0,2.889656782150269,0.49187247868367406,2.7749342918396,8.72732162475586,0.22249680711389627,71.43449401855469,0.3970757597120652,1.0,3.1152740145492,0.060257956258266285
pi,T0013,2396,1,8124,8583.0,459.0,160,560,6.456206233490769,9.932624816894531,0.8964285714285715,1.0,2.8323607444763184,0.3626864251547626,2.819919347763061,2.557786464691162,2.3070305798668413,23.69196510314941,0.12340964812194992,0.9999999403953552,3.505076567861917,0.07807358917187744
pi,T0014,2688,1,8724,9231.0,507.0,260,660,11.4225186964516,9.932624816894531,0.6424242424242425,1.0,2.6354916095733643,0.3729670816411575,2.6475155353546143,5.970020294189453,-0.01125241524793885,10.827637672424316,0.3399390927971884,1.0,4.664034591005607,0.10453813098638694
pi,T0015,2784,1,9397,9878.0,481.0,460,860,21.355143406378616,9.932624816894531,0.9709302325581395,1.0,1.816694736480713,0.22275158304634482,1.480728030204773,2.6136903762817383,-1.4702125057729698,20.617563247680664,0.1367226088465666,0.9999998807907104,3.4666589707915865,0.05989690921109491
pi,T0016,160,0,10094,,,0,0,0.0,,,,,,,,,,,,,
pi,T0017,2668,1,10135,10637.0,502.0,260,660,13.960857882112714,12.13987636566162,1.0,0.0,0.550837516784668,0.22026391285048288,1.3707250356674194,2.8174586296081543,-1.8768538591931716,8.72760009765625,0.13184914470995973,0.5276877880096436,3.940911946558591,0.0656293988245896
pi,T0018,2380,1,10803,11316.0,513.0,328,328,18.99890607641676,12.13987636566162,0.9329268292682927,1.0,2.540077447891236,0.5049647630714789,3.204179286956787,5.807112216949463,1.0777132990202163,32.42049026489258,0.010026307714103563,0.8263294696807861,5.450848119333386,0.07836329106333031
pi,T0019,3140,1,11399,12044.0,645.0,160,560,0.7173563022501287,1.1036250591278076,0.9982142857142857,1.0,0.5853747725486755,0.1979967129948948,1.3832072019577026,2.6729557514190674,-5.277206373590577,6.369928359985352,0.10325494861878853,0.7107009887695312,6.2709224947595175,0.08842898602724741
pi,T0020,2344,1,12185,12606.0,421.0,260,660,1.2691688263069467,1.1036250591278076,0.9984848484848485,1.0,0.5612114071846008,0.21230631954121318,1.425092697143555,2.7006428241729736,-0.694681516780772,19.545209884643555,0.10216848389227927,0.8584593534469604,3.7545237870153154,0.06115552195597319
pi,T0021,2524,1,12772,13188.0,416.0,460,860,2.372793892677425,1.1036250591278076,0.9988372093023256,1.0,0.5362852811813354,0.1718182173449286,1.651419758796692,2.873622179031372,-1.0936390909994411,18.356990814208984,0.08411165035646516,0.77137291431427,3.3466088969953534,0.04793198795740923
pi,T0022,2360,1,13404,13854.0,450.0,160,560,2.152068903325446,3.310875177383423,0.9928571428571429,1.0,0.4711277484893799,0.23847560354375413,1.4235775470733645,2.7357163429260254,7.446550050816898,72.67071533203125,0.10659441640434254,0.7901573181152344,9.523168135141688,0.12678586533030672
pi,T0023,2140,1,13995,14365.0,370.0,260,660,3.807506489704661,3.310875177383423,1.0,0.0,0.5038633346557617,0.23731265792228057,1.5282312631607056,2.619870185852051,-1.1219387779746093,18.647979736328125,0.11473922358709385,0.4804393351078033,4.18079374048746,0.07304276423321532
pi,T0024,2492,1,14531,14939.0,408.0,460,860,7.118381652807601,3.310875177383423,0.8127906976744186,1.0,3.016276836395264,0.4175875051640147,2.900356769561768,12.078276634216309,-2.256580839700304,20.429201126098636,0.23155004011662028,1.0,4.046013749009648,0.08699170526851109
pi,T0025,2436,1,15155,15624.0,469.0,160,560,3.5867813464764,5.518125057220459,1.0,0.0,0.4554173052310943,0.22403566144140705,1.4158294200897217,2.788515090942383,-2.6479895061813297,12.45973014831543,0.12013894976607839,0.4730381965637207,4.197549906399633,0.07089112083277926
pi,T0026,2596,1,15765,16249.0,484.0,260,660,6.345844368524597,5.518125534057617,0.7015151515151515,1.0,2.5754287242889404,0.47740772590323377,2.3501768112182617,9.84047031402588,0.019934416807849298,23.545001983642575,0.28848269823762224,1.0,3.2722226963942926,0.07368502005931185
pi,T0027,3032,1,16415,16958.0,543.0,460,860,11.863968927309486,5.518125057220459,0.6174418604651163,1.0,2.978332757949829,0.6041849007440168,2.9410440921783447,6.749892234802246,-0.43782473477849,10.038376808166504,0.3757279651017513,1.0,4.249158354608212,0.1684477829677975
pi,T0028,144,0,17174,,,0,0,0.0,,,,,,,,,,,,,
pi,T0029,272,0,17211,,,0,0,0.0,,,,,,,,,,,,,
pi,T0030,3200,1,17280,17865.0,585.0,460,860,16.609556690073415,7.725375175476074,0.45813953488372094,1.0,3.2002553939819336,0.725765627449335,3.038663387298584,9.93328094482422,5.207981062609009,119.75360107421876,0.48142663665998425,1.0,7.477908521617741,0.15971987801928852
pi,T0031,6004,0,18081,,,0,0,0.0,,,,,,,,,,,,,
pi,T0032,2844,1,19583,20129.0,546.0,260,660,11.422518653533926,9.932624816894531,0.9848484848484849,1.0,0.5026090741157532,0.233208161629172,1.4170266389846802,3.016132116317749,-2.2933126079744066,43.582515716552734,0.13412897938467336,0.996115744113922,4.620635122289373,0.08334532005448467
pi,T0033,2560,1,20295,20720.0,425.0,460,860,21.355143506391027,9.932624816894531,1.0,0.0,0.4381389915943146,0.1746520259439252,1.3963030576705933,2.578709125518799,-2.5678171885882093,14.219648361206056,0.1375132163968966,0.6118656396865845,4.917348917183834,0.07648081336473991
pi,T0034,2232,1,20936,21354.0,418.0,160,560,7.890919721338825,12.13987636566162,1.0,0.0,0.4653209745883941,0.23457532781508883,1.5001834630966189,2.7171976566314697,-2.748149435790921,17.130205154418945,0.11900144769471285,0.4642107188701629,4.474032643490604,0.07441082328231065
pi,T0035,2336,1,21495,21914.0,419.0,260,660,13.960857951137683,12.13987636566162,1.0,0.0,0.512549877166748,0.2426016082789636,1.4560555219650269,2.597039699554444,-2.344503625485143,11.435097694396973,0.14897797909101373,0.551972508430481,4.581337527151812,0.07976959050645907
pi,T0036,2936,1,22080,22599.0,519.0,460,860,26.100734323107293,12.13987636566162,0.8058139534883721,1.0,2.6414272785186768,0.31502085206380415,2.5644805431365967,5.0309834480285645,0.9913801393861514,10.435718536376951,0.20451315310045937,1.0,3.711623534490896,0.06784287480027262
pi,T0037,2908,1,22815,23402.0,587.0,160,560,0.7173562989619777,1.1036250591278076,0.8214285714285714,1.0,2.857785701751709,0.3525722275621125,2.701046705245972,5.463292121887207,1.846663227670693,21.81367492675781,0.1602327391950114,1.0,2.964150007774255,0.07345363332816691
pi,T0038,2516,1,23543,24007.0,464.0,260,660,1.269168828116914,1.1036250591278076,0.9954545454545455,1.0,0.5865330100059509,0.1803995336913927,1.5113000869750977,2.6746084690093994,-0.014614801667630673,25.34141731262207,0.15580428455529424,0.8776257634162903,3.6352752946655857,0.06080591185583956
pi,T0039,2612,1,24173,24611.0,438.0,460,860,2.3727938927047845,1.1036250591278076,0.6546511627906977,1.0,2.9606151580810547,0.5259084007074667,2.9299721717834477,5.595577239990234,-1.3174786331825132,3.2677969932556152,0.32445951185979727,1.0,4.366170807979827,0.12491437517317026
pi,T0040,176,0,24827,,,0,0,0.0,,,,,,,,,,,,,
pi,T0041,2664,1,24872,25373.0,501.0,260,660,3.807506237958882,3.310874938964844,0.9742424242424242,1.0,1.0246832370758057,0.21089521303321376,1.305275797843933,2.8277783393859863,-1.8847435670763706,16.591753005981445,0.14410008427503546,0.9999998211860656,3.752594544651043,0.07838910778395292
pi,T0042,2788,1,25539,26021.0,482.0,460,860,7.118382145608769,3.310875415802002,0.9988372093023256,1.0,0.5274143218994141,0.25621789621925634,1.536890149116516,4.042255401611328,3.279336568457616,74.26224517822266,0.016265394995638793,0.4835909605026245,5.304673233801543,0.06930326147188211
pi,T0043,2216,1,26237,26651.0,414.0,160,560,3.586781339565986,5.518125057220459,1.0,0.0,0.802416205406189,0.3699621849161174,1.7759090662002563,4.931795120239258,0.9199880207223552,29.414974212646484,0.13121081839323903,0.6211891770362854,4.671730507896947,0.07501275391267487
pi,T0044,3068,1,26792,27394.0,602.0,260,660,6.345844395644715,5.518125534057617,0.9984848484848485,1.0,0.4919975697994232,0.11238442604909787,0.5958340764045715,2.856539011001587,0.7635231691356184,38.98115921020508,0.13640693898355077,0.7854748964309692,3.727073526156671,0.061667906142908784
pi,T0045,2484,1,27560,27966.0,406.0,460,860,11.863968912406,5.518125057220459,0.8604651162790697,1.0,2.8608086109161377,0.3425184717141958,2.881938934326172,9.14336395263672,-0.47931148250016037,5.3465094566345215,0.16151672714487325,1.0,3.8074163398174785,0.08032699888556653
pi,T0046,2628,1,28182,28699.0,517.0,160,560,5.021494200678207,7.725375652313232,0.8464285714285714,1.0,2.8396599292755127,0.3873590772838465,2.785243034362793,7.817854881286621,0.42647943229946705,4.750599384307861,0.2366507521323261,1.0,4.321461680425065,0.11602126528081756
pi,T0047,84,0,28840,,,0,0,0.0,,,,,,,,,,,,,
pi,T0048,508,0,28862,,,0,0,0.0,,,,,,,,,,,,,
pi,T0049,3068,1,28990,29617.0,627.0,160,560,6.456206205769951,9.932624816894531,1.0,0.0,0.4461715519428253,0.1870383193683145,1.4464364051818848,3.095444679260254,-0.06603227642564369,8.671727180480957,0.18602851729717387,0.6076217293739319,8.9500014975667,0.12297327267798594
pi,T0050,3304,1,29758,30419.0,661.0,260,660,11.422518661894877,9.932624816894531,1.0,0.0,0.632994532585144,0.18208015475309255,1.3838014602661133,3.134989023208618,-0.11589152361971862,1.7700557708740234,0.06769633974472525,0.7373302578926086,3.3584921714031335,0.05242957751437859
pi,T0051,2568,1,30585,31012.0,427.0,460,860,21.35514340779889,9.932624816894531,0.9872093023255814,1.0,0.9277850389480592,0.17419470817413787,1.5637321472167969,2.6217830181121826,-0.5826825263812532,10.014610290527344,0.1653018803454849,0.9976860284805298,5.9090372606072314,0.12197745673434245
pi,T0052,2368,1,31228,31680.0,452.0,160,560,7.890919786601255,12.13987636566162,0.8035714285714286,1.0,2.9110300540924072,0.4451221770473889,2.6644556522369385,5.345401287078857,0.12325565447764737,3.716357469558716,0.19347094701453377,1.0,3.7136762831692716,0.10174358065973393
pi,T0053,180,0,31821,,,0,0,0.0,,,,,,,,,,,,,
pi,T0054,3212,1,31867,32455.0,588.0,460,860,26.100734260373407,12.13987636566162,0.9988372093023256,1.0,0.6827113628387451,0.15872550028766136,1.3989028930664062,2.8842430114746094,3.138165315116084,40.79172134399414,0.16625487327881613,0.953780710697174,4.316869866388828,0.07909237810759633
pi,T0055,2632,1,32671,33189.0,518.0,160,560,0.7173562955606133,1.1036250591278076,0.7571428571428571,1.0,2.622393846511841,0.3494393872562796,2.52747654914856,7.863651275634766,-1.5616707246417978,7.675754547119141,0.21157668431343543,1.0,2.6332750341788467,0.05447461678448751
pi,T0056,2576,1,33330,33809.0,479.0,260,660,1.269168957757017,1.1036251783370972,0.9984848484848485,1.0,0.4733530580997467,0.18795205696175493,1.2760579586029053,2.50883150100708,0.3868682147031932,25.299503326416016,0.07054961331111065,0.9919919967651368,3.9322539475831118,0.058012146502490654
pi,T0057,2724,1,33975,34441.0,466.0,460,860,2.3727941258800263,1.1036251783370972,0.6372093023255814,1.0,3.0448944568634038,0.5032869003366592,2.970955371856689,7.437342166900635,2.1530938168332456,98.9798812866211,0.32477344265911556,1.0,3.315188676681976,0.1122682778756931
pi,T0058,2432,1,34657,35125.0,468.0,160,560,2.152069025970149,3.310875415802002,1.0,0.0,0.4642670750617981,0.20624136638029344,1.493056058883667,2.672811508178711,1.1356505184633923,7.907944679260254,0.13982720203223703,0.7000671625137329,7.3756267212863476,0.12480183228534375
pi,T0059,2468,1,35266,35718.0,452.0,260,660,3.807506485523023,3.310875177383423,0.9878787878787879,1.0,1.0258294343948364,0.19315749059120815,1.4440923929214478,3.3139092922210693,2.73261520922692,28.241100311279297,0.17547664153566017,0.836858332157135,4.436425765208674,0.1108156106354506
pi,T0060,3092,1,35884,36442.0,558.0,460,860,7.1183816778334,3.310875177383423,0.4,1.0,2.3581748008728027,0.4602142032755669,2.1477839946746826,8.08425235748291,-0.3328633628612341,11.550251007080078,0.6036738130209838,1.0,1.858247528329145,0.07513183858123781
pi,T0061,6004,0,36658,,,0,0,0.0,,,,,,,,,,,,,
pi,T0062,3488,1,38160,38867.0,707.0,260,660,6.345844368803995,5.518125534057617,1.0,0.0,0.5667756795883179,0.13594129407834823,0.7008004784584045,2.819912910461426,2.9754373865145625,17.717615127563477,0.0710669223324106,0.8287346959114075,4.297525977501364,0.08159178198424559
pi,T0063,2712,1,39033,39496.0,463.0,460,860,11.863968906818062,5.518125057220459,0.7616279069767442,1.0,2.8283698558807373,0.4476616693010857,2.7153775691986084,9.160765647888184,0.350131424555425,54.81406021118164,0.28959026830649914,1.0,3.2498195980523907,0.07766644286406683
pi,T0064,2360,1,39712,40162.0,450.0,160,560,5.0214939050973815,7.725375175476074,1.0,0.0,0.6105483770370483,0.21346302446244017,1.368983268737793,3.3858346939086914,0.3283976370402213,6.940296173095703,0.16664780157443596,0.7207044959068298,4.990179889981768,0.0919786076537223
pi,T0065,6004,0,40303,,,0,0,0.0,,,,,,,,,,,,,
pi,T0066,304,0,41805,,,0,0,0.0,,,,,,,,,,,,,
pi,T0067,2608,1,41882,42394.0,512.0,160,560,6.4562062252928,9.932624816894531,0.9571428571428572,1.0,1.7041587829589844,0.2823909198599202,1.6098374128341677,3.194181203842163,1.353235534317459,47.60171508789063,0.10389321701950391,0.9848034977912904,3.69586753788005,0.07583321288652117
pi,T0068,488,0,42535,,,0,0,0.0,,,,,,,,,,,,,
pi,T0069,3184,1,42658,43239.0,581.0,460,860,21.35514342873502,9.932624816894531,1.0,0.0,0.4433416426181793,0.1886777980859543,1.3246206045150757,2.4906721115112305,10.221549560995989,44.29280090332031,0.039894048453763466,0.8799960613250732,11.22209772762171,0.1469850342759834
pi,T0070,2236,1,43455,43874.0,419.0,160,560,7.890920206813991,12.139877319335938,0.9982142857142857,1.0,0.5269357562065125,0.2299664497242442,1.3744415044784546,2.814439296722412,-0.4086574551699284,1.276943922042847,0.09138546688648469,0.9477261304855348,3.7759485056756863,0.0632853785218555
pi,T0071,2996,1,44015,44599.0,584.0,260,660,13.960857818363683,12.13987636566162,0.9984848484848485,1.0,0.4300121963024139,0.1840805397961627,1.2119067907333374,2.2682008743286133,-0.49537464947242177,33.76411056518555,0.06768014094900122,0.9921124577522278,4.563951177082279,0.07067487262507763
pi,T0072,2720,1,44765,45230.0,465.0,460,860,26.100734314017583,12.13987636566162,0.6069767441860465,1.0,2.68782114982605,0.5242819999279671,2.7941434383392334,15.95368766784668,0.8228086671759482,135.45372009277344,0.40798507905348613,1.0,2.7266430685946417,0.057726240484686914
pi,T0073,144,0,45446,,,0,0,0.0,,,,,,,,,,,,,
pi,T0074,2360,1,45483,45908.0,425.0,260,660,1.2691688273500277,1.1036250591278076,0.9833333333333333,1.0,0.635988175868988,0.20520840878739502,1.3260068893432615,3.5521116256713867,4.249900561571121,89.52664947509766,0.12750648972737094,0.9999998807907104,5.528627718228734,0.11932757010398548
pi,T0075,2524,1,46074,46490.0,416.0,460,860,2.372793882467221,1.1036250591278076,1.0,0.0,0.5048685669898987,0.16975595650674646,1.3570332527160645,2.4076743125915527,1.8892703623359286,14.026813507080078,0.052531700079981765,0.4772182703018188,3.2225014445220315,0.044811228091384124
pi,T0076,2324,1,46706,47147.0,441.0,160,560,2.1520689088656515,3.310875177383423,1.0,0.0,0.5347945094108582,0.2015155829988154,1.2195760011672974,2.745681047439575,2.325902762503496,14.615206718444824,0.08434657962893,0.4523611962795257,3.9231063108758204,0.0638605666891505
pi,T0077,2304,1,47288,47699.0,411.0,260,660,3.807506233833123,3.310874938964844,0.8181818181818182,1.0,2.8514955043792725,0.4279694249006835,2.4192538261413574,7.82257080078125,2.801230701346966,330.1556701660156,0.20330014823315043,1.0,5.4246737831808405,0.09336247440686828
pi,T0078,6004,0,47865,,,0,0,0.0,,,,,,,,,,,,,
pi,T0079,2312,1,49367,49805.0,438.0,160,560,3.586781595103433,5.518125534057617,0.975,1.0,0.8167040944099426,0.33318922873586415,1.4189093112945557,4.06852388381958,0.7182307273681675,26.82839584350586,0.14778031152340448,0.9954463243484496,6.620383330587564,0.11831046138109479
pi,T0080,2060,1,49946,50296.0,350.0,260,660,6.345843877846866,5.518125057220459,0.9621212121212122,1.0,1.0776687860488892,0.4129592430636738,1.5573965311050415,5.452977180480957,-0.6234281383793462,42.202823638916016,0.1653486958214533,0.9865421056747437,6.556876330534843,0.12943147372478211
pi,T0081,2540,1,50462,50882.0,420.0,460,860,11.86396990298151,5.518125534057617,0.8372093023255814,1.0,2.563893795013428,0.3953946481307232,2.6161885261535645,5.490748405456543,3.4334422327967924,62.63118362426758,0.21157265802802042,1.0,8.6942170715436,0.18060325064210236
pi,T0082,2028,1,51098,51465.0,367.0,160,560,5.021493933949754,7.725375175476074,0.9821428571428571,1.0,0.4969052076339721,0.25199241140591244,1.418940186500549,2.6817283630371094,3.270808150855425,32.58371353149414,0.20431317428010515,0.8137497305870056,5.676957154247377,0.12198044657761455
pi,T0083,2164,1,51606,51982.0,376.0,260,660,8.884182037850543,7.725375652313232,0.8181818181818182,1.0,3.1977078914642334,0.4034707466761271,2.956068515777588,8.962854385375977,1.3971523951485076,16.511056900024414,0.176345217554957,1.0,3.146249436654828,0.07279956203322699
pi,T0084,2432,1,52148,52541.0,393.0,460,860,16.60955665771694,7.725375175476074,0.5651162790697675,1.0,2.8340978622436523,0.49953630935227455,2.8539276123046875,8.46300220489502,1.6700270322303092,34.393531799316406,0.42082936953349503,1.0,5.342176614389863,0.20190362899280065
pi,T0085,2332,1,52757,53200.0,443.0,160,560,6.456206726961336,9.932625770568848,1.0,0.0,0.5157433152198792,0.23130742352721947,1.3463027477264404,2.538761854171753,-0.5996280263444143,3.779510974884033,0.11725767802252964,0.6167042255401611,4.677904715655106,0.07940601789523494
pi,T0086,2444,1,53341,53787.0,446.0,260,660,11.42251862298422,9.932624816894531,0.8333333333333334,1.0,3.1586732864379883,0.4583956610891178,2.7996573448181152,9.17200756072998,2.5874308332208207,22.838844299316406,0.23411240294737967,1.0,4.548982809235652,0.09553834932376046
pi,T0087,2452,1,53953,54351.0,398.0,460,860,21.355143433501063,9.932624816894531,0.6244186046511628,1.0,2.701243162155152,0.5183480668293182,2.521573305130005,7.193975925445557,-0.08730581814293252,78.28656768798828,0.36115583514735144,1.0,5.082458168406819,0.12945130912396347
pi,T0088,68,0,54567,,,0,0,0.0,,,,,,,,,,,,,
pi,T0089,116,0,54585,,,0,0,0.0,,,,,,,,,,,,,
pi,T0090,2840,1,54615,55110.0,495.0,460,860,26.1007362684536,12.139877319335938,0.8418604651162791,1.0,2.7691473960876465,0.39657391930475483,2.4611589908599854,7.547313213348389,5.93950547094262,72.74681091308594,0.13519210144011087,1.0,9.839670026891453,0.18145790497820113
pi,T0091,1864,1,55326,55652.0,326.0,160,560,0.7173562994727505,1.1036250591278076,1.0,0.0,0.6861428022384644,0.32079654959296544,1.7009307146072388,3.780062913894653,-0.6209396568725684,8.89686393737793,0.14885288600219476,0.5868979692459106,3.8360594538838737,0.06415008730438586
pi,T0092,1940,1,55793,56113.0,320.0,260,660,1.269168832251404,1.1036250591278076,0.9863636363636363,1.0,1.113175630569458,0.386921310876355,1.468342423439026,5.296950817108154,0.05352152483925844,86.96593475341797,0.1832080227351098,0.9550830721855164,6.135323900063381,0.10529515429741212
pi,T0093,2632,1,56279,56722.0,443.0,460,860,2.372793890905294,1.1036250591278076,0.8302325581395349,1.0,2.980257511138916,0.4468094366017816,2.473644971847534,7.643391132354736,-3.188369736739239,436.04388427734375,0.22270975268315957,1.0,6.56195225212723,0.12638346925467947
pi,T0094,2264,1,56938,57364.0,426.0,160,560,2.1520688938154806,3.310875177383423,1.0,0.0,0.5473686456680298,0.251305176956313,1.299025297164917,2.8741817474365234,0.38704784457305713,4.077508449554443,0.11966776561041889,0.4019166827201843,4.724989802071026,0.08196449037875152
pi,T0095,2396,1,57505,57939.0,434.0,260,660,3.8075069812031934,3.310875654220581,0.906060606060606,1.0,2.9910085201263428,0.3843024093601288,2.458526372909546,5.887748718261719,-4.296725247408066,16.013334274291992,0.1913700692043428,1.0,5.483410657705231,0.1159850836505718
pi,T0096,128,0,58105,,,0,0,0.0,,,,,,,,,,,,,
pi,T0097,2272,1,58138,58566.0,428.0,160,560,3.586781099767891,5.518124580383301,1.0,0.0,0.65235435962677,0.24820706403282072,1.363077998161316,3.502899169921875,-3.029497888125479,11.528636932373049,0.14420578331503617,0.4752275943756103,5.157602070671107,0.09951574537212109
pi,T0098,60,0,58707,,,0,0,0.0,,,,,,,,,,,,,
pi,T0099,168,0,58723,,,0,0,0.0,,,,,,,,,,,,,
pi,T0100,2152,1,58766,59164.0,398.0,160,560,5.021493890659552,7.725375175476074,0.9964285714285714,1.0,0.7139250636100769,0.31423841725502694,1.6253235340118408,3.780981302261353,-2.36417073481051,9.128847122192385,0.16255490651320928,0.9688971638679504,6.126993453502655,0.12617189723883449
pi,T0101,100,0,59305,,,0,0,0.0,,,,,,,,,,,,,
pi,T0102,2648,1,59331,59778.0,447.0,460,860,16.609557690630435,7.725375652313232,0.8662790697674418,1.0,2.6205759048461914,0.4364036942593927,2.433716297149658,9.850141525268556,6.268005392609467,130.1049346923828,0.15089111377858708,1.0,9.489046267298765,0.12964433031607175
pi,T0103,1844,1,59994,60315.0,321.0,160,560,6.4562062480194005,9.932624816894531,0.9839285714285714,1.0,0.9301510453224182,0.4204704702033528,1.4661648273468018,4.770396709442139,-1.440395364511226,58.31450271606445,0.15037849805895734,0.9962743520736694,6.169228394435985,0.10630706870186775
pi,T0104,2160,1,60456,60831.0,375.0,260,660,11.422518652118317,9.932624816894531,0.990909090909091,1.0,0.794649064540863,0.33423407852762577,1.4366244077682495,4.186567783355713,1.8404062801012486,76.28791046142578,0.08792359767354686,0.9990145564079284,10.3643959539632,0.13026842724263005
pi,T0105,136,0,60997,,,0,0,0.0,,,,,,,,,,,,,
pi,T0106,2416,1,61032,61496.0,464.0,160,560,7.890919746745305,12.13987636566162,1.0,0.0,0.6760245561599731,0.24967520414252897,1.4164206981658936,3.342543840408325,-4.241831402666866,6.233173847198486,0.19478522683119598,0.5223082304000854,5.685504937890385,0.10680690289991612
pi,T0107,2364,1,61637,62063.0,426.0,260,660,13.960857892012672,12.13987636566162,0.996969696969697,1.0,0.7234920263290405,0.2844850581082882,1.3933982849121094,3.697204113006592,-4.079551944624859,27.43650245666504,0.19067576452913326,0.9978092908859252,6.323663932322101,0.12419552372629171
pi,T0108,2644,1,62229,62675.0,446.0,460,860,26.10073428983581,12.13987636566162,1.0,0.0,0.637136697769165,0.2626277494482523,1.3542076349258425,3.2546520233154297,-4.266459114637312,13.358985900878906,0.23809228308314762,0.7363713979721069,7.2348394612933316,0.14519099122372545
pi,T0109,184,0,62891,,,0,0,0.0,,,,,,,,,,,,,
pi,T0110,2532,1,62938,63406.0,468.0,260,660,1.2691687038845931,1.103624939918518,1.0,0.0,0.5633191466331482,0.21291882438077167,1.3010636568069458,2.8095924854278564,-0.10290943254243978,2.419243574142456,0.0995913427129077,0.396875262260437,3.87939369917819,0.06519184578476621
pi,T0111,124,0,63572,,,0,0,0.0,,,,,,,,,,,,,
pi,T0112,2316,1,63604,64043.0,439.0,160,560,2.152068883569767,3.310875177383423,0.9964285714285714,1.0,0.604476273059845,0.31024132732834137,1.3488918542861938,3.0022456645965576,3.8503794259375095,25.16659164428711,0.08899578194499815,0.999811589717865,8.52561092304864,0.09613922548802191
pi,T0113,2280,1,64184,64589.0,405.0,260,660,3.8075064908967535,3.310875177383423,0.9984848484848485,1.0,0.5504564046859741,0.24968272565553587,1.3777467012405396,2.608471155166626,-0.8190560643476519,8.09781265258789,0.11412656374388568,0.8819708824157715,4.915519521362854,0.08286104335881339
pi,T0114,120,0,64755,,,0,0,0.0,,,,,,,,,,,,,
pi,T0115,2360,1,64786,65236.0,450.0,160,560,3.586781052809444,5.518124580383301,0.9982142857142857,1.0,0.4494229257106781,0.21763839694405238,1.3287216424942017,2.607008934020996,-0.14194485600954587,2.016432046890259,0.09826769324967499,0.5787704586982727,4.060701838721122,0.07249853778141636
pi,T0116,2380,1,65377,65807.0,430.0,260,660,6.34584386147305,5.518125057220459,0.8818181818181818,1.0,2.764976501464844,0.36775377071039245,2.6115152835845947,6.691810607910156,-0.11578879569741812,18.62725067138672,0.18222482642864413,1.0,4.732723473046313,0.10076509621027398
pi,T0117,2616,1,65973,66412.0,439.0,460,860,11.86396988155992,5.518125534057617,0.8325581395348837,1.0,2.4766685962677,0.3935470010771221,2.4162521362304688,4.841435432434082,-2.953987687590077,13.809317588806152,0.21266337438797184,1.0,7.583732693451782,0.09875619218341744
pi,T0118,2468,1,66628,67105.0,477.0,160,560,5.021493912694646,7.725375175476074,0.8625,1.0,2.822667360305786,0.4404666371111359,2.6348114013671875,8.0221586227417,0.19984453879463088,3.159705400466919,0.0952908969060185,1.0,3.1454933533445,0.06055594850061291
pi,T0119,124,0,67246,,,0,0,0.0,,,,,,,,,,,,,
pi,T0120,2440,1,67278,67673.0,395.0,460,860,16.60955666956569,7.725375175476074,0.9593023255813954,1.0,0.8511382937431335,0.2779074616665237,1.7089043855667114,4.094224452972412,-1.396987455476855,18.727767944335938,0.17065969574140644,0.9381930232048036,5.9837407862897525,0.11379770380519273
pi,T0121,144,0,67889,,,0,0,0.0,,,,,,,,,,,,,
pi,T0122,2436,1,67926,68370.0,444.0,260,660,11.422518640977373,9.932624816894531,1.0,0.0,0.8135029673576355,0.27810776578544666,1.6806604862213137,4.121375560760498,-2.046635490475279,24.70392417907715,0.1486345760390219,0.7808986306190491,4.464452110795361,0.07553307694009462
pi,T0123,84,0,68536,,,0,0,0.0,,,,,,,,,,,,,
pi,T0124,1956,1,68558,68907.0,349.0,160,560,7.89092019884187,12.139877319335938,0.9089285714285714,1.0,0.8340508341789246,0.4012693030360554,1.7121052742004397,4.532551288604736,0.8005545971582511,44.49409866333008,0.2386400220649583,0.9804703593254088,10.250556463854654,0.20523544148439082
pi,T0125,1920,1,69048,69363.0,315.0,260,660,13.960857910569274,12.13987636566162,0.9666666666666667,1.0,0.9870116710662842,0.41837932092109414,1.6419187784194946,5.276543617248535,0.4670995154954267,25.243053436279297,0.176857019577768,0.9985793828964232,7.136621533830961,0.1321524522352664
pi,T0126,2480,1,69529,69934.0,405.0,460,860,26.10073428421062,12.13987636566162,0.9802325581395349,1.0,1.0306413173675537,0.27990203962531374,1.7368184328079224,5.658903121948242,-1.1296612093181804,18.419178009033203,0.1545326519271543,0.9995956420898438,4.415067175203978,0.07906508096815273
pi,T0127,132,0,70150,,,0,0,0.0,,,,,,,,,,,,,
pi,T0128,2448,1,70184,70631.0,447.0,260,660,1.2691688276855957,1.1036250591278076,0.8212121212121212,1.0,2.9797542095184326,0.4727330048991875,2.8087058067321777,7.670400619506836,0.31945710582058934,2.9500834941864014,0.10804900490170849,1.0,3.014849080325979,0.056376818278953064
pi,T0129,144,0,70797,,,0,0,0.0,,,,,,,,,,,,,
pi,T0130,2276,1,70834,71263.0,429.0,160,560,2.152068895763108,3.310875177383423,0.9982142857142857,1.0,0.7164919376373291,0.23385563077671187,1.335013747215271,3.88713002204895,-0.7885618509238287,1.6830148696899414,0.14481373503835385,0.7580057978630066,6.315017428728087,0.12804837875625832
pi,T0131,128,0,71404,,,0,0,0.0,,,,,,,,,,,,,
pi,T0132,2540,1,71437,71857.0,420.0,460,860,7.118381685460935,3.310875177383423,0.6697674418604651,1.0,2.614125967025757,0.5304575990712227,2.5779831409454346,6.955755233764648,0.4123885076463244,161.403564453125,0.3329171859718816,1.0,6.009456725942707,0.14052148063905362
pi,T0133,2472,1,72073,72551.0,478.0,160,560,3.5867815701241987,5.518125534057617,0.9321428571428572,1.0,2.198462009429932,0.3939289630723319,2.078518867492676,3.884342432022095,1.4372039980820512,100.34561157226562,0.1120343069845278,1.0,3.723130366252735,0.07774305391134081
pi,T0134,2228,1,72692,73084.0,392.0,260,660,6.345843844020065,5.518125057220459,1.0,0.0,0.5170252919197083,0.20679202181089557,1.4363560676574707,2.964555263519287,0.009729544231385896,4.835733890533447,0.09717180670510663,0.3996849358081817,3.76546775642218,0.06827323020552281
pi,T0135,108,0,73250,,,0,0,0.0,,,,,,,,,,,,,
pi,T0136,2004,1,73278,73639.0,361.0,160,560,5.021494217760994,7.725375652313232,0.9553571428571429,1.0,0.9468083381652832,0.46041618191770145,1.8671882152557373,4.496285915374756,-1.6879367568629926,40.93169784545898,0.18169948690670673,0.999999701976776,8.100022073595651,0.1411403474732131
pi,T0137,2152,1,73780,74153.0,373.0,260,660,8.884181506679992,7.725375175476074,0.996969696969697,1.0,0.69278883934021,0.2976951639280852,1.7194303274154663,3.532200813293457,0.9869186259806156,10.529939651489258,0.1067779353177739,0.999926745891571,3.8276626101610334,0.06697964334188405
pi,T0138,2472,1,74319,74722.0,403.0,460,860,16.60955665956328,7.725375175476074,0.9976744186046511,1.0,0.8373544812202454,0.25727756575486344,1.4289319515228271,4.157495498657227,0.7644980262835012,5.225447177886963,0.09329561198869349,0.9944992065429688,4.472437676458164,0.07363724434526794
pi,T0139,128,0,74938,,,0,0,0.0,,,,,,,,,,,,,
pi,T0140,2516,1,74971,75435.0,464.0,260,660,11.422519613615677,9.932625770568848,0.7833333333333333,1.0,2.8114206790924072,0.5112483267644138,2.495370388031006,5.100327968597412,0.6829652494115924,211.9940948486328,0.24202572705972036,1.0,4.761374092948707,0.1109770421164505
pi,T0141,2688,1,75601,76058.0,457.0,460,860,21.35514341628789,9.932624816894531,0.5348837209302325,1.0,2.2105870246887207,0.601006635252473,1.9563082456588743,6.098167419433594,3.646261312777913,65.32928466796875,0.4026888108985542,1.0,7.9288942381219805,0.2211728954162492
pi,T0142,2592,1,76274,76782.0,508.0,160,560,7.890919711797427,12.13987636566162,1.0,0.0,0.8064470291137695,0.329309822698789,1.4069538116455078,4.2338547706604,-0.3045164536152567,9.142304420471191,0.18212132575323003,0.4449311792850494,4.17663587156151,0.07339092345833441
pi,T0143,72,0,76923,,,0,0,0.0,,,,,,,,,,,,,
pi,T0144,2716,1,76942,77406.0,464.0,460,860,26.100734282571484,12.13987636566162,0.7116279069767442,1.0,2.852407217025757,0.4432949322243329,2.553051710128784,7.282299995422363,0.8037346525420976,87.71533966064453,0.3436781139660567,1.0,4.145632065685336,0.14393273783256474
pi,T0145,2336,1,77622,78066.0,444.0,160,560,0.7173563640363949,1.1036251783370972,0.9982142857142857,1.0,0.6522033214569092,0.2215980185927557,1.5429983139038086,2.9044973850250244,-1.898843476728403,9.853459358215332,0.1180435682041986,0.7533405423164368,4.023333333006927,0.0693498915360448
pi,T0146,92,0,78207,,,0,0,0.0,,,,,,,,,,,,,
pi,T0147,352,0,78231,,,0,0,0.0,,,,,,,,,,,,,
pi,T0148,2228,1,78320,78737.0,417.0,160,560,2.1520688784020905,3.310875177383423,0.9964285714285714,1.0,0.6727811694145203,0.284974293650261,1.6953212022781372,2.8076107501983643,-8.617456584197603,5.439498424530029,0.2214615802093509,0.822526752948761,10.962040441962225,0.15263237308359487
pi,T0149,136,0,78878,,,0,0,0.0,,,,,,,,,,,,,
pi,T0150,2100,1,78913,79223.0,310.0,460,860,7.118381656905419,3.310875177383423,0.7209302325581395,1.0,1.3005751371383667,0.32481641696636065,1.3678786754608154,4.045038223266602,0.8678403381371957,15.09296703338623,0.29780726490466486,1.0,4.318161523988103,0.08190550572805454
pi,T0151,92,0,79439,,,0,0,0.0,,,,,,,,,,,,,
pi,T0152,2960,1,79463,80038.0,575.0,260,660,6.345843843125994,5.518125057220459,0.7545454545454545,1.0,1.1893388032913208,0.2984352885378581,1.254173755645752,5.897328853607178,-0.376529319053798,44.15266799926758,0.4236756793546109,1.0,5.997736913722122,0.1954444473598745
pi,T0153,108,0,80204,,,0,0,0.0,,,,,,,,,,,,,
pi,T0154,2012,1,80232,80595.0,363.0,160,560,5.021493966434283,7.725375175476074,0.9875,1.0,1.04903244972229,0.44218318539538554,1.643160343170166,4.685764789581299,2.7787200145423414,27.37561798095703,0.1366503534464365,0.9110628366470336,14.327196012969528,0.11670669265636853
pi,T0155,2584,1,80736,81217.0,481.0,260,660,8.884182032467503,7.725375652313232,0.996969696969697,1.0,0.4796972870826721,0.26220361904212924,1.564845323562622,3.0759754180908203,-4.483179049411167,19.35905265808105,0.1473012144610314,0.9990718364715576,6.368087044335676,0.09164194124497232
pi,T0156,144,0,81383,,,0,0,0.0,,,,,,,,,,,,,
pi,T0157,2360,1,81420,81870.0,450.0,160,560,6.456206714500241,9.932625770568848,1.0,0.0,0.5369369387626648,0.2585273127271129,1.6025614738464355,3.0002095699310303,-1.8381605923741258,11.37613582611084,0.1392828229178641,0.746595561504364,4.67691810335964,0.08035973451312976
pi,T0158,140,0,82011,,,0,0,0.0,,,,,,,,,,,,,
pi,T0159,508,0,82047,,,0,0,0.0,,,,,,,,,,,,,
pi,T0160,2052,1,82175,82548.0,373.0,160,560,7.890920185430824,12.139877319335938,0.9910714285714286,1.0,1.491489291191101,0.3142988882825843,1.6762070655822754,3.9977893829345694,-8.75303098222773,12.705333709716797,0.1786098795920095,0.9987412095069884,11.924443764798344,0.15973061782107312
pi,T0161,136,0,82689,,,0,0,0.0,,,,,,,,,,,,,
pi,T0162,2736,1,82724,83193.0,469.0,460,860,26.10073427601497,12.13987636566162,0.6779069767441861,1.0,1.814735412597656,0.3113002716888522,1.6435794830322266,3.2505197525024414,-0.7131750989986887,5.576160430908203,0.4294046513354514,1.0,4.323862065808025,0.10302286461135439
pi,T0163,84,0,83409,,,0,0,0.0,,,,,,,,,,,,,
pi,T0164,2768,1,83431,83958.0,527.0,260,660,1.269168832722013,1.1036250591278076,0.65,1.0,2.342064619064331,0.461002102065267,1.8977553844451904,5.961948871612549,-2.37609761077258,83.9762191772461,0.3886975331196674,1.0,7.490830585129108,0.1080449922538581
pi,T0165,2412,1,84124,84512.0,388.0,460,860,2.3727938858223103,1.1036250591278076,0.9988372093023256,1.0,0.6180402040481567,0.24021632799575496,1.5888980627059937,3.591084241867065,-0.10487797507626373,26.42424774169922,0.07476217539136319,0.6986337900161743,5.778087250368539,0.0645454842885323
pi,T0166,140,0,84728,,,0,0,0.0,,,,,,,,,,,,,
pi,T0167,2492,1,84764,85222.0,458.0,260,660,3.807506474011876,3.310875177383423,0.9454545454545454,1.0,1.1922107934951782,0.2672301991080696,1.4810209274291992,5.255492687225342,-0.6616471898798464,13.927427291870115,0.15266161706231562,1.0,6.870590992305766,0.1305091850251301
pi,T0168,92,0,85388,,,0,0,0.0,,,,,,,,,,,,,
pi,T0169,6004,0,85412,,,0,0,0.0,,,,,,,,,,,,,
pi,T0170,2044,1,86914,87260.0,346.0,260,660,6.345843857581286,5.518125057220459,0.9954545454545455,1.0,0.9555753469467164,0.4060738481694099,1.985926628112793,4.54775857925415,5.1931586933350475,45.03989028930664,0.13012234549651938,0.8638142943382263,12.938893350733048,0.16688548661508265
pi,T0171,2512,1,87426,87839.0,413.0,460,860,11.863969898399402,5.518125534057617,0.7186046511627907,1.0,1.94364595413208,0.3701274783047306,1.610003113746643,4.311402797698975,2.893929147538404,104.13897705078124,0.3390979537863195,1.0,5.659562172498121,0.10456438641948235
pi,T0172,2116,1,88055,88444.0,389.0,160,560,5.021494200699163,7.725375652313232,1.0,0.0,0.6771578788757324,0.2565706757296409,1.592212200164795,2.9664242267608643,-0.2639684213059289,2.569671154022217,0.18623097798678956,0.7494688034057617,7.217969187455518,0.14094458653874292
pi,T0173,132,0,88585,,,0,0,0.0,,,,,,,,,,,,,
pi,T0174,2572,1,88619,89047.0,428.0,460,860,16.60955669586623,7.725375175476074,0.6104651162790697,1.0,1.1450159549713137,0.3099473722993808,1.5849002599716189,3.4469470977783203,2.130927646623621,25.433969497680664,0.48541438784233704,1.0,3.1019396751945796,0.07610038055014269
pi,T0175,92,0,89263,,,0,0,0.0,,,,,,,,,,,,,
pi,T0176,2080,1,89287,89642.0,355.0,260,660,11.422518647557172,9.932624816894531,0.6893939393939394,1.0,2.4999916553497314,0.4805127390124129,1.8162660598754885,4.644092082977295,-15.075901132110845,4.965145111083984,0.3987340967558945,1.0,21.748202418648834,0.2944480540959348
pi,T0177,2488,1,89808,90215.0,407.0,460,860,21.355143467217268,9.932624816894531,1.0,0.0,0.8122590184211731,0.3160611832124549,1.7559523582458496,4.688094139099121,1.7094586215137644,54.478363037109375,0.15346670221567132,0.7158938646316528,5.593211011813824,0.09018567918556916
pi,T0178,136,0,90431,,,0,0,0.0,,,,,,,,,,,,,
pi,T0179,2352,1,90466,90889.0,423.0,260,660,13.960857881586517,12.13987636566162,0.9878787878787879,1.0,0.7506349086761475,0.22312730391594496,1.697827935218811,2.6253507137298584,-2.518381603107308,24.660497665405277,0.3429621254686605,0.7293808460235596,9.702819475937973,0.23294314498550991
pi,T0180,92,0,91055,,,0,0,0.0,,,,,,,,,,,,,
pi,T0181,2636,1,91079,91598.0,519.0,160,560,0.7173562963155667,1.1036250591278076,1.0,0.0,0.4543920457363128,0.18318736465714336,1.373363733291626,2.699312925338745,0.8935068805169847,5.403073787689209,0.18254914613374107,0.5937040448188782,7.710796674021653,0.17304003077151714
pi,T0182,136,0,91739,,,0,0,0.0,,,,,,,,,,,,,
pi,T0183,2540,1,91774,92194.0,420.0,460,860,2.372793889996964,1.1036250591278076,0.8383720930232558,1.0,0.9839285612106324,0.36316205390490763,1.649633526802063,3.914658784866333,7.376857477257591,95.16497802734376,0.24223303943718472,1.0,10.503956398939671,0.14174837424984296
pi,T0184,88,0,92410,,,0,0,0.0,,,,,,,,,,,,,
pi,T0185,2668,1,92433,92935.0,502.0,260,660,3.807506491865329,3.310875177383423,0.9878787878787879,1.0,0.6048078536987305,0.20618020104470128,1.347176432609558,3.1165783405303955,-3.427294177364445,26.83439064025879,0.1181596460808633,0.9940367341041564,5.843244677172466,0.10286537191188302
pi,T0186,108,0,93101,,,0,0,0.0,,,,,,,,,,,,,
pi,T0187,2332,1,93129,93572.0,443.0,160,560,3.5867813303633564,5.518125057220459,0.9910714285714286,1.0,0.7273890376091003,0.2759362820203283,1.714830994606018,2.9751501083374023,-1.1939827686840934,11.346044540405272,0.22336160826692192,0.8470463752746582,4.349147260455148,0.07335119492555085
pi,T0188,128,0,93713,,,0,0,0.0,,,,,,,,,,,,,
pi,T0189,2556,1,93746,94170.0,424.0,460,860,11.863968931126744,5.518125057220459,0.9988372093023256,1.0,0.574933648109436,0.22552529612426148,1.5787763595581057,2.9364304542541504,-4.252463835392819,9.517294883728027,0.23002265319877932,0.860288143157959,9.532625678389572,0.1846752107021572
pi,T0190,140,0,94386,,,0,0,0.0,,,,,,,,,,,,,
pi,T0191,2424,1,94422,94863.0,441.0,260,660,8.884182062945033,7.725375652313232,1.0,0.0,0.4246095716953277,0.2242393180953734,1.54277765750885,2.636491537094116,-5.720130619451855e-05,7.938918113708496,0.10030272271837788,0.7941891551017761,4.123921419736562,0.06789757271831007
pi,T0192,84,0,95029,,,0,0,0.0,,,,,,,,,,,,,
pi,T0193,364,0,95051,,,0,0,0.0,,,,,,,,,,,,,
pi,T0194,2360,1,95143,95568.0,425.0,260,660,11.42251863704719,9.932624816894531,0.9939393939393939,1.0,0.8950034976005554,0.31419705860316754,1.752126932144165,6.629482746124268,-5.740146157043902,55.66292572021485,0.21193565065640899,0.9613401889801024,9.784010296563308,0.15102663919203813
pi,T0195,140,0,95734,,,0,0,0.0,,,,,,,,,,,,,
pi,T0196,2388,1,95770,96227.0,457.0,160,560,7.890919687657544,12.13987636566162,0.9946428571428572,1.0,0.6028429269790649,0.24772112001664937,1.698163628578186,3.3907833099365234,-1.282443253459808,14.565958023071287,0.17893658275882315,0.9912816286087036,8.561843169986137,0.12541086630940618
pi,T0197,84,0,96368,,,0,0,0.0,,,,,,,,,,,,,
pi,T0198,2196,1,96390,96724.0,334.0,460,860,26.10073625526607,12.139877319335938,0.43023255813953487,1.0,3.748685121536255,0.8246679246988754,3.579695224761963,10.967636108398438,1.0235786525313308,35.63627243041992,0.40870803176292736,1.0,1.928209746116637,0.06444750585395773
pi,T0199,168,0,96940,,,0,0,0.0,,,,,,,,,,,,,
pi,T0200,2468,1,96983,97435.0,452.0,260,660,1.2691688244256747,1.1036250591278076,0.9454545454545454,1.0,1.8772927522659304,0.25019048817568657,1.7271932363510132,4.789923667907715,0.33854293743726993,4.384692192077637,0.15061145640934365,1.0,3.1900558513102375,0.0687724172528374
pi,T0201,96,0,97601,,,0,0,0.0,,,,,,,,,,,,,
pi,T0202,496,0,97626,,,0,0,0.0,,,,,,,,,,,,,
pi,T0203,2300,1,97751,98161.0,410.0,260,660,3.8075064837255694,3.310875177383423,0.996969696969697,1.0,0.7274534702301025,0.2824523377316919,1.7283613681793213,3.062645196914673,3.4292935065247794,35.188385009765625,0.09945893584694149,0.6325644254684448,8.07047175886956,0.06530956200727038
pi,T0204,140,0,98327,,,0,0,0.0,,,,,,,,,,,,,
pi,T0205,2420,1,98363,98828.0,465.0,160,560,3.586781317696204,5.518125057220459,0.9964285714285714,1.0,0.7066200971603394,0.25868161357939246,1.462782859802246,3.086588859558105,0.11852615869471005,34.305442810058594,0.18096303534496525,0.9954800605773926,4.520836967575763,0.07354465648606617
pi,T0206,84,0,98969,,,0,0,0.0,,,,,,,,,,,,,
pi,T0207,2180,1,98991,99321.0,330.0,460,860,11.863968910394345,5.518125057220459,0.6046511627906976,1.0,2.212929010391236,0.49684476654023624,1.418684959411621,3.632777214050293,0.06678686983623477,18.716583251953125,0.4478631171653708,1.0,5.270069798705883,0.15084705453711733
pi,T0208,2220,1,99537,99952.0,415.0,160,560,5.021494235719218,7.725375652313232,1.0,0.0,0.4763030111789703,0.26141611086204647,1.5792200565338137,2.698718786239624,6.609461379982531,26.347394943237305,0.20803454753809741,0.7928857803344727,8.013155031390488,0.17981271124761924
pi,T0209,96,0,100093,,,0,0,0.0,,,,,,,,,,,,,
pi,T0210,3072,1,100118,100671.0,553.0,460,860,16.609556648052134,7.725375175476074,0.8813953488372093,1.0,1.7872837781906128,0.31365695196572085,1.6979974508285522,4.587461471557617,-1.8351604117088691,12.048677444458008,0.21833483166911444,1.0,4.000914258974452,0.0794909564714988
pi,T0211,88,0,100887,,,0,0,0.0,,,,,,,,,,,,,
pi,T0212,1968,1,100910,101237.0,327.0,260,660,11.422518606052776,9.932624816894531,0.9863636363636363,1.0,0.6554321050643921,0.29270998462470194,1.9745476245880127,5.615357398986816,0.807401151125404,135.38134765625,0.07449510421526308,0.992239236831665,6.803887243647918,0.09911568978042958
pi,T0213,92,0,101403,,,0,0,0.0,,,,,,,,,,,,,
pi,T0214,1908,1,101427,101764.0,337.0,160,560,7.890920236765325,12.139877319335938,1.0,0.0,0.4038417041301727,0.2062578159051814,1.1936757564544678,2.307070255279541,0.33689621796365826,4.583126068115234,0.07525744439507041,0.4960175454616546,3.5581592435017226,0.0581229744035746
pi,T0215,132,0,101905,,,0,0,0.0,,,,,,,,,,,,,
pi,T0216,2632,1,101939,102382.0,443.0,460,860,26.1007342328016,12.13987636566162,0.5302325581395348,1.0,1.83775007724762,0.47729727646206005,1.723589301109314,4.905083179473877,0.8667017634524855,53.28580474853516,0.5338090552139938,1.0,8.278043888751851,0.22514510802583848
