file,frame,seconds,amp_body_vx,amp_body_vy,yaw_frame_vx,yaw_frame_vy,amp_body_wz,unwrapped_yaw_rate,quaternion_world_wz,raw_wz
carrywith1.pt,0,0.0,0.0084399888291955,0.040478724986314774,0.012399928644299507,0.03943457454442978,0.18545323610305786,0.1888561248779297,0.1831359714269638,0.1888599693775177
carrywith1.pt,1,0.016666666666666666,0.004310496151447296,0.027250176295638084,0.006194946821779013,0.026731275022029877,0.24986132979393005,0.24963855743408203,0.2463379055261612,0.24964305758476257
carrywith1.pt,2,0.03333333333333333,0.005808048415929079,0.016316547989845276,0.006063035689294338,0.016240473836660385,0.2500939667224884,0.2501249313354492,0.2481510490179062,0.2501203119754791
carrywith1.pt,3,0.05,0.004915577359497547,0.011553491465747356,0.005026241764426231,0.011517882347106934,0.20214863121509552,0.20387649536132812,0.20228871703147888,0.20387451350688934
carrywith1.pt,4,0.06666666666666667,-0.0026924479752779007,0.03661758825182915,-0.0030305711552500725,0.036742739379405975,0.4262067675590515,0.43065547943115234,0.4286429286003113,0.4306546151638031
carrywith1.pt,5,0.08333333333333333,0.0020387000404298306,0.0438709482550621,0.0024331901222467422,0.04376688599586487,0.4083014130592346,0.41808128356933594,0.41013023257255554,0.41808316111564636
carrywith1.pt,6,0.1,0.011717935092747211,0.03010987676680088,0.012071643024682999,0.029991958290338516,0.15877456963062286,0.15569686889648438,0.1567412167787552,0.15568704903125763
carrywith1.pt,7,0.11666666666666667,0.022588349878787994,0.03916244953870773,0.023511843755841255,0.038843028247356415,0.2485947459936142,0.24497509002685547,0.24554039537906647,0.24498620629310608
carrywith1.pt,8,0.13333333333333333,0.02395356446504593,0.04864833131432533,0.025205742567777634,0.04821228235960007,0.4029397964477539,0.4002571105957031,0.4018726050853729,0.400250107049942
carrywith1.pt,9,0.15,0.02854570746421814,0.03422415256500244,0.02900395356118679,0.03404146805405617,0.311026930809021,0.3103494644165039,0.30834901332855225,0.31035032868385315
carrywith1.pt,10,0.16666666666666666,0.04007327929139137,0.05452611297369003,0.038876064121723175,0.05492910370230675,0.19416013360023499,0.2018594741821289,0.19688676297664642,0.2018529325723648
carrywith1.pt,11,0.18333333333333332,0.039894949644804,0.058338239789009094,0.03947560861706734,0.058463599532842636,0.20717962086200714,0.2084827423095703,0.21022450923919678,0.20849008858203888
carrywith1.pt,12,0.2,0.04185625538229942,0.06737368553876877,0.042782679200172424,0.06701692938804626,0.33749863505363464,0.3316783905029297,0.3354840576648712,0.33167651295661926
carrywith1.pt,13,0.21666666666666667,0.052509404718875885,0.06942755728960037,0.052807316184043884,0.069280706346035,0.27784836292266846,0.27294158935546875,0.2763679027557373,0.27294591069221497
carrywith1.pt,14,0.23333333333333334,0.04999976605176926,0.08545082807540894,0.05026460438966751,0.08532882481813431,0.30235153436660767,0.29540061950683594,0.30049005150794983,0.2953912317752838
carrywith1.pt,15,0.25,0.050743889063596725,0.08654647320508957,0.05068224295973778,0.08654240518808365,0.30888015031814575,0.31210899353027344,0.3099939227104187,0.3121120035648346
carrywith1.pt,16,0.26666666666666666,0.0839063823223114,0.0671498030424118,0.08496749401092529,0.06668590009212494,0.2571885585784912,0.25485992431640625,0.2555861473083496,0.2548677623271942
carrywith1.pt,17,0.2833333333333333,0.08576387912034988,0.08376269787549973,0.08769956976175308,0.08297598361968994,0.2437373697757721,0.24405956268310547,0.24326936900615692,0.24406984448432922
carrywith1.pt,18,0.3,0.09149937331676483,0.09791442006826401,0.09374397248029709,0.09699784964323044,0.39984557032585144,0.39423465728759766,0.39687126874923706,0.3942260444164276
carrywith1.pt,19,0.31666666666666665,0.07963119447231293,0.10101458430290222,0.07964085787534714,0.10096221417188644,0.1519041657447815,0.1515340805053711,0.15270355343818665,0.15152709186077118
carrywith1.pt,20,0.3333333333333333,0.09273692220449448,0.11668499559164047,0.09348468482494354,0.116341233253479,0.4023513197898865,0.40024280548095703,0.40268439054489136,0.40024682879447937
carrywith1.pt,21,0.35,0.10371826589107513,0.101019948720932,0.10492955893278122,0.10048341751098633,0.3123507797718048,0.3091764450073242,0.3107379078865051,0.3091743588447571
carrywith1.pt,22,0.36666666666666664,0.098300501704216,0.0747012048959732,0.09913969039916992,0.07429926842451096,0.033262044191360474,0.027709007263183594,0.030190955847501755,0.027712877839803696
carrywith1.pt,23,0.38333333333333336,0.09903029352426529,0.0964602530002594,0.0997854620218277,0.09609910845756531,0.17837853729724884,0.17799854278564453,0.17828291654586792,0.17799703776836395
carrywith1.pt,24,0.4,0.11070791631937027,0.13390594720840454,0.11158479750156403,0.13349922001361847,0.5730841159820557,0.5771112442016602,0.5757312774658203,0.5771098136901855
carrywith1.pt,25,0.4166666666666667,0.11557210236787796,0.1258658468723297,0.11597859859466553,0.1256348192691803,0.3524942994117737,0.35097599029541016,0.35145214200019836,0.3509731590747833
carrywith1.pt,26,0.43333333333333335,0.11319614946842194,0.10789159685373306,0.11340805143117905,0.10773369669914246,0.40616554021835327,0.4104137420654297,0.4090126156806946,0.41041290760040283
carrywith1.pt,27,0.45,0.12307655066251755,0.10495176911354065,0.12394654005765915,0.10451669991016388,0.5348289012908936,0.5382728576660156,0.5381316542625427,0.5382769703865051
carrywith1.pt,28,0.4666666666666667,0.12389693409204483,0.10390129685401917,0.1247771680355072,0.1034642830491066,0.5624831914901733,0.5650091171264648,0.5665991902351379,0.5650012493133545
carrywith1.pt,29,0.48333333333333334,0.13279306888580322,0.09473294019699097,0.13394315540790558,0.09418945759534836,0.501179575920105,0.5067300796508789,0.5057409405708313,0.506740391254425
carrywith1.pt,30,0.5,0.10684514790773392,0.11583247035741806,0.10848791152238846,0.11514775454998016,0.5881783962249756,0.5802440643310547,0.5923058986663818,0.5802452564239502
carrywith1.pt,31,0.5166666666666667,0.10341564565896988,0.09394132345914841,0.10458589345216751,0.09347415715456009,0.35489463806152344,0.3540658950805664,0.364205539226532,0.35405460000038147
carrywith1.pt,32,0.5333333333333333,0.11171390861272812,0.06319977343082428,0.1143355518579483,0.062338296324014664,0.18304458260536194,0.19505023956298828,0.19055502116680145,0.19505712389945984
carrywith1.pt,33,0.55,0.12329491972923279,0.05199960991740227,0.1272655874490738,0.050726331770420074,0.2808287739753723,0.29106616973876953,0.2909450829029083,0.291061133146286
carrywith1.pt,34,0.5666666666666667,0.11877773702144623,0.053951241075992584,0.12022578716278076,0.0534282885491848,0.23980019986629486,0.2483510971069336,0.2491023987531662,0.2483506053686142
carrywith1.pt,35,0.5833333333333334,0.11983291804790497,0.07365567982196808,0.12362195551395416,0.07252755016088486,-0.016489136964082718,-0.034618377685546875,-0.0019776865374296904,-0.034621093422174454
carrywith1.pt,36,0.6,0.17625457048416138,0.032947707921266556,0.17701418697834015,0.03263019770383835,0.20739485323429108,0.22194385528564453,0.2083684355020523,0.22196266055107117
carrywith1.pt,37,0.6166666666666667,0.17765015363693237,0.012349112890660763,0.17691317200660706,0.012317046523094177,0.19001415371894836,0.21427631378173828,0.19225020706653595,0.21424894034862518
carrywith1.pt,38,0.6333333333333333,0.16352756321430206,0.03346516191959381,0.1622908115386963,0.03357503563165665,0.685356855392456,0.7264137268066406,0.6928838491439819,0.7264237403869629
carrywith1.pt,39,0.65,0.21852228045463562,0.020533226430416107,0.2172013372182846,0.02058514952659607,0.45336565375328064,0.47940731048583984,0.44903913140296936,0.47941792011260986
carrywith1.pt,40,0.6666666666666666,0.23503223061561584,-0.023205136880278587,0.23428116738796234,-0.02338463068008423,0.10305017232894897,0.11654376983642578,0.09303346276283264,0.11654813587665558
carrywith1.pt,41,0.6833333333333333,0.19774354994297028,0.05035223811864853,0.19628681242465973,0.05060792714357376,0.8734659552574158,0.9223508834838867,0.8849133253097534,0.9223489165306091
carrywith1.pt,42,0.7,0.23003563284873962,0.01705690659582615,0.22952362895011902,0.016778267920017242,0.499325692653656,0.5222225189208984,0.49937552213668823,0.5222119092941284
carrywith1.pt,43,0.7166666666666667,0.24508987367153168,-0.014729857444763184,0.2457694113254547,-0.015699118375778198,0.31001782417297363,0.3211498260498047,0.30878350138664246,0.321152001619339
carrywith1.pt,44,0.7333333333333333,0.27529793977737427,-0.017368104308843613,0.27668362855911255,-0.018839672207832336,0.4874285161495209,0.5306053161621094,0.49657920002937317,0.5306065678596497
carrywith1.pt,45,0.75,0.2907198369503021,-0.008847193792462349,0.2940133810043335,-0.011660784482955933,0.4360215961933136,0.4644012451171875,0.4410458207130432,0.46439963579177856
carrywith1.pt,46,0.7666666666666667,0.3139401376247406,0.013037318363785744,0.31748437881469727,0.00982677936553955,0.6541688442230225,0.6661176681518555,0.6589433550834656,0.6661209464073181
carrywith1.pt,47,0.7833333333333333,0.33363965153694153,-0.026270654052495956,0.3387085199356079,-0.030706241726875305,0.4358994662761688,0.4509115219116211,0.43811675906181335,0.45090460777282715
carrywith1.pt,48,0.8,0.367124080657959,-0.035857055336236954,0.37527865171432495,-0.04281894862651825,0.3642672002315521,0.35943031311035156,0.3624243438243866,0.35944029688835144
carrywith1.pt,49,0.8166666666666667,0.39176619052886963,-0.016567468643188477,0.39979088306427,-0.02356204390525818,0.43801724910736084,0.4367494583129883,0.43990468978881836,0.43674638867378235
carrywith1.pt,50,0.8333333333333334,0.40942203998565674,-0.02284851297736168,0.41812196373939514,-0.0303352028131485,0.5174858570098877,0.5212926864624023,0.5194132328033447,0.5212946534156799
carrywith1.pt,51,0.85,0.4273151755332947,-0.030422180891036987,0.4366592764854431,-0.03857290744781494,0.3994428515434265,0.4060077667236328,0.40276485681533813,0.4060031771659851
carrywith1.pt,52,0.8666666666666667,0.4595697820186615,-0.003783486783504486,0.47061070799827576,-0.013292834162712097,0.42376258969306946,0.41487693786621094,0.42020314931869507,0.4148815870285034
carrywith1.pt,53,0.8833333333333333,0.484878271818161,-0.04019743949174881,0.4970051050186157,-0.050853028893470764,0.33380359411239624,0.3371429443359375,0.3338353931903839,0.3371439278125763
carrywith1.pt,54,0.9,0.5257985591888428,-0.026320630684494972,0.5372455716133118,-0.03687053918838501,0.40233123302459717,0.39542198181152344,0.4018457233905792,0.395417720079422
carrywith1.pt,55,0.9166666666666666,0.5285850763320923,-0.03288700059056282,0.5416243076324463,-0.044586628675460815,0.3645109534263611,0.3621339797973633,0.3610084354877472,0.3621295094490051
carrywith1.pt,56,0.9333333333333333,0.5579105019569397,-0.04088425636291504,0.5701928734779358,-0.052734583616256714,0.37892603874206543,0.3815174102783203,0.37878236174583435,0.38152652978897095
carrywith1.pt,57,0.95,0.5752638578414917,-0.029047518968582153,0.5880482792854309,-0.0419333279132843,0.5538026094436646,0.5527210235595703,0.5514870285987854,0.552708089351654
carrywith1.pt,58,0.9666666666666667,0.5976516604423523,-0.052829958498477936,0.6087291240692139,-0.06544056534767151,0.4561604857444763,0.47204017639160156,0.461527556180954,0.4720439314842224
carrywith1.pt,59,0.9833333333333333,0.6575344800949097,-0.041083142161369324,0.6667866706848145,-0.053058236837387085,0.6776012778282166,0.7014942169189453,0.6875259280204773,0.7014901041984558
carrywith1.pt,60,1.0,0.6564124822616577,-0.060453712940216064,0.6661690473556519,-0.07363227009773254,0.5789047479629517,0.5998134613037109,0.5880894660949707,0.5998161435127258
carrywith1.pt,61,1.0166666666666666,0.6736183762550354,-0.07432863116264343,0.6826001405715942,-0.0873657763004303,0.5301289558410645,0.5683135986328125,0.5466907024383545,0.5683297514915466
carrywith1.pt,62,1.0333333333333334,0.6953543424606323,-0.08513497561216354,0.7043026685714722,-0.09973746538162231,0.39358875155448914,0.4241466522216797,0.4084300398826599,0.42412883043289185
carrywith1.pt,63,1.05,0.7336287498474121,-0.06877120584249496,0.7420409917831421,-0.08389648795127869,0.38354283571243286,0.41436195373535156,0.4006088972091675,0.4143918454647064
carrywith1.pt,64,1.0666666666666667,0.7404878735542297,-0.09114671498537064,0.7462005019187927,-0.10333043336868286,0.16253967583179474,0.1714611053466797,0.16673333942890167,0.17144210636615753
carrywith1.pt,65,1.0833333333333333,0.7904956936836243,-0.1149125024676323,0.7954893112182617,-0.12604385614395142,-0.1306474655866623,-0.10611534118652344,-0.11697304993867874,-0.1061272919178009
carrywith1.pt,66,1.1,0.8692148923873901,-0.10573817044496536,0.8697431087493896,-0.10928797721862793,0.23545216023921967,0.28046607971191406,0.25452160835266113,0.2804724872112274
carrywith1.pt,67,1.1166666666666667,0.7893257141113281,-0.1272241622209549,0.7925599813461304,-0.13617393374443054,-0.6338790059089661,-0.6754875183105469,-0.6546941995620728,-0.6754862070083618
carrywith1.pt,68,1.1333333333333333,0.9045646786689758,-0.07707186788320541,0.9022284150123596,-0.07481327652931213,0.14200417697429657,0.1837635040283203,0.15941697359085083,0.1837591528892517
carrywith1.pt,69,1.15,0.8906486630439758,-0.09490509331226349,0.8873494863510132,-0.09167996048927307,-0.38429078459739685,-0.3857231140136719,-0.39180824160575867,-0.38568705320358276
carrywith1.pt,70,1.1666666666666667,0.8921539783477783,-0.09426090121269226,0.8886822462081909,-0.09194803237915039,-0.19262756407260895,-0.2003002166748047,-0.20038644969463348,-0.20033489167690277
carrywith1.pt,71,1.1833333333333333,0.8252490162849426,-0.11428028345108032,0.8248039484024048,-0.11730998754501343,-0.5226393342018127,-0.5813312530517578,-0.5517191886901855,-0.5813177824020386
carrywith1.pt,72,1.2,0.7835425138473511,-0.1003066897392273,0.7828232049942017,-0.10253050923347473,-0.32334578037261963,-0.36243438720703125,-0.3418574631214142,-0.36245298385620117
carrywith1.pt,73,1.2166666666666666,0.775528073310852,-0.08238430321216583,0.7725650072097778,-0.0816723108291626,-0.24638745188713074,-0.2655601501464844,-0.2552575469017029,-0.265573650598526
carrywith1.pt,74,1.2333333333333334,0.7126150131225586,-0.11567823588848114,0.7122300863265991,-0.11838486790657043,-0.46536126732826233,-0.4698371887207031,-0.4695453345775604,-0.4698311388492584
carrywith1.pt,75,1.25,0.6963938474655151,-0.05899627506732941,0.6922024488449097,-0.05670097470283508,0.007021147757768631,0.015506744384765625,0.009659549221396446,0.015542319044470787
carrywith1.pt,76,1.2666666666666666,0.673311173915863,-0.055184122174978256,0.6681827306747437,-0.05237552523612976,0.06793127954006195,0.07673263549804688,0.07202281057834625,0.07670311629772186
carrywith1.pt,77,1.2833333333333334,0.6586920022964478,-0.050928112119436264,0.6524615287780762,-0.047484517097473145,0.026556838303804398,0.03055572509765625,0.029511475935578346,0.0305577851831913
carrywith1.pt,78,1.3,0.6525835990905762,-0.035026393830776215,0.6447750329971313,-0.030354082584381104,0.022392209619283676,-0.0034332275390625,0.017133966088294983,-0.003406016156077385
carrywith1.pt,79,1.3166666666666667,0.6240770816802979,-0.036521777510643005,0.6136480569839478,-0.029841452836990356,-0.036036327481269836,-0.09824752807617188,-0.04989280924201012,-0.09824750572443008
carrywith1.pt,80,1.3333333333333333,0.6108954548835754,-0.06699083745479584,0.5959162712097168,-0.05753380060195923,-0.5646182894706726,-0.6247329711914062,-0.5746515393257141,-0.6247512102127075
carrywith1.pt,81,1.35,0.6290347576141357,-0.0572124682366848,0.6141085624694824,-0.04937282204627991,-0.5425277948379517,-0.6434154510498047,-0.564710795879364,-0.6434228420257568
carrywith1.pt,82,1.3666666666666667,0.6517036557197571,-0.06884041428565979,0.6350982785224915,-0.061277419328689575,-0.7658733129501343,-0.844573974609375,-0.7775348424911499,-0.8445698022842407
carrywith1.pt,83,1.3833333333333333,0.6225084066390991,0.0005260563339106739,0.6067401170730591,0.006533324718475342,-0.6247289180755615,-0.7087182998657227,-0.6435898542404175,-0.7087209224700928
carrywith1.pt,84,1.4,0.6692411303520203,0.151254802942276,0.6552573442459106,0.1556532084941864,0.07947109639644623,-0.059723854064941406,0.04384956136345863,-0.059719230979681015
carrywith1.pt,85,1.4166666666666667,0.5089419484138489,0.23372483253479004,0.5034661293029785,0.23466917872428894,0.022994786500930786,-0.1517629623413086,-0.043242570012807846,-0.15176065266132355
carrywith1.pt,86,1.4333333333333333,0.6015771627426147,-0.025847703218460083,0.5958956480026245,-0.0257798433303833,-1.2732782363891602,-1.3248395919799805,-1.2639886140823364,-1.3248401880264282
carrywith1.pt,87,1.45,0.6937703490257263,-0.19482189416885376,0.6859163045883179,-0.19613227248191833,-1.7822940349578857,-1.723165512084961,-1.7419779300689697,-1.7231743335723877
carrywith1.pt,88,1.4666666666666666,0.6538588404655457,0.05256999656558037,0.6525443196296692,0.052679598331451416,-0.8771392107009888,-0.8983755111694336,-0.8869147896766663,-0.8983492255210876
carrywith1.pt,89,1.4833333333333334,0.6463863253593445,0.07915365695953369,0.6490457057952881,0.07986569404602051,-0.8131136298179626,-0.8380651473999023,-0.8248507976531982,-0.8380860090255737
carrywith1.pt,90,1.5,0.688861072063446,0.0677851065993309,0.6933504939079285,0.06904986500740051,-0.6411861181259155,-0.6519126892089844,-0.6528351306915283,-0.651915431022644
carrywith1.pt,91,1.5166666666666666,0.7236267924308777,0.08426985144615173,0.731001615524292,0.08612287044525146,-0.7480214834213257,-0.7581710815429688,-0.7572141885757446,-0.7581663727760315
carrywith1.pt,92,1.5333333333333334,0.7540137767791748,0.09680905938148499,0.7635946869850159,0.09919306635856628,-0.5556114912033081,-0.5522489547729492,-0.5650113821029663,-0.552251935005188
carrywith1.pt,93,1.55,0.7552435398101807,0.09484460204839706,0.7661817073822021,0.09698772430419922,-0.41946226358413696,-0.41168689727783203,-0.4281603991985321,-0.41168487071990967
carrywith1.pt,94,1.5666666666666667,0.794606626033783,0.10183379054069519,0.8094884157180786,0.1037316620349884,-0.16891197860240936,-0.16256332397460938,-0.17245540022850037,-0.16255640983581543
carrywith1.pt,95,1.5833333333333333,0.8171672821044922,0.09523209184408188,0.8351709246635437,0.09681728482246399,-0.09184399247169495,-0.0812530517578125,-0.08897426724433899,-0.08125506341457367
carrywith1.pt,96,1.6,0.8474074006080627,0.10750894248485565,0.8655816316604614,0.10856997966766357,0.014162272214889526,0.025606155395507812,0.02073884755373001,0.025606587529182434
carrywith1.pt,97,1.6166666666666667,0.9212472438812256,0.09265077114105225,0.9407351016998291,0.09343191981315613,0.07550375908613205,0.09285449981689453,0.09044776856899261,0.09286049753427505
carrywith1.pt,98,1.6333333333333333,0.900177001953125,0.11187785118818283,0.923672080039978,0.11257952451705933,-0.13626009225845337,-0.1256561279296875,-0.11614339798688889,-0.12566915154457092
carrywith1.pt,99,1.65,0.8976681232452393,0.11744175106287003,0.9231749773025513,0.11880561709403992,-0.21476759016513824,-0.21825313568115234,-0.20953071117401123,-0.21824190020561218
carrywith1.pt,100,1.6666666666666667,0.9093312621116638,0.12030208855867386,0.9351465702056885,0.12224093079566956,-0.28274261951446533,-0.287933349609375,-0.28529074788093567,-0.2879476547241211
carrywith1.pt,101,1.6833333333333333,0.9429908394813538,0.14155182242393494,0.9651370644569397,0.1434183418750763,-0.26438382267951965,-0.27268409729003906,-0.2740683853626251,-0.2726874053478241
carrywith1.pt,102,1.7,1.0035098791122437,0.15019230544567108,1.023137092590332,0.15184924006462097,-0.224003404378891,-0.26154041290283203,-0.24833407998085022,-0.26153796911239624
carrywith1.pt,103,1.7166666666666666,1.0648434162139893,0.12244825065135956,1.077890157699585,0.12430799007415771,-0.4799460768699646,-0.5298471450805664,-0.5144415497779846,-0.5298353433609009
carrywith1.pt,104,1.7333333333333334,1.0961207151412964,0.13469302654266357,1.1043633222579956,0.1367206871509552,-0.5368343591690063,-0.5905008316040039,-0.5717679262161255,-0.5904868841171265
carrywith1.pt,105,1.75,1.1360894441604614,0.12750689685344696,1.139941930770874,0.12936770915985107,-0.5412176847457886,-0.5721473693847656,-0.5582646131515503,-0.5721645355224609
carrywith1.pt,106,1.7666666666666666,1.1499371528625488,0.10900124162435532,1.1499989032745361,0.10963290929794312,-0.33332428336143494,-0.3483438491821289,-0.3425939679145813,-0.34834790229797363
carrywith1.pt,107,1.7833333333333334,1.102568507194519,0.1605168879032135,1.1010396480560303,0.16015484929084778,-0.054853640496730804,-0.0691080093383789,-0.06250984221696854,-0.06911113858222961
carrywith1.pt,108,1.8,1.0762042999267578,0.21867211163043976,1.0738024711608887,0.21740546822547913,0.4710436761379242,0.47554492950439453,0.479505330324173,0.4755464196205139
carrywith1.pt,109,1.8166666666666667,1.0594478845596313,0.15883782505989075,1.0562419891357422,0.15696501731872559,0.3492852747440338,0.3637504577636719,0.3691410422325134,0.36375483870506287
carrywith1.pt,110,1.8333333333333333,0.9739924073219299,0.14551541209220886,0.9699200391769409,0.1432526707649231,0.28805601596832275,0.3055000305175781,0.3134367763996124,0.3055057227611542
carrywith1.pt,111,1.85,0.9175236821174622,0.15986773371696472,0.9135282635688782,0.15794813632965088,0.19744953513145447,0.20420551300048828,0.20740997791290283,0.20419982075691223
carrywith1.pt,112,1.8666666666666667,0.9027910232543945,0.1271192729473114,0.8979426622390747,0.12467533349990845,0.2046373188495636,0.24164199829101562,0.24839183688163757,0.24163813889026642
carrywith1.pt,113,1.8833333333333333,0.801611065864563,0.14446322619915009,0.7928969860076904,0.140237957239151,0.20620013773441315,0.26448726654052734,0.2728656828403473,0.2644861340522766
carrywith1.pt,114,1.9,0.7897613644599915,0.09658946096897125,0.7841156721115112,0.0949697196483612,-0.45241278409957886,-0.5179023742675781,-0.5291957259178162,-0.5179030895233154
carrywith1.pt,115,1.9166666666666667,0.9338193535804749,-0.004061751067638397,0.9384901523590088,-0.00021788477897644043,-1.323102593421936,-1.4819955825805664,-1.5303181409835815,-1.4819869995117188
carrywith1.pt,116,1.9333333333333333,0.6527025699615479,0.23951971530914307,0.6466330289840698,0.23356114327907562,1.8937467336654663,1.9730472564697266,2.007256031036377,1.9730453491210938
carrywith1.pt,117,1.95,0.8201076984405518,-0.049393270164728165,0.8043754696846008,-0.05462422966957092,-0.9196022748947144,-0.9380578994750977,-0.9705567955970764,-0.9380568861961365
carrywith1.pt,118,1.9666666666666666,0.7595694065093994,0.19513140618801117,0.7419396042823792,0.1900579333305359,1.0745110511779785,1.1473417282104492,1.1147228479385376,1.147341012954712
carrywith1.pt,119,1.9833333333333334,0.7955549359321594,0.007509093731641769,0.7840235233306885,0.005973249673843384,-0.29832038283348083,-0.2897500991821289,-0.3735905587673187,-0.28975367546081543
carrywith1.pt,120,2.0,0.7040305137634277,0.3489961326122284,0.6808140277862549,0.3503679037094116,2.4013636112213135,2.5011634826660156,2.4960310459136963,2.5011723041534424
carrywith1.pt,121,2.0166666666666666,0.8046954274177551,0.06363607943058014,0.7831672430038452,0.06446847319602966,0.8905110359191895,0.9577703475952148,0.8867509365081787,0.9577620625495911
carrywith1.pt,122,2.033333333333333,0.801988959312439,0.057524703443050385,0.7826646566390991,0.05972021818161011,0.8153825402259827,0.8848428726196289,0.8165603876113892,0.8848408460617065
carrywith1.pt,123,2.05,0.789300799369812,0.015420631505548954,0.7761712670326233,0.01743471622467041,0.9791011214256287,1.0608530044555664,0.9761411547660828,1.0608563423156738
carrywith1.pt,124,2.066666666666667,0.7803884148597717,0.023049108684062958,0.7707361578941345,0.024836957454681396,1.1652641296386719,1.2389945983886719,1.161368727684021,1.2389872074127197
carrywith1.pt,125,2.0833333333333335,0.7849705219268799,0.08363346755504608,0.7852729558944702,0.08145090937614441,1.9608360528945923,1.9724750518798828,1.9436589479446411,1.9724832773208618
carrywith1.pt,126,2.1,0.7843161225318909,-0.03249574080109596,0.7855060696601868,-0.03529897332191467,1.2482393980026245,1.2765741348266602,1.2492847442626953,1.2765753269195557
carrywith1.pt,127,2.1166666666666667,0.7620841264724731,-0.06532163918018341,0.7661610841751099,-0.07041087746620178,1.0439019203186035,1.072840690612793,1.0497459173202515,1.072837233543396
carrywith1.pt,128,2.1333333333333333,0.7633107900619507,-0.15075230598449707,0.766086995601654,-0.15541553497314453,0.5607092380523682,0.6379365921020508,0.5836586952209473,0.6379358172416687
carrywith1.pt,129,2.15,0.7620211243629456,-0.13889238238334656,0.7694317102432251,-0.14845076203346252,0.5977880954742432,0.6616973876953125,0.6169734001159668,0.6616926193237305
carrywith1.pt,130,2.1666666666666665,0.8025428056716919,-0.065311498939991,0.8135738372802734,-0.0793791115283966,0.9262620210647583,0.9572410583496094,0.9395594000816345,0.9572402834892273
carrywith1.pt,131,2.183333333333333,0.8171115517616272,-0.09538786113262177,0.8335546851158142,-0.11590045690536499,0.3677298426628113,0.3547382354736328,0.3658217489719391,0.35475820302963257
carrywith1.pt,132,2.2,0.8295730948448181,-0.09525340050458908,0.8460466861724854,-0.1153271496295929,0.3791126012802124,0.3952217102050781,0.3845115303993225,0.3951933979988098
carrywith1.pt,133,2.216666666666667,0.8634434938430786,-0.0852012187242508,0.8823620080947876,-0.1088818907737732,0.28167805075645447,0.26927947998046875,0.27738016843795776,0.269305020570755
carrywith1.pt,134,2.2333333333333334,0.9130187630653381,-0.03331244736909866,0.9308832883834839,-0.0561559796333313,0.5344758033752441,0.5494880676269531,0.5413218140602112,0.54947429895401
carrywith1.pt,135,2.25,0.872996985912323,-0.10234035551548004,0.892614483833313,-0.1281203031539917,-0.28428182005882263,-0.2886199951171875,-0.28651025891304016,-0.2885938286781311
carrywith1.pt,136,2.2666666666666666,0.9506286978721619,-0.054221466183662415,0.9703953266143799,-0.0797344446182251,0.2659543752670288,0.2898216247558594,0.2754989564418793,0.2897785007953644
carrywith1.pt,137,2.283333333333333,0.9122580885887146,-0.14567232131958008,0.9352557063102722,-0.17557010054588318,-0.32749566435813904,-0.3271293640136719,-0.32886070013046265,-0.3270886540412903
carrywith1.pt,138,2.3,1.0253969430923462,-0.0215865857899189,1.0484999418258667,-0.05152612924575806,0.5596960783004761,0.5883407592773438,0.5712131261825562,0.588320255279541
carrywith1.pt,139,2.316666666666667,1.0305691957473755,0.04710851609706879,1.0524888038635254,0.016575217247009277,1.2321233749389648,1.2441444396972656,1.2416146993637085,1.2441259622573853
carrywith1.pt,140,2.3333333333333335,1.0530937910079956,0.018318327143788338,1.0704368352890015,-0.008373260498046875,1.3408198356628418,1.3604450225830078,1.3543919324874878,1.3604618310928345
carrywith1.pt,141,2.35,1.0360950231552124,-0.0815652459859848,1.050011157989502,-0.10556015372276306,0.7956990599632263,0.7984256744384766,0.8000094890594482,0.7984082698822021
carrywith1.pt,142,2.3666666666666667,1.0567710399627686,-0.0697622150182724,1.065549612045288,-0.08698862791061401,0.8889427781105042,0.8953857421875,0.8952009677886963,0.8954218626022339
carrywith1.pt,143,2.3833333333333333,1.1129026412963867,-0.08691627532243729,1.1184030771255493,-0.09935712814331055,0.6113795638084412,0.5960655212402344,0.606539785861969,0.5960618853569031
carrywith1.pt,144,2.4,1.1079972982406616,-0.09477008134126663,1.1063518524169922,-0.09617090225219727,0.15425296127796173,0.17515182495117188,0.16473937034606934,0.17511098086833954
carrywith1.pt,145,2.4166666666666665,1.0919122695922852,-0.11072860658168793,1.0910725593566895,-0.11445525288581848,-0.15451642870903015,-0.16242027282714844,-0.1546635776758194,-0.16238881647586823
carrywith1.pt,146,2.433333333333333,1.0760152339935303,-0.1258460432291031,1.0753257274627686,-0.1300218105316162,-0.3329053223133087,-0.35857200622558594,-0.34179991483688354,-0.3585866093635559
carrywith1.pt,147,2.45,1.0340023040771484,-0.14979933202266693,1.032663106918335,-0.1531405746936798,-0.7774345874786377,-0.8098411560058594,-0.7888941764831543,-0.8098256587982178
carrywith1.pt,148,2.466666666666667,0.9904375076293945,-0.12289877980947495,0.9867309927940369,-0.12360969185829163,-0.4790014326572418,-0.4643440246582031,-0.47189897298812866,-0.4643484354019165
carrywith1.pt,149,2.4833333333333334,0.9215699434280396,-0.10567359626293182,0.918049693107605,-0.10666987299919128,-0.4077509045600891,-0.41687965393066406,-0.41379767656326294,-0.4168779253959656
carrywith1.pt,150,2.5,0.8922470808029175,-0.13770364224910736,0.8845521211624146,-0.1346600353717804,-0.3567699193954468,-0.3057575225830078,-0.3418290615081787,-0.3057456612586975
carrywith1.pt,151,2.5166666666666666,0.9303253293037415,-0.11520805209875107,0.9187346696853638,-0.10870462656021118,-0.10075941681861877,-0.08228302001953125,-0.09072317183017731,-0.08231671899557114
carrywith1.pt,152,2.533333333333333,0.912127673625946,-0.07717765122652054,0.8969770073890686,-0.0677751898765564,0.15651759505271912,0.1371002197265625,0.15902665257453918,0.13714054226875305
carrywith1.pt,153,2.55,0.8849794864654541,-0.1025652140378952,0.8675917983055115,-0.09229561686515808,-0.04101451486349106,-0.09023666381835938,-0.04949220269918442,-0.09026218950748444
carrywith1.pt,154,2.566666666666667,0.8886917233467102,-0.08446897566318512,0.8697069883346558,-0.07381752133369446,-0.21421027183532715,-0.254058837890625,-0.20835132896900177,-0.25405868887901306
carrywith1.pt,155,2.5833333333333335,0.8886377215385437,-0.06968386471271515,0.8686234354972839,-0.060182273387908936,-0.06735814362764359,-0.1311779022216797,-0.06559280306100845,-0.1311783790588379
carrywith1.pt,156,2.6,0.8501414060592651,-0.054705217480659485,0.8317511677742004,-0.0475468635559082,-0.5680890083312988,-0.6628704071044922,-0.5801243185997009,-0.6628579497337341
carrywith1.pt,157,2.6166666666666667,0.8427752256393433,-0.04409953951835632,0.8229080438613892,-0.037294238805770874,-0.6514459848403931,-0.7329940795898438,-0.6545190811157227,-0.7329848408699036
carrywith1.pt,158,2.6333333333333333,0.8329526782035828,-0.026559041813015938,0.8144323229789734,-0.02154773473739624,-0.6760847568511963,-0.76080322265625,-0.6854866147041321,-0.7608152627944946
carrywith1.pt,159,2.65,0.8269065022468567,0.004282630048692226,0.8119269609451294,0.00723874568939209,-0.9638452529907227,-1.0598945617675781,-0.968055248260498,-1.0598891973495483
carrywith1.pt,160,2.6666666666666665,0.8272128701210022,0.00680225994437933,0.8171138763427734,0.007766544818878174,-0.9886977076530457,-1.0608673095703125,-0.9829027652740479,-1.0608688592910767
carrywith1.pt,161,2.683333333333333,0.8200774788856506,0.04429258406162262,0.8123250007629395,0.04456248879432678,-1.0447299480438232,-1.1059284210205078,-1.0491394996643066,-1.1059362888336182
carrywith1.pt,162,2.7,0.8809276819229126,0.059803541749715805,0.8838733434677124,0.05944368243217468,-0.5938369035720825,-0.6567621231079102,-0.6051502823829651,-0.6567549109458923
carrywith1.pt,163,2.716666666666667,0.8785496950149536,0.057265643030405045,0.8837448358535767,0.0575595498085022,-1.4213446378707886,-1.434774398803711,-1.409616470336914,-1.4347783327102661
carrywith1.pt,164,2.7333333333333334,0.8771942853927612,0.1087336391210556,0.8907418847084045,0.10992607474327087,-0.9735885858535767,-1.0128450393676758,-0.9826089143753052,-1.0128499269485474
carrywith1.pt,165,2.75,0.8682831525802612,0.12422855943441391,0.8864148855209351,0.126738041639328,-1.097736120223999,-1.1246967315673828,-1.1115130186080933,-1.1246893405914307
carrywith1.pt,166,2.7666666666666666,0.8495169281959534,0.14362017810344696,0.8721325397491455,0.14719361066818237,-0.8471174836158752,-0.8597373962402344,-0.8764041066169739,-0.85972660779953
carrywith1.pt,167,2.783333333333333,0.8741087913513184,0.12893283367156982,0.898835301399231,0.1321045160293579,-0.6744973659515381,-0.6769895553588867,-0.6980546712875366,-0.677013635635376
carrywith1.pt,168,2.8,0.8674840927124023,0.1421722024679184,0.8930739164352417,0.14442694187164307,-0.4077123701572418,-0.39841175079345703,-0.4131576716899872,-0.39840343594551086
carrywith1.pt,169,2.816666666666667,0.903022050857544,0.15767110884189606,0.9311478137969971,0.15930145978927612,-0.4277469515800476,-0.4218292236328125,-0.4422796368598938,-0.42182469367980957
carrywith1.pt,170,2.8333333333333335,0.931747555732727,0.15781816840171814,0.9629805684089661,0.15835711359977722,-0.35237181186676025,-0.36263465881347656,-0.3732999861240387,-0.3626359701156616
carrywith1.pt,171,2.85,0.9398723840713501,0.16857638955116272,0.9695994257926941,0.16843432188034058,-0.48766228556632996,-0.5148839950561523,-0.5074438452720642,-0.5148817300796509
carrywith1.pt,172,2.8666666666666667,0.9721619486808777,0.1582929491996765,1.0010336637496948,0.15865251421928406,-0.4353283643722534,-0.4792356491088867,-0.4561137557029724,-0.4792485535144806
carrywith1.pt,173,2.8833333333333333,1.0171610116958618,0.15512193739414215,1.038954734802246,0.15682253241539001,-0.32147419452667236,-0.3280162811279297,-0.31605765223503113,-0.32801392674446106
carrywith1.pt,174,2.9,1.0456571578979492,0.15653564035892487,1.065580129623413,0.15880036354064941,-0.35835230350494385,-0.39769649505615234,-0.3646353483200073,-0.3976913094520569
carrywith1.pt,175,2.9166666666666665,1.0926176309585571,0.18110495805740356,1.1072269678115845,0.18451523780822754,-0.2858859598636627,-0.3364133834838867,-0.29889988899230957,-0.3363984525203705
carrywith1.pt,176,2.933333333333333,1.1539294719696045,0.17989926040172577,1.1619853973388672,0.18350014090538025,-0.4165743887424469,-0.4644298553466797,-0.43299728631973267,-0.4644412398338318
carrywith1.pt,177,2.95,1.1397104263305664,0.2131490707397461,1.14359450340271,0.21624073386192322,0.09639167040586472,0.06633281707763672,0.08423943817615509,0.06632707267999649
carrywith1.pt,178,2.966666666666667,1.197263240814209,0.22261400520801544,1.1970230340957642,0.22386735677719116,0.3033263683319092,0.2711677551269531,0.295587956905365,0.2711745798587799
carrywith1.pt,179,2.9833333333333334,1.1950762271881104,0.1872299760580063,1.190861701965332,0.1853349804878235,0.22014226019382477,0.21409034729003906,0.22689014673233032,0.21407806873321533
carrywith1.pt,180,3.0,1.2254185676574707,0.1923193782567978,1.2185704708099365,0.187827467918396,-0.27538537979125977,-0.26998043060302734,-0.23248110711574554,-0.2699557840824127
carrywith1.pt,181,3.0166666666666666,1.1122055053710938,0.19556984305381775,1.105757474899292,0.1907730996608734,0.29348015785217285,0.3124809265136719,0.3229779899120331,0.31245917081832886
carrywith1.pt,182,3.033333333333333,1.0662925243377686,0.1673557460308075,1.0600998401641846,0.16306811571121216,0.46776291728019714,0.5021524429321289,0.498528391122818,0.5021679401397705
carrywith1.pt,183,3.05,1.0106608867645264,0.17011421918869019,1.004918098449707,0.16704171895980835,0.34453654289245605,0.3899574279785156,0.3934103548526764,0.38995179533958435
carrywith1.pt,184,3.066666666666667,0.9754554629325867,0.14404045045375824,0.9664306640625,0.13891398906707764,0.1265145242214203,0.2034759521484375,0.20654606819152832,0.20347608625888824
carrywith1.pt,185,3.0833333333333335,0.928686797618866,0.12666183710098267,0.9181760549545288,0.12185555696487427,0.06575588136911392,0.08957862854003906,0.1130964383482933,0.08957362920045853
carrywith1.pt,186,3.1,0.8837870955467224,0.12809911370277405,0.8734385967254639,0.12351170182228088,0.22728100419044495,0.24154186248779297,0.26019254326820374,0.24154238402843475
carrywith1.pt,187,3.1166666666666667,0.8506191968917847,0.12046784907579422,0.8350346088409424,0.1119198203086853,0.0683584064245224,0.08620262145996094,0.10115154087543488,0.08619526773691177
carrywith1.pt,188,3.1333333333333333,0.8881691694259644,0.08248491585254669,0.8691813945770264,0.07156595587730408,-0.14496853947639465,-0.11249542236328125,-0.11320006102323532,-0.11249429732561111
carrywith1.pt,189,3.15,0.8759880065917969,0.08263392001390457,0.8547431230545044,0.07087060809135437,-0.12877978384494781,-0.08113861083984375,-0.10987783968448639,-0.08113665133714676
carrywith1.pt,190,3.1666666666666665,0.8549271821975708,0.07248447090387344,0.8345598578453064,0.062828928232193,-0.02906641736626625,0.0354766845703125,-0.03354211896657944,0.03548519313335419
carrywith1.pt,191,3.183333333333333,0.8341694474220276,0.0679694414138794,0.8144924640655518,0.06077796220779419,0.09125187993049622,0.15146255493164062,0.0827590748667717,0.15147055685520172
carrywith1.pt,192,3.2,0.855823814868927,0.044827818870544434,0.8345170021057129,0.038651615381240845,0.11789543926715851,0.20243167877197266,0.12006370723247528,0.20241136848926544
carrywith1.pt,193,3.216666666666667,0.8353022933006287,0.02530737780034542,0.8154094219207764,0.021407127380371094,0.468544602394104,0.5582714080810547,0.4549684524536133,0.5582904815673828
carrywith1.pt,194,3.2333333333333334,0.8136927485466003,0.0028742821887135506,0.7972235679626465,0.001173257827758789,0.5645080804824829,0.610499382019043,0.525313138961792,0.610484778881073
carrywith1.pt,195,3.25,0.8138350248336792,0.014873139560222626,0.8018031120300293,0.014380991458892822,0.5108649134635925,0.5575847625732422,0.4847211539745331,0.5575879216194153
carrywith1.pt,196,3.2666666666666666,0.828632652759552,-0.02153260074555874,0.8212716579437256,-0.02154409885406494,0.7252297401428223,0.7956361770629883,0.7045851945877075,0.7956279516220093
carrywith1.pt,197,3.283333333333333,0.80241858959198,-0.004268451128154993,0.8015079498291016,-0.004708647727966309,0.6511017084121704,0.6871175765991211,0.6288789510726929,0.687124490737915
carrywith1.pt,198,3.3,0.802406907081604,-0.013538051396608353,0.8067834377288818,-0.015062600374221802,0.8593123555183411,0.8945274353027344,0.8416039943695068,0.8945260643959045
carrywith1.pt,199,3.316666666666667,0.8357791900634766,-0.04871540516614914,0.8436598777770996,-0.05164557695388794,0.8305585384368896,0.8533000946044922,0.8169906139373779,0.8532836437225342
carrywith1.pt,200,3.3333333333333335,0.8322210907936096,-0.06159226968884468,0.8461706638336182,-0.06670919060707092,0.9151948690414429,0.9325790405273438,0.912582516670227,0.9325982928276062
carrywith1.pt,201,3.35,0.8547227382659912,-0.03235616162419319,0.8719183206558228,-0.0389610230922699,0.7133764028549194,0.7292461395263672,0.7138545513153076,0.729229748249054
carrywith1.pt,202,3.3666666666666667,0.8471779227256775,-0.08014858514070511,0.8688337802886963,-0.08861953020095825,0.33130550384521484,0.3452110290527344,0.3270690441131592,0.34521687030792236
carrywith1.pt,203,3.3833333333333333,0.8756247162818909,-0.07743612676858902,0.9003820419311523,-0.08771151304244995,0.2001425325870514,0.20267486572265625,0.19844423234462738,0.20268650352954865
carrywith1.pt,204,3.4,0.8937695026397705,-0.1132662370800972,0.9199158549308777,-0.124301016330719,0.30471789836883545,0.3049278259277344,0.28624245524406433,0.3049447536468506
carrywith1.pt,205,3.4166666666666665,0.9144456386566162,-0.09471765160560608,0.9392313957214355,-0.10645225644111633,0.12217243015766144,0.11066436767578125,0.11904004216194153,0.1106656938791275
carrywith1.pt,206,3.433333333333333,0.9161385297775269,-0.10546217858791351,0.9439631700515747,-0.11808091402053833,0.034425683319568634,0.014362335205078125,0.022351756691932678,0.014354580081999302
carrywith1.pt,207,3.45,0.9320136904716492,-0.05102797597646713,0.961862325668335,-0.06431427597999573,0.42648762464523315,0.3629493713378906,0.3838602602481842,0.3629417419433594
carrywith1.pt,208,3.466666666666667,1.004196286201477,-0.14707697927951813,1.0230315923690796,-0.15626820921897888,0.13528689742088318,0.21623611450195312,0.1488531082868576,0.21623092889785767
carrywith1.pt,209,3.4833333333333334,1.045944333076477,-0.08987654745578766,1.0708341598510742,-0.10481670498847961,0.6637049913406372,0.6576919555664062,0.6510086059570312,0.6577125191688538
carrywith1.pt,210,3.5,1.0342905521392822,-0.13117440044879913,1.0516772270202637,-0.1431526243686676,0.1265539526939392,0.2068805694580078,0.15381363034248352,0.20685376226902008
carrywith1.pt,211,3.5166666666666666,1.1272778511047363,-0.13950209319591522,1.1438286304473877,-0.1526576280593872,0.6404639482498169,0.7180881500244141,0.6576231718063354,0.7180899977684021
carrywith1.pt,212,3.533333333333333,1.119182825088501,-0.13812145590782166,1.1373499631881714,-0.1543600857257843,0.683508038520813,0.742034912109375,0.6906211972236633,0.7420437932014465
carrywith1.pt,213,3.55,1.1045032739639282,-0.17040026187896729,1.1192612648010254,-0.18636736273765564,0.6032525300979614,0.6434440612792969,0.6039918065071106,0.643424928188324
carrywith1.pt,214,3.566666666666667,1.125566840171814,-0.1774754375219345,1.1395459175109863,-0.19488829374313354,0.8304097652435303,0.8517837524414062,0.8286350965499878,0.8517868518829346
carrywith1.pt,215,3.5833333333333335,1.1519052982330322,-0.18435372412204742,1.1611852645874023,-0.19905740022659302,0.5323736667633057,0.48605918884277344,0.513643205165863,0.48607349395751953
carrywith1.pt,216,3.6,1.185088038444519,-0.20078632235527039,1.1919770240783691,-0.21262583136558533,0.31991440057754517,0.26824951171875,0.2982061505317688,0.26823917031288147
carrywith1.pt,217,3.6166666666666667,1.1686214208602905,-0.22011137008666992,1.1747303009033203,-0.23048895597457886,-0.2166617065668106,-0.2492809295654297,-0.23220494389533997,-0.2492726892232895
carrywith1.pt,218,3.6333333333333333,1.1326870918273926,-0.20792250335216522,1.137466549873352,-0.21641027927398682,-0.33884096145629883,-0.37811279296875,-0.3536558151245117,-0.3781009912490845
carrywith1.pt,219,3.65,1.1347534656524658,-0.21596433222293854,1.1404080390930176,-0.2245514988899231,-0.5017669200897217,-0.4959869384765625,-0.498456746339798,-0.4959699511528015
carrywith1.pt,220,3.6666666666666665,1.1017639636993408,-0.20760995149612427,1.1054645776748657,-0.2139657735824585,-0.7689695358276367,-0.7586002349853516,-0.7623845934867859,-0.7586275935173035
carrywith1.pt,221,3.683333333333333,1.0155161619186401,-0.1681380569934845,1.0171334743499756,-0.1723729372024536,-0.7928326725959778,-0.7501888275146484,-0.7788976430892944,-0.7502121925354004
carrywith1.pt,222,3.7,0.9696558713912964,-0.12572674453258514,0.964867115020752,-0.12488999962806702,-0.8207190036773682,-0.7297897338867188,-0.7922784686088562,-0.7297733426094055
carrywith1.pt,223,3.716666666666667,0.9308626651763916,-0.10482774674892426,0.9171926975250244,-0.09773176908493042,-0.5841569900512695,-0.45441627502441406,-0.5375828146934509,-0.4544103443622589
carrywith1.pt,224,3.7333333333333334,0.8594614863395691,-0.05542493611574173,0.8354460597038269,-0.04230126738548279,-0.5849538445472717,-0.4825115203857422,-0.5421778559684753,-0.4825024902820587
carrywith1.pt,225,3.75,0.871021568775177,-0.08011022210121155,0.8527145385742188,-0.07362237572669983,0.004894763231277466,0.006008148193359375,0.020391980186104774,0.006000187247991562
carrywith1.pt,226,3.7666666666666666,0.906337559223175,-0.06616143882274628,0.8845689296722412,-0.05846568942070007,0.24451585114002228,0.211944580078125,0.25864797830581665,0.211959108710289
carrywith1.pt,227,3.783333333333333,0.8823077082633972,-0.07298731058835983,0.8581796884536743,-0.06479290127754211,0.020281268283724785,-0.054759979248046875,0.017166180536150932,-0.05479835718870163
carrywith1.pt,228,3.8,0.8360192775726318,-0.04009775444865227,0.8135513067245483,-0.033232420682907104,-0.1537414938211441,-0.2613258361816406,-0.16428428888320923,-0.2612883746623993
carrywith1.pt,229,3.816666666666667,0.8354681134223938,-0.0461554080247879,0.8136696219444275,-0.0404411256313324,-0.3319958448410034,-0.4460906982421875,-0.3562423288822174,-0.44608721137046814
carrywith1.pt,230,3.8333333333333335,0.7860431671142578,-0.056483641266822815,0.7698739171028137,-0.05343896150588989,-0.5821806192398071,-0.734710693359375,-0.6218120455741882,-0.7347517609596252
carrywith1.pt,231,3.85,0.8166466951370239,-0.03209530934691429,0.8027654886245728,-0.03014567494392395,-0.6105867624282837,-0.7269287109375,-0.6259446740150452,-0.7269095182418823
carrywith1.pt,232,3.8666666666666667,0.7936148047447205,-0.016250133514404297,0.7819079756736755,-0.01515546441078186,-0.8641800880432129,-0.9821319580078125,-0.8841626048088074,-0.9821352958679199
carrywith1.pt,233,3.8833333333333333,0.7777621746063232,0.04165608435869217,0.7751710414886475,0.040581315755844116,-0.8851523399353027,-1.0134029388427734,-0.912847101688385,-1.0134170055389404
carrywith1.pt,234,3.9,0.8167139291763306,0.013444335199892521,0.8174091577529907,0.01233646273612976,-1.013260006904602,-1.1011505126953125,-1.0506353378295898,-1.1011348962783813
carrywith1.pt,235,3.9166666666666665,0.851884126663208,0.028700090944767,0.8594306707382202,0.02731683850288391,-0.9046019315719604,-0.9660530090332031,-0.8902620077133179,-0.9660440683364868
carrywith1.pt,236,3.933333333333333,0.8418164253234863,0.05142015963792801,0.8557333946228027,0.0510898232460022,-0.9556002616882324,-1.0082244873046875,-0.9725202322006226,-1.008227825164795
carrywith1.pt,237,3.95,0.8484784960746765,0.07830473780632019,0.8638383746147156,0.07880857586860657,-0.9604548215866089,-1.0111570358276367,-0.979594349861145,-1.0111651420593262
carrywith1.pt,238,3.966666666666667,0.8537957668304443,0.08852071315050125,0.8731677532196045,0.0900818407535553,-0.8663108944892883,-0.8945846557617188,-0.8967752456665039,-0.8945804238319397
carrywith1.pt,239,3.9833333333333334,0.8816848397254944,0.09519436210393906,0.9057596921920776,0.09701922535896301,-0.9786831140518188,-1.0042905807495117,-0.9971032738685608,-1.004275918006897
carrywith1.pt,240,4.0,0.9012608528137207,0.14145390689373016,0.9292227029800415,0.14389029145240784,-0.6715227365493774,-0.672297477722168,-0.6908302307128906,-0.6723096966743469
carrywith1.pt,241,4.016666666666667,0.9435247182846069,0.11537910252809525,0.9746763110160828,0.11713364720344543,-0.18984633684158325,-0.1952362060546875,-0.19485002756118774,-0.19523130357265472
carrywith1.pt,242,4.033333333333333,0.9513459801673889,0.1055181697010994,0.9848353862762451,0.10741963982582092,-0.2494114339351654,-0.25580406188964844,-0.26142263412475586,-0.2558107376098633
carrywith1.pt,243,4.05,0.9758467674255371,0.162606343626976,1.0089175701141357,0.16419601440429688,-0.5842704772949219,-0.5872821807861328,-0.599036455154419,-0.5872785449028015
carrywith1.pt,244,4.066666666666666,0.9985780119895935,0.16545766592025757,1.0297636985778809,0.16632452607154846,-0.7605534791946411,-0.7758808135986328,-0.7668846845626831,-0.7758881449699402
carrywith1.pt,245,4.083333333333333,1.0166817903518677,0.10997680574655533,1.0462462902069092,0.11131542921066284,-0.3803635239601135,-0.37982940673828125,-0.365206778049469,-0.3798222243785858
carrywith1.pt,246,4.1,1.078182578086853,0.1478670984506607,1.1054644584655762,0.14985257387161255,-0.6290131211280823,-0.6444311141967773,-0.6474708318710327,-0.6444368958473206
carrywith1.pt,247,4.116666666666666,1.1216034889221191,0.15568457543849945,1.1415224075317383,0.1571480631828308,-0.737643301486969,-0.7645654678344727,-0.7393543720245361,-0.764564573764801
carrywith1.pt,248,4.133333333333334,1.1326775550842285,0.2279689759016037,1.1522363424301147,0.23047387599945068,-0.6789113283157349,-0.7725906372070312,-0.7054814100265503,-0.7725688219070435
carrywith1.pt,249,4.15,1.1676459312438965,0.27433478832244873,1.1757566928863525,0.2774609625339508,-0.28266406059265137,-0.34755706787109375,-0.330618679523468,-0.3475777804851532
carrywith1.pt,250,4.166666666666667,1.1848374605178833,0.2782663106918335,1.1851975917816162,0.27964043617248535,-0.2521716356277466,-0.2854728698730469,-0.2667767405509949,-0.28547388315200806
carrywith1.pt,251,4.183333333333334,1.2050944566726685,0.28350621461868286,1.20237398147583,0.2838761508464813,0.20717909932136536,0.18480777740478516,0.2052071988582611,0.18480418622493744
carrywith1.pt,252,4.2,1.1919350624084473,0.26893171668052673,1.1903446912765503,0.2697845697402954,0.1489182412624359,0.1419353485107422,0.161390483379364,0.14194034039974213
carrywith1.pt,253,4.216666666666667,1.1723161935806274,0.2592507600784302,1.169851303100586,0.259772926568985,0.366213321685791,0.3533792495727539,0.3600854277610779,0.3533802926540375
carrywith1.pt,254,4.233333333333333,1.080857515335083,0.2312244027853012,1.0798479318618774,0.2323436141014099,0.2814680337905884,0.3053426742553711,0.312825083732605,0.3053390085697174
carrywith1.pt,255,4.25,1.0818629264831543,0.22540652751922607,1.0810163021087646,0.22684526443481445,0.27984732389450073,0.3053426742553711,0.312825083732605,0.27474310994148254
carrywith2.pt,0,0.0,0.005884546786546707,-0.028724921867251396,0.005498271435499191,-0.02868834137916565,-0.030471395701169968,-0.02899646759033203,-0.025480981916189194,-0.0289962999522686
carrywith2.pt,1,0.016666666666666666,0.012150458060204983,-0.03925164416432381,0.01238814927637577,-0.039283208549022675,-0.2511078119277954,-0.25219202041625977,-0.2751377820968628,-0.25217801332473755
carrywith2.pt,2,0.03333333333333333,0.03333020582795143,-0.05152571573853493,0.033449381589889526,-0.05156966671347618,-0.3612510859966278,-0.38545846939086914,-0.3940209746360779,-0.38547807931900024
carrywith2.pt,3,0.05,0.0022118983324617147,-0.014953993260860443,0.0011263065971434116,-0.014792888425290585,-0.029718581587076187,-0.022516250610351562,-0.02267003059387207,-0.022507907822728157
carrywith2.pt,4,0.06666666666666667,0.0002709721156861633,-0.030837180092930794,-0.00010812422260642052,-0.030782679095864296,0.008478205651044846,0.019390583038330078,0.02513766661286354,0.019390983507037163
carrywith2.pt,5,0.08333333333333333,-0.009967762045562267,-0.02749665454030037,-0.01003805361688137,-0.02748224139213562,0.10400335490703583,0.11518478393554688,0.11622194200754166,0.11518755555152893
carrywith2.pt,6,0.1,-0.001614935346879065,-0.008128449320793152,-0.0018574566347524524,-0.008092495612800121,-0.06571367383003235,-0.0633859634399414,-0.05947709083557129,-0.06338837742805481
carrywith2.pt,7,0.11666666666666667,0.015115606598556042,-0.020584575831890106,0.016038332134485245,-0.020725548267364502,0.021568745374679565,0.010364055633544922,0.005725623108446598,0.010361415334045887
carrywith2.pt,8,0.13333333333333333,0.006497461814433336,-0.028518525883555412,0.006233280524611473,-0.028487293049693108,0.1371554285287857,0.1285243034362793,0.1253235638141632,0.1285274475812912
carrywith2.pt,9,0.15,-0.005552300717681646,-0.030594296753406525,-0.006392681505531073,-0.03046802431344986,0.10908771306276321,0.11640071868896484,0.12319210171699524,0.1164032518863678
carrywith2.pt,10,0.16666666666666666,0.0017542162677273154,-0.02964361011981964,0.0018651135032996535,-0.029662897810339928,0.11388711631298065,0.11902570724487305,0.11952997744083405,0.11902797967195511
carrywith2.pt,11,0.18333333333333332,-0.0019147511338815093,-0.02700912021100521,-0.0019335506949573755,-0.027007704600691795,0.07765114307403564,0.07564544677734375,0.07831693440675735,0.07564996182918549
carrywith2.pt,12,0.2,-0.004636948462575674,-0.03155379742383957,-0.004493534564971924,-0.03157268464565277,0.022812653332948685,0.008196830749511719,0.009906293824315071,0.008194901049137115
carrywith2.pt,13,0.21666666666666667,-0.025716213509440422,-0.022004449740052223,-0.02621254324913025,-0.02192666195333004,0.3706974685192108,0.3610539436340332,0.36542120575904846,0.36104750633239746
carrywith2.pt,14,0.23333333333333334,-0.016463791951537132,-0.03609830141067505,-0.017441803589463234,-0.03597578406333923,0.10204295814037323,0.1080322265625,0.1165938600897789,0.10802651196718216
carrywith2.pt,15,0.25,-0.00024685816606506705,-0.06950115412473679,-0.000990928616374731,-0.06942720711231232,-0.1229349821805954,-0.13624191284179688,-0.1340067982673645,-0.13623206317424774
carrywith2.pt,16,0.26666666666666666,-0.02340567670762539,-0.04383214935660362,-0.02474692277610302,-0.04368946701288223,-0.017991410568356514,-0.014812946319580078,-0.002914667595177889,-0.014804177917540073
carrywith2.pt,17,0.2833333333333333,-0.03383349999785423,-0.02751985564827919,-0.033767640590667725,-0.02751147747039795,0.17491064965724945,0.18201112747192383,0.19009362161159515,0.1819990873336792
carrywith2.pt,18,0.3,-0.03796832263469696,-0.04245803877711296,-0.03867451101541519,-0.04239708185195923,0.08759542554616928,0.0986480712890625,0.11460190266370773,0.09865234047174454
carrywith2.pt,19,0.31666666666666665,0.004897772800177336,-0.08053459227085114,0.0038082886021584272,-0.08048900216817856,0.018130401149392128,0.013561248779296875,0.033459682017564774,0.013568807393312454
carrywith2.pt,20,0.3333333333333333,-0.033844687044620514,-0.07320909947156906,-0.034913934767246246,-0.07319486141204834,0.18301092088222504,0.16524553298950195,0.1760532110929489,0.16524186730384827
carrywith2.pt,21,0.35,-0.035107072442770004,-0.06019537150859833,-0.03592745587229729,-0.06020070239901543,0.12722361087799072,0.11045694351196289,0.13111364841461182,0.11045090854167938
carrywith2.pt,22,0.36666666666666664,-0.04716400057077408,-0.06628306210041046,-0.0488814152777195,-0.0663524940609932,0.14386767148971558,0.13953924179077148,0.15443095564842224,0.13953416049480438
carrywith2.pt,23,0.38333333333333336,-0.055058058351278305,-0.08398573845624924,-0.055073332041502,-0.08400639146566391,0.32956671714782715,0.3301835060119629,0.3426508903503418,0.3301927149295807
carrywith2.pt,24,0.4,-0.057117484509944916,-0.07196473330259323,-0.0589015856385231,-0.07212036103010178,0.29979318380355835,0.30788183212280273,0.32818493247032166,0.3078778088092804
carrywith2.pt,25,0.4166666666666667,-0.05582760274410248,-0.1171036809682846,-0.05728336423635483,-0.11729124188423157,0.2154695838689804,0.21290302276611328,0.23518706858158112,0.21290411055088043
carrywith2.pt,26,0.43333333333333335,-0.06371325254440308,-0.09401524811983109,-0.06519265472888947,-0.09426981955766678,0.30163925886154175,0.2816891670227051,0.2943854033946991,0.2816812992095947
carrywith2.pt,27,0.45,-0.08846782147884369,-0.08887919038534164,-0.09056960791349411,-0.08927658200263977,0.43860989809036255,0.4288029670715332,0.4457663893699646,0.42881327867507935
carrywith2.pt,28,0.4666666666666667,-0.09129875898361206,-0.09164123237133026,-0.09176386892795563,-0.09183234721422195,0.19421988725662231,0.18985748291015625,0.21418353915214539,0.18985746800899506
carrywith2.pt,29,0.48333333333333334,-0.12522542476654053,-0.09291298687458038,-0.12615637481212616,-0.0932784155011177,0.4594421684741974,0.46088218688964844,0.4754889905452728,0.4608827233314514
carrywith2.pt,30,0.5,-0.0965486615896225,-0.12675514817237854,-0.0983172208070755,-0.12730583548545837,0.6891762614250183,0.6772685050964355,0.6982940435409546,0.6772563457489014
carrywith2.pt,31,0.5166666666666667,-0.11360515654087067,-0.09865020215511322,-0.11672356724739075,-0.09960494935512543,0.5749368667602539,0.5667614936828613,0.5812619924545288,0.5667634606361389
carrywith2.pt,32,0.5333333333333333,-0.12629947066307068,-0.10648009181022644,-0.12860089540481567,-0.10732387751340866,0.7711828351020813,0.7595729827880859,0.7875813841819763,0.7595745325088501
carrywith2.pt,33,0.55,-0.1452803760766983,-0.07873520255088806,-0.1444147676229477,-0.07882870733737946,0.7192681431770325,0.7242250442504883,0.7532698512077332,0.7242259979248047
carrywith2.pt,34,0.5666666666666667,-0.1481812298297882,-0.07971322536468506,-0.14868298172950745,-0.08025950193405151,0.9352254271507263,0.9728193283081055,0.9833382964134216,0.9728105068206787
carrywith2.pt,35,0.5833333333333334,-0.17200063169002533,-0.06614401936531067,-0.172854945063591,-0.06687147915363312,0.7612292170524597,0.7611966133117676,0.7971806526184082,0.7611995935440063
carrywith2.pt,36,0.6,-0.13609208166599274,-0.06566814333200455,-0.1366262584924698,-0.06628457456827164,0.8282061815261841,0.8271288871765137,0.834989070892334,0.8271358013153076
carrywith2.pt,37,0.6166666666666667,-0.1104579046368599,-0.0460541695356369,-0.11078232526779175,-0.04651821404695511,0.6699588894844055,0.6544733047485352,0.6517802476882935,0.6544791460037231
carrywith2.pt,38,0.6333333333333333,-0.11640437692403793,-0.07268683612346649,-0.11643171310424805,-0.07307878881692886,0.6343268752098083,0.596158504486084,0.6295934915542603,0.5961476564407349
carrywith2.pt,39,0.65,-0.11671094596385956,-0.041577719151973724,-0.11826640367507935,-0.04262404516339302,0.6275549530982971,0.6066226959228516,0.640372097492218,0.6066357493400574
carrywith2.pt,40,0.6666666666666666,-0.06297704577445984,-0.058835916221141815,-0.06572529673576355,-0.06035935878753662,0.8067294955253601,0.7510614395141602,0.7678556442260742,0.7510573863983154
carrywith2.pt,41,0.6833333333333333,-0.11544892191886902,-0.026469847187399864,-0.11832301318645477,-0.02819538488984108,0.32807332277297974,0.31458377838134766,0.34014764428138733,0.3145846724510193
carrywith2.pt,42,0.7,-0.08694154024124146,-0.023793833330273628,-0.08974140882492065,-0.025468112900853157,0.34184107184410095,0.2986764907836914,0.3064163029193878,0.298665851354599
carrywith2.pt,43,0.7166666666666667,-0.10309580713510513,-0.03010573983192444,-0.10497374087572098,-0.0314338319003582,0.5735937356948853,0.5628347396850586,0.5649541020393372,0.5628400444984436
carrywith2.pt,44,0.7333333333333333,-0.08781860768795013,-0.017242509871721268,-0.09065574407577515,-0.018907787278294563,0.33028391003608704,0.31697988510131836,0.3222946524620056,0.31699374318122864
carrywith2.pt,45,0.75,-0.0684175044298172,-0.021846771240234375,-0.07063771039247513,-0.023169606924057007,0.34750163555145264,0.34792184829711914,0.3451400101184845,0.34790751338005066
carrywith2.pt,46,0.7666666666666667,-0.08647393435239792,0.001162983593530953,-0.09051840752363205,-0.0009847255423665047,0.10762462764978409,0.07958650588989258,0.1024819016456604,0.07959561049938202
carrywith2.pt,47,0.7833333333333333,-0.07678845524787903,-0.017655346542596817,-0.07737813144922256,-0.01831095665693283,0.45263591408729553,0.44405221939086914,0.4427586495876312,0.44404739141464233
carrywith2.pt,48,0.8,-0.09365984797477722,-0.00793376937508583,-0.09228792041540146,-0.007774876430630684,0.5297567248344421,0.5368781089782715,0.5162374973297119,0.5368799567222595
carrywith2.pt,49,0.8166666666666667,-0.09884101152420044,0.01168020348995924,-0.09746640175580978,0.01183932926505804,0.21578644216060638,0.2243328094482422,0.20549310743808746,0.22432871162891388
carrywith2.pt,50,0.8333333333333334,-0.08544427901506424,0.04251550883054733,-0.0842537134885788,0.04270264878869057,0.11158257722854614,0.09984254837036133,0.09445668756961823,0.09985651075839996
carrywith2.pt,51,0.85,-0.08758065104484558,0.015949593856930733,-0.08751805871725082,0.015618068166077137,0.09107246994972229,0.08304119110107422,0.06699802726507187,0.08302401006221771
carrywith2.pt,52,0.8666666666666667,-0.08531039208173752,0.02346644550561905,-0.0846150815486908,0.023401577025651932,0.21891619265079498,0.20359039306640625,0.1750161498785019,0.2036055475473404
carrywith2.pt,53,0.8833333333333333,-0.10957483947277069,0.05340588465332985,-0.10521344840526581,0.05455629900097847,0.28215596079826355,0.3032541275024414,0.26706254482269287,0.3032291829586029
carrywith2.pt,54,0.9,-0.10920154303312302,0.05369587242603302,-0.10605680197477341,0.054362550377845764,0.2632269859313965,0.26662588119506836,0.2267507016658783,0.26665276288986206
carrywith2.pt,55,0.9166666666666666,-0.13987477123737335,0.044782985001802444,-0.13802634179592133,0.04486919939517975,0.3184633255004883,0.3285026550292969,0.2899365723133087,0.3285011351108551
carrywith2.pt,56,0.9333333333333333,-0.15806864202022552,0.07877004146575928,-0.15685957670211792,0.07863713800907135,0.19369560480117798,0.19728899002075195,0.17498743534088135,0.19727692008018494
carrywith2.pt,57,0.95,-0.12723976373672485,0.10385000705718994,-0.12555524706840515,0.10395030677318573,0.05141089856624603,0.04328012466430664,-0.003504757536575198,0.04328210651874542
carrywith2.pt,58,0.9666666666666667,-0.17119891941547394,0.08819612860679626,-0.1678960621356964,0.08847495168447495,0.29102998971939087,0.2968454360961914,0.24774357676506042,0.29685330390930176
carrywith2.pt,59,0.9833333333333333,-0.1790270358324051,0.11782724410295486,-0.1736380159854889,0.11841744184494019,0.2434786707162857,0.2516484260559082,0.21416211128234863,0.2516319155693054
carrywith2.pt,60,1.0,-0.17655321955680847,0.11939043551683426,-0.1744036078453064,0.1193922907114029,0.20801666378974915,0.18558740615844727,0.13507631421089172,0.1855998933315277
carrywith2.pt,61,1.0166666666666666,-0.2312479019165039,0.10677742958068848,-0.227711021900177,0.10682928562164307,0.17300722002983093,0.19115209579467773,0.1547313928604126,0.19115103781223297
carrywith2.pt,62,1.0333333333333334,-0.27470386028289795,0.1395937204360962,-0.2710718512535095,0.13958744704723358,0.38620054721832275,0.3962874412536621,0.3564341366291046,0.39629632234573364
carrywith2.pt,63,1.05,-0.28003445267677307,0.17291684448719025,-0.2750285863876343,0.17300844192504883,0.14656832814216614,0.17950057983398438,0.12669341266155243,0.17948733270168304
carrywith2.pt,64,1.0666666666666667,-0.34063687920570374,0.19050681591033936,-0.3364667296409607,0.1904849410057068,0.48098668456077576,0.513153076171875,0.47559654712677,0.5131587386131287
carrywith2.pt,65,1.0833333333333333,-0.33593514561653137,0.19352023303508759,-0.33101412653923035,0.19352903962135315,0.42833998799324036,0.4512906074523926,0.4011881351470947,0.4512766897678375
carrywith2.pt,66,1.1,-0.3681598901748657,0.22843864560127258,-0.36283645033836365,0.22843652963638306,0.2926081418991089,0.333251953125,0.3074210584163666,0.3332556188106537
carrywith2.pt,67,1.1166666666666667,-0.3991320729255676,0.24189525842666626,-0.39472511410713196,0.2419164478778839,0.3777928352355957,0.41426897048950195,0.3889927566051483,0.4142680764198303
carrywith2.pt,68,1.1333333333333333,-0.4305379092693329,0.2463040053844452,-0.4238951802253723,0.24626049399375916,0.44525110721588135,0.4819464683532715,0.4597427546977997,0.48194801807403564
carrywith2.pt,69,1.15,-0.42335817217826843,0.26538410782814026,-0.4185868501663208,0.26541680097579956,0.24174745380878448,0.2294611930847168,0.19870543479919434,0.22947445511817932
carrywith2.pt,70,1.1666666666666667,-0.46020597219467163,0.2601807415485382,-0.45422518253326416,0.2601839601993561,0.16741052269935608,0.19133806228637695,0.16123664379119873,0.19132299721240997
carrywith2.pt,71,1.1833333333333333,-0.48667269945144653,0.26204389333724976,-0.4832064211368561,0.2623193562030792,0.4153556823730469,0.4734349250793457,0.466119647026062,0.4734266698360443
carrywith2.pt,72,1.2,-0.464254766702652,0.27192795276641846,-0.4650304615497589,0.27261117100715637,-0.21500083804130554,-0.2653956413269043,-0.235337495803833,-0.2653878927230835
carrywith2.pt,73,1.2166666666666666,-0.4886620044708252,0.282873272895813,-0.49015867710113525,0.2835087180137634,-0.2635311484336853,-0.3137540817260742,-0.28166118264198303,-0.31374815106391907
carrywith2.pt,74,1.2333333333333334,-0.4908687472343445,0.273051917552948,-0.4937096834182739,0.273602694272995,-0.3799278140068054,-0.44585466384887695,-0.4068855047225952,-0.4458446502685547
carrywith2.pt,75,1.25,-0.5279820561408997,0.23567894101142883,-0.5284327864646912,0.2359353005886078,-0.5108433961868286,-0.5446672439575195,-0.4860755205154419,-0.5446722507476807
carrywith2.pt,76,1.2666666666666666,-0.5135428309440613,0.21294845640659332,-0.5176327228546143,0.21291743218898773,-0.6849161386489868,-0.7675051689147949,-0.710440993309021,-0.7675151824951172
carrywith2.pt,77,1.2833333333333334,-0.48577752709388733,0.2385246306657791,-0.4899590015411377,0.23812642693519592,-0.7998229265213013,-0.9083247184753418,-0.8545693159103394,-0.9083247780799866
carrywith2.pt,78,1.3,-0.5015001893043518,0.18916833400726318,-0.505735456943512,0.18841150403022766,-0.6009434461593628,-0.6926178932189941,-0.6118058562278748,-0.692613422870636
carrywith2.pt,79,1.3166666666666667,-0.46623218059539795,0.16900832951068878,-0.47223150730133057,0.16763532161712646,-0.9106786847114563,-1.03196382522583,-0.9615538120269775,-1.0319547653198242
carrywith2.pt,80,1.3333333333333333,-0.46711474657058716,0.16400857269763947,-0.47653093934059143,0.16173964738845825,-0.9192894697189331,-1.0359549522399902,-0.9795636534690857,-1.0359758138656616
carrywith2.pt,81,1.35,-0.4586274027824402,0.15435254573822021,-0.4739183485507965,0.15082207322120667,-0.9012078642845154,-1.0087966918945312,-0.9842192530632019,-1.0087802410125732
carrywith2.pt,82,1.3666666666666667,-0.45392611622810364,0.1343410611152649,-0.4737246036529541,0.12992814183235168,-0.6970327496528625,-0.7873320579528809,-0.8121090531349182,-0.7873377799987793
carrywith2.pt,83,1.3833333333333333,-0.45222151279449463,0.12949003279209137,-0.47541379928588867,0.12492620199918747,-0.6868441104888916,-0.7252693176269531,-0.7551079392433167,-0.7252569198608398
carrywith2.pt,84,1.4,-0.4251323640346527,0.13135236501693726,-0.45211243629455566,0.1267666220664978,-0.607343316078186,-0.6248188018798828,-0.6798547506332397,-0.6248165369033813
carrywith2.pt,85,1.4166666666666667,-0.40367400646209717,0.12443318217992783,-0.431963175535202,0.12048041820526123,-0.48710140585899353,-0.4927182197570801,-0.5415222644805908,-0.4927339255809784
carrywith2.pt,86,1.4333333333333333,-0.3525347113609314,0.10828958451747894,-0.38337016105651855,0.10486137866973877,-0.7574433088302612,-0.7786417007446289,-0.8312809467315674,-0.7786315679550171
carrywith2.pt,87,1.45,-0.3451065123081207,0.11295934021472931,-0.3770790994167328,0.11018867045640945,-0.6743340492248535,-0.7111215591430664,-0.7750930786132812,-0.7111228108406067
carrywith2.pt,88,1.4666666666666666,-0.3525087535381317,0.07933060824871063,-0.38600003719329834,0.07737619429826736,-0.4200102984905243,-0.3933119773864746,-0.4715843200683594,-0.3933315873146057
carrywith2.pt,89,1.4833333333333334,-0.3075944483280182,0.04355444759130478,-0.33800166845321655,0.04280734062194824,-1.0489283800125122,-1.0196113586425781,-1.0537221431732178,-1.0196043252944946
carrywith2.pt,90,1.5,-0.2905295193195343,0.0636010468006134,-0.31777700781822205,0.06333228200674057,-0.9945766925811768,-1.0140395164489746,-1.0560070276260376,-1.0140349864959717
carrywith2.pt,91,1.5166666666666666,-0.29833516478538513,0.03184886276721954,-0.32660195231437683,0.032104358077049255,-0.7670427560806274,-0.7614398002624512,-0.8016828298568726,-0.7614241242408752
carrywith2.pt,92,1.5333333333333334,-0.28055885434150696,0.0035578859969973564,-0.3027980625629425,0.004189858678728342,-0.9738708734512329,-0.9480929374694824,-0.9365873336791992,-0.9481104016304016
carrywith2.pt,93,1.55,-0.2922191619873047,0.02503286302089691,-0.310359388589859,0.02547805942595005,-0.9225559830665588,-0.9121584892272949,-0.9136015176773071,-0.9121630787849426
carrywith2.pt,94,1.5666666666666667,-0.28851181268692017,-0.010617047548294067,-0.30442869663238525,-0.010199440643191338,-0.8008156418800354,-0.7854008674621582,-0.7896302938461304,-0.7853996753692627
carrywith2.pt,95,1.5833333333333333,-0.30264025926589966,0.005024621728807688,-0.31545180082321167,0.005423281341791153,-0.6384173035621643,-0.6295037269592285,-0.6331080794334412,-0.6294898390769958
carrywith2.pt,96,1.6,-0.2948269844055176,0.009046098217368126,-0.3016623854637146,0.009336337447166443,-0.808266818523407,-0.8232951164245605,-0.7715665102005005,-0.8232933282852173
carrywith2.pt,97,1.6166666666666667,-0.30114153027534485,-0.028101690113544464,-0.30854877829551697,-0.028082435950636864,-0.49145570397377014,-0.4712104797363281,-0.46594035625457764,-0.4712141156196594
carrywith2.pt,98,1.6333333333333333,-0.3050701320171356,-0.026864007115364075,-0.30971643328666687,-0.02687208354473114,-0.6353599429130554,-0.6309628486633301,-0.594576895236969,-0.6309636831283569
carrywith2.pt,99,1.65,-0.31698986887931824,-0.012015276588499546,-0.3193571865558624,-0.012154728174209595,-0.47760534286499023,-0.5172514915466309,-0.4862287938594818,-0.5172618627548218
carrywith2.pt,100,1.6666666666666667,-0.31077539920806885,-0.024125853553414345,-0.3107216954231262,-0.024307340383529663,-0.5755852460861206,-0.5814099311828613,-0.504386305809021,-0.5814030766487122
carrywith2.pt,101,1.6833333333333333,-0.3312830328941345,-0.04243168607354164,-0.33257049322128296,-0.04292159527540207,-0.6853522658348083,-0.6998705863952637,-0.623842716217041,-0.6998724341392517
carrywith2.pt,102,1.7,-0.340072363615036,-0.055619899183511734,-0.33777132630348206,-0.05605847388505936,-0.7137300372123718,-0.7142472267150879,-0.6381015181541443,-0.7142441272735596
carrywith2.pt,103,1.7166666666666666,-0.3539058268070221,-0.06600082665681839,-0.35007408261299133,-0.06643789261579514,-0.7156582474708557,-0.7224869728088379,-0.6424003839492798,-0.7224928736686707
carrywith2.pt,104,1.7333333333333334,-0.39902234077453613,-0.08307826519012451,-0.39461442828178406,-0.08369608968496323,-0.7050833106040955,-0.6828761100769043,-0.6108571887016296,-0.6828716993331909
carrywith2.pt,105,1.75,-0.4157480299472809,-0.10466569662094116,-0.4090687036514282,-0.10502319037914276,-0.6467067003250122,-0.6376504898071289,-0.5555208325386047,-0.6376523971557617
carrywith2.pt,106,1.7666666666666666,-0.42281627655029297,-0.1204075887799263,-0.4152769446372986,-0.12066398561000824,-0.6195487380027771,-0.597224235534668,-0.5097549557685852,-0.5972295999526978
carrywith2.pt,107,1.7833333333333334,-0.44362562894821167,-0.1404639482498169,-0.4364708662033081,-0.14095231890678406,-0.5476280450820923,-0.5280518531799316,-0.4727429747581482,-0.5280409455299377
carrywith2.pt,108,1.8,-0.4892129600048065,-0.15484179556369781,-0.4820955693721771,-0.15560609102249146,-0.5919996500015259,-0.5589652061462402,-0.5006027221679688,-0.5589652061462402
carrywith2.pt,109,1.8166666666666667,-0.508216381072998,-0.18203404545783997,-0.49904000759124756,-0.18224576115608215,-0.6079604625701904,-0.5771327018737793,-0.5157055854797363,-0.5771471858024597
carrywith2.pt,110,1.8333333333333333,-0.557403564453125,-0.19576452672481537,-0.5468720197677612,-0.19570165872573853,-0.659458339214325,-0.6374073028564453,-0.5887408256530762,-0.637386679649353
carrywith2.pt,111,1.85,-0.5921115875244141,-0.20785655081272125,-0.5821107625961304,-0.20813122391700745,-0.5830719470977783,-0.5806589126586914,-0.544100821018219,-0.5806744694709778
carrywith2.pt,112,1.8666666666666667,-0.5980640053749084,-0.23376049101352692,-0.5900534987449646,-0.23496615886688232,-0.4958089590072632,-0.47827720642089844,-0.4450799822807312,-0.4782688021659851
carrywith2.pt,113,1.8833333333333333,-0.6446006298065186,-0.24277399480342865,-0.6382328867912292,-0.24502772092819214,-0.5760469436645508,-0.5393600463867188,-0.5135307312011719,-0.5393661856651306
carrywith2.pt,114,1.9,-0.6733638644218445,-0.27390918135643005,-0.6684020757675171,-0.2770371437072754,-0.24583590030670166,-0.2445673942565918,-0.24159567058086395,-0.24456964433193207
carrywith2.pt,115,1.9166666666666667,-0.6618981957435608,-0.295686274766922,-0.661868691444397,-0.30120933055877686,0.08060961216688156,0.016486644744873047,-0.0032830294221639633,0.016495322808623314
carrywith2.pt,116,1.9333333333333333,-0.6634314656257629,-0.2750151455402374,-0.6700069904327393,-0.2835354506969452,0.09884537756443024,0.016815662384033203,-0.0410880371928215,0.016805199906229973
carrywith2.pt,117,1.95,-0.6200973987579346,-0.3029317557811737,-0.6336188316345215,-0.3135150074958801,0.8428179621696472,0.7111287117004395,0.6037354469299316,0.7111286520957947
carrywith2.pt,118,1.9666666666666666,-0.6392542123794556,-0.2768515646457672,-0.6562379002571106,-0.2871425151824951,1.2380201816558838,1.0906291007995605,0.9324818849563599,1.0906322002410889
carrywith2.pt,119,1.9833333333333334,-0.6372576355934143,-0.2652643024921417,-0.6530070900917053,-0.27299463748931885,1.6902779340744019,1.5871524810791016,1.390933871269226,1.5871630907058716
carrywith2.pt,120,2.0,-0.6614407300949097,-0.21460199356079102,-0.6761348247528076,-0.21987484395503998,2.5192790031433105,2.460207939147949,2.2788970470428467,2.4602034091949463
carrywith2.pt,121,2.0166666666666666,-0.6091657876968384,-0.1651584953069687,-0.619271993637085,-0.16785664856433868,2.393864154815674,2.355201244354248,2.2269952297210693,2.3551957607269287
carrywith2.pt,122,2.033333333333333,-0.6272273659706116,-0.15012192726135254,-0.6423950791358948,-0.15207767486572266,2.220177173614502,2.199690341949463,2.145434856414795,2.1996846199035645
carrywith2.pt,123,2.05,-0.5636329650878906,-0.1353580206632614,-0.5899181365966797,-0.13717001676559448,2.215768814086914,2.1306610107421875,2.043992757797241,2.130671262741089
carrywith2.pt,124,2.066666666666667,-0.548241913318634,-0.12125853449106216,-0.5802240371704102,-0.12210743129253387,1.8937172889709473,1.7745137214660645,1.712365746498108,1.7745115756988525
carrywith2.pt,125,2.0833333333333335,-0.5042626261711121,-0.12688559293746948,-0.5433034300804138,-0.1269453912973404,1.5986647605895996,1.4853930473327637,1.4594147205352783,1.4853994846343994
carrywith2.pt,126,2.1,-0.4865652024745941,-0.12923254072666168,-0.5333805084228516,-0.12891291081905365,0.8146228790283203,0.8612394332885742,0.8051410913467407,0.8612377643585205
carrywith2.pt,127,2.1166666666666667,-0.4276118874549866,-0.0988459587097168,-0.4800856411457062,-0.097646065056324,0.6739358305931091,0.6273794174194336,0.6809278130531311,0.6273778676986694
carrywith2.pt,128,2.1333333333333333,-0.4497052729129791,-0.06098582595586777,-0.5030449032783508,-0.06059812381863594,0.24832561612129211,0.32205820083618164,0.37582141160964966,0.3220517039299011
carrywith2.pt,129,2.15,-0.4250011146068573,-0.06910772621631622,-0.4793599247932434,-0.06956027448177338,-0.32061874866485596,-0.2484297752380371,-0.16198794543743134,-0.2484300434589386
carrywith2.pt,130,2.1666666666666665,-0.3527071475982666,-0.09372253715991974,-0.4037189185619354,-0.09541581571102142,0.2591395378112793,0.33320188522338867,0.37534570693969727,0.3332088589668274
carrywith2.pt,131,2.183333333333333,-0.38683608174324036,-0.04029151052236557,-0.43286579847335815,-0.04249657317996025,0.0534517839550972,0.1555037498474121,0.200697660446167,0.15549413859844208
carrywith2.pt,132,2.2,-0.4189222455024719,-0.024114351719617844,-0.46281370520591736,-0.02695932611823082,-0.3643503785133362,-0.22747278213500977,-0.17814598977565765,-0.2274540215730667
carrywith2.pt,133,2.216666666666667,-0.35359323024749756,-0.033958062529563904,-0.3902004659175873,-0.037011004984378815,0.2292388677597046,0.34656286239624023,0.37548932433128357,0.34655362367630005
carrywith2.pt,134,2.2333333333333334,-0.44423362612724304,0.030393052846193314,-0.47586217522621155,0.027086298912763596,-0.48088711500167847,-0.39322614669799805,-0.32931947708129883,-0.3932284414768219
carrywith2.pt,135,2.25,-0.3726629912853241,-0.002238048240542412,-0.3982127010822296,-0.005666855722665787,-0.05696908012032509,0.03499746322631836,0.043308816850185394,0.03500507026910782
carrywith2.pt,136,2.2666666666666666,-0.3980664312839508,0.002820500172674656,-0.415235310792923,3.721006214618683e-05,-0.07026613503694534,0.04488229751586914,0.035984620451927185,0.0448729507625103
carrywith2.pt,137,2.283333333333333,-0.38647204637527466,-0.007831120863556862,-0.40419459342956543,-0.010589055716991425,0.2980952560901642,0.3586149215698242,0.2997428774833679,0.358632355928421
carrywith2.pt,138,2.3,-0.37773439288139343,0.012263964861631393,-0.3896229565143585,0.010555478744208813,0.08148008584976196,0.14079809188842773,0.09644518792629242,0.14078781008720398
carrywith2.pt,139,2.316666666666667,-0.3868471086025238,0.020773248746991158,-0.39655718207359314,0.019527141004800797,0.12060175091028214,0.13441085815429688,0.07907873392105103,0.134416863322258
carrywith2.pt,140,2.3333333333333335,-0.43624332547187805,0.03330891579389572,-0.4419252872467041,0.03257858753204346,0.02200210466980934,0.09528636932373047,0.025631247088313103,0.0952710211277008
carrywith2.pt,141,2.35,-0.412227064371109,0.022648893296718597,-0.41169705986976624,0.022470276802778244,0.17468886077404022,0.261991024017334,0.18891040980815887,0.2619946599006653
carrywith2.pt,142,2.3666666666666667,-0.4461868405342102,0.045121196657419205,-0.446279376745224,0.0451928935945034,0.39633727073669434,0.4641151428222656,0.3644067645072937,0.46410414576530457
carrywith2.pt,143,2.3833333333333333,-0.4651434123516083,0.06000445410609245,-0.46406254172325134,0.06041134148836136,0.3289165496826172,0.4272007942199707,0.33515655994415283,0.42721712589263916
carrywith2.pt,144,2.4,-0.4570402204990387,0.07863113284111023,-0.45148763060569763,0.0789007768034935,0.12881486117839813,0.22549867630004883,0.15173150599002838,0.2254885882139206
carrywith2.pt,145,2.4166666666666665,-0.4886530339717865,0.07414791733026505,-0.47953900694847107,0.07403483986854553,0.17858324944972992,0.3020811080932617,0.2349739670753479,0.30208680033683777
carrywith2.pt,146,2.433333333333333,-0.5177140831947327,0.09956932067871094,-0.5091575384140015,0.09944076836109161,0.3016372323036194,0.36928653717041016,0.3212904930114746,0.3692810833454132
carrywith2.pt,147,2.45,-0.5841673016548157,0.16128180921077728,-0.5771382451057434,0.16157996654510498,1.2468512058258057,1.2571406364440918,1.164637565612793,1.2571426630020142
carrywith2.pt,148,2.466666666666667,-0.5721749067306519,0.16960464417934418,-0.5647863745689392,0.16987267136573792,0.5886311531066895,0.6395530700683594,0.598758339881897,0.6395599246025085
carrywith2.pt,149,2.4833333333333334,-0.5772458910942078,0.15253621339797974,-0.5714908242225647,0.15321876108646393,0.7781112790107727,0.7908439636230469,0.7288156747817993,0.790842592716217
carrywith2.pt,150,2.5,-0.6286832094192505,0.16858330368995667,-0.6225357055664062,0.16946133971214294,0.513581395149231,0.5624127388000488,0.5400561690330505,0.5624147653579712
carrywith2.pt,151,2.5166666666666666,-0.6391242742538452,0.18025732040405273,-0.631227433681488,0.18043474853038788,0.5674231052398682,0.6595230102539062,0.6537740230560303,0.6595203280448914
carrywith2.pt,152,2.533333333333333,-0.6520296931266785,0.2168940007686615,-0.6469810009002686,0.2180056869983673,0.5667983293533325,0.5939555168151855,0.5912578701972961,0.5939523577690125
carrywith2.pt,153,2.55,-0.6827343702316284,0.2679530680179596,-0.6803739666938782,0.27033284306526184,0.6878276467323303,0.7043194770812988,0.7070522308349609,0.7043238282203674
carrywith2.pt,154,2.566666666666667,-0.7276930809020996,0.2367626577615738,-0.7225589752197266,0.23808634281158447,0.5161920189857483,0.5499744415283203,0.5550764203071594,0.5499851107597351
carrywith2.pt,155,2.5833333333333335,-0.7667030692100525,0.2609756886959076,-0.7611047625541687,0.26218029856681824,0.24739789962768555,0.2784562110900879,0.2811852693557739,0.27845749258995056
carrywith2.pt,156,2.6,-0.7831194400787354,0.2597259283065796,-0.7760362029075623,0.26022839546203613,0.19862012565135956,0.22848129272460938,0.23555539548397064,0.22846369445323944
carrywith2.pt,157,2.6166666666666667,-0.7641021609306335,0.2766566276550293,-0.7584552764892578,0.2775841951370239,0.2627546191215515,0.27140378952026367,0.28304484486579895,0.271413654088974
carrywith2.pt,158,2.6333333333333333,-0.7376703023910522,0.25057244300842285,-0.7344701886177063,0.2523389458656311,-0.22469067573547363,-0.23043394088745117,-0.17444413900375366,-0.2304440140724182
carrywith2.pt,159,2.65,-0.7303324937820435,0.25729626417160034,-0.730384886264801,0.260004460811615,-0.39611250162124634,-0.4186248779296875,-0.3547290563583374,-0.4186258018016815
carrywith2.pt,160,2.6666666666666665,-0.7403796315193176,0.2515893876552582,-0.7468950152397156,0.2558039426803589,-0.6518446207046509,-0.7221722602844238,-0.6225024461746216,-0.7221784591674805
carrywith2.pt,161,2.683333333333333,-0.7036775946617126,0.21396152675151825,-0.7144190669059753,0.21767273545265198,-0.42814868688583374,-0.4719686508178711,-0.37516868114471436,-0.4719535708427429
carrywith2.pt,162,2.7,-0.6840149164199829,0.19012805819511414,-0.6991772651672363,0.1929064691066742,-0.3569078743457794,-0.4254341125488281,-0.34237003326416016,-0.42544564604759216
carrywith2.pt,163,2.716666666666667,-0.6521967649459839,0.18618890643119812,-0.6735986471176147,0.18788275122642517,-0.6817902326583862,-0.741126537322998,-0.6816689968109131,-0.7411205768585205
carrywith2.pt,164,2.7333333333333334,-0.6337605714797974,0.17047439515590668,-0.6625096797943115,0.17110136151313782,-0.6352713108062744,-0.703582763671875,-0.6739115118980408,-0.7035871744155884
carrywith2.pt,165,2.75,-0.5890690088272095,0.18758390843868256,-0.6223055720329285,0.1875113546848297,-0.643821120262146,-0.7471990585327148,-0.7040830254554749,-0.747192919254303
carrywith2.pt,166,2.7666666666666666,-0.600662350654602,0.16500969231128693,-0.6396433711051941,0.16377463936805725,-0.5805982947349548,-0.6173515319824219,-0.5985429883003235,-0.6173520088195801
carrywith2.pt,167,2.783333333333333,-0.5885463356971741,0.14395791292190552,-0.6344547271728516,0.14201129972934723,-0.5708573460578918,-0.5990338325500488,-0.6098262071609497,-0.5990260243415833
carrywith2.pt,168,2.8,-0.5606430172920227,0.13843482732772827,-0.6041997671127319,0.1368943750858307,-0.7448635101318359,-0.7744646072387695,-0.7945835590362549,-0.7744668126106262
carrywith2.pt,169,2.816666666666667,-0.5498340725898743,0.12477033585309982,-0.5913359522819519,0.12382162362337112,-0.3862506151199341,-0.38600921630859375,-0.420163631439209,-0.38601285219192505
carrywith2.pt,170,2.8333333333333335,-0.493102490901947,0.09517863392829895,-0.5339915752410889,0.09510746598243713,-0.4274313449859619,-0.44039011001586914,-0.5081307291984558,-0.4403800666332245
carrywith2.pt,171,2.85,-0.5025957822799683,0.09756943583488464,-0.5394769906997681,0.09905007481575012,-0.6736894249916077,-0.6710386276245117,-0.7334180474281311,-0.6710510849952698
carrywith2.pt,172,2.8666666666666667,-0.4839727282524109,0.079381562769413,-0.5193063616752625,0.0821770578622818,-0.5603445172309875,-0.5843925476074219,-0.6464629173278809,-0.5843876600265503
carrywith2.pt,173,2.8833333333333333,-0.47007641196250916,0.07486680895090103,-0.4973866939544678,0.07822369039058685,-0.41274577379226685,-0.41417598724365234,-0.4588915705680847,-0.41417068243026733
carrywith2.pt,174,2.9,-0.46171823143959045,0.05864088982343674,-0.4825604259967804,0.062017738819122314,-0.44144031405448914,-0.4401397705078125,-0.4555546045303345,-0.4401484727859497
carrywith2.pt,175,2.9166666666666665,-0.43820706009864807,0.04342767596244812,-0.454162061214447,0.046366482973098755,-0.30091145634651184,-0.31629323959350586,-0.34128835797309875,-0.316288560628891
carrywith2.pt,176,2.933333333333333,-0.44679173827171326,0.03755619376897812,-0.4596644341945648,0.04037855193018913,-0.3799934983253479,-0.3976249694824219,-0.39502570033073425,-0.3976335823535919
carrywith2.pt,177,2.95,-0.42389291524887085,0.017364080995321274,-0.43413400650024414,0.019738368690013885,-0.4501964747905731,-0.49121618270874023,-0.4677465260028839,-0.49121955037117004
carrywith2.pt,178,2.966666666666667,-0.4137330651283264,0.016575995832681656,-0.4204608201980591,0.018289456143975258,-0.5399919748306274,-0.5362844467163086,-0.49724388122558594,-0.5362699627876282
carrywith2.pt,179,2.9833333333333334,-0.41194772720336914,0.03231531381607056,-0.42101365327835083,0.03400760516524315,-0.5954875946044922,-0.593876838684082,-0.5389581918716431,-0.5938816666603088
carrywith2.pt,180,3.0,-0.4060114026069641,0.01538635604083538,-0.4100700616836548,0.01624484732747078,-0.5604737997055054,-0.5342531204223633,-0.46948516368865967,-0.5342528223991394
carrywith2.pt,181,3.0166666666666666,-0.4132779538631439,0.029075032100081444,-0.4155006408691406,0.02949894778430462,-0.41836023330688477,-0.39089441299438477,-0.32404759526252747,-0.3908962607383728
carrywith2.pt,182,3.033333333333333,-0.41631534695625305,-0.0007863554637879133,-0.4188249707221985,-0.0006696581840515137,-0.27938365936279297,-0.32230138778686523,-0.2527291476726532,-0.32232099771499634
carrywith2.pt,183,3.05,-0.4285306930541992,-0.001058944035321474,-0.4294581115245819,-0.0012438183184713125,-0.431769996881485,-0.4298543930053711,-0.3420688211917877,-0.4298436641693115
carrywith2.pt,184,3.066666666666667,-0.4229027330875397,0.005508116912096739,-0.42244333028793335,0.00506744347512722,-0.33660513162612915,-0.3357839584350586,-0.2517457604408264,-0.3357798159122467
carrywith2.pt,185,3.0833333333333335,-0.4181213676929474,-0.0012294792104512453,-0.41676101088523865,-0.0018382668495178223,-0.47524386644363403,-0.4788494110107422,-0.3882068395614624,-0.47885429859161377
carrywith2.pt,186,3.1,-0.45480599999427795,-0.011193453334271908,-0.45063284039497375,-0.011704837903380394,-0.3226676881313324,-0.3298330307006836,-0.2433665692806244,-0.32981443405151367
carrywith2.pt,187,3.1166666666666667,-0.47280049324035645,-0.05281193181872368,-0.468614786863327,-0.05354291945695877,-0.4338669180870056,-0.4409337043762207,-0.3509131669998169,-0.44094738364219666
carrywith2.pt,188,3.1333333333333333,-0.4998430609703064,-0.04850941151380539,-0.49298998713493347,-0.04882543534040451,-0.5265967845916748,-0.5183029174804688,-0.4334615170955658,-0.5183072686195374
carrywith2.pt,189,3.15,-0.5320194959640503,-0.06402453035116196,-0.5232282280921936,-0.06390798836946487,-0.6558140516281128,-0.629582405090332,-0.5397003889083862,-0.6295700669288635
carrywith2.pt,190,3.1666666666666665,-0.5719141960144043,-0.07112498581409454,-0.561392605304718,-0.07039815187454224,-0.7675158977508545,-0.7399177551269531,-0.6456036567687988,-0.7399289011955261
carrywith2.pt,191,3.183333333333333,-0.6244862675666809,-0.09427987784147263,-0.6121507287025452,-0.09271116554737091,-0.8858682513237,-0.8337950706481934,-0.741616427898407,-0.8337914943695068
carrywith2.pt,192,3.2,-0.6432948708534241,-0.12951673567295074,-0.6306207776069641,-0.12716251611709595,-0.886868953704834,-0.8510684967041016,-0.7659422755241394,-0.8510708808898926
carrywith2.pt,193,3.216666666666667,-0.6411035656929016,-0.13919605314731598,-0.6287537813186646,-0.13609439134597778,-0.8785656690597534,-0.8510684967041016,-0.7659422755241394,-0.9877555966377258
carrywith3.pt,0,0.0,0.600026547908783,0.11269960552453995,0.591799795627594,0.11276272684335709,0.7411470413208008,0.7580924034118652,0.7763871550559998,0.758083701133728
carrywith3.pt,1,0.016666666666666666,0.576198399066925,0.09465496987104416,0.5710729360580444,0.09465412050485611,0.7436542510986328,0.738673210144043,0.7345257997512817,0.7386748194694519
carrywith3.pt,2,0.03333333333333333,0.5328236222267151,0.10959871858358383,0.5304470062255859,0.1095929890871048,1.0031927824020386,1.0074591636657715,0.9875220656394958,1.0074628591537476
carrywith3.pt,3,0.05,0.4964680075645447,0.0964561253786087,0.49571987986564636,0.09637889266014099,1.269185185432434,1.2617254257202148,1.2345361709594727,1.261724829673767
carrywith3.pt,4,0.06666666666666667,0.4718017280101776,0.09871784597635269,0.4736482501029968,0.09842467308044434,1.210416555404663,1.188197135925293,1.1644701957702637,1.1881955862045288
carrywith3.pt,5,0.08333333333333333,0.4474892318248749,0.09110122174024582,0.45121875405311584,0.09055059403181076,1.4366393089294434,1.4137673377990723,1.4046990871429443,1.413772463798523
carrywith3.pt,6,0.1,0.4132629930973053,0.06734759360551834,0.4182414710521698,0.06666042655706406,1.578864336013794,1.5508103370666504,1.5468531847000122,1.5507999658584595
carrywith3.pt,7,0.11666666666666667,0.38580378890037537,0.08664235472679138,0.39183518290519714,0.08586952090263367,1.7815576791763306,1.7483139038085938,1.7545982599258423,1.7483206987380981
carrywith3.pt,8,0.13333333333333333,0.3801194727420807,0.05883504077792168,0.38528499007225037,0.05817962437868118,1.9728343486785889,1.9140243530273438,1.921919822692871,1.9140225648880005
carrywith3.pt,9,0.15,0.371249258518219,0.058588769286870956,0.3740987181663513,0.05813537538051605,2.1094508171081543,2.0416760444641113,2.0347158908843994,2.0416834354400635
carrywith3.pt,10,0.16666666666666666,0.3548561632633209,0.06775160878896713,0.35534700751304626,0.06741461902856827,2.273632287979126,2.203702926635742,2.1833713054656982,2.203688383102417
carrywith3.pt,11,0.18333333333333332,0.32332465052604675,0.04927583038806915,0.32388436794281006,0.048882775008678436,2.3603672981262207,2.317636013031006,2.27367901802063,2.317662000656128
carrywith3.pt,12,0.2,0.3220302164554596,0.06603071093559265,0.3207740783691406,0.0656491070985794,2.5010151863098145,2.46335506439209,2.408106803894043,2.463332414627075
carrywith3.pt,13,0.21666666666666667,0.30729037523269653,0.07143236696720123,0.3032911419868469,0.07122449576854706,2.629703998565674,2.61599063873291,2.562513828277588,2.6159911155700684
carrywith3.pt,14,0.23333333333333334,0.27064403891563416,0.038910962641239166,0.26503485441207886,0.03889826685190201,2.5635218620300293,2.5792837142944336,2.503108263015747,2.579277276992798
carrywith3.pt,15,0.25,0.260756254196167,0.04816909506917,0.25353333353996277,0.04838284105062485,2.6650619506835938,2.725510597229004,2.657531499862671,2.7255208492279053
carrywith3.pt,16,0.26666666666666666,0.23431909084320068,0.040195394307374954,0.23149284720420837,0.039770156145095825,2.7365951538085938,2.83113956451416,2.765233278274536,2.8311352729797363
carrywith3.pt,17,0.2833333333333333,0.2170664370059967,0.040799494832754135,0.21687054634094238,0.03988485038280487,2.779466152191162,2.8986454010009766,2.8352863788604736,2.8986551761627197
carrywith3.pt,18,0.3,0.2354799509048462,0.04191790148615837,0.2317000776529312,0.04160251468420029,2.9326090812683105,3.0541276931762695,3.0029594898223877,3.0541157722473145
carrywith3.pt,19,0.31666666666666665,0.22524906694889069,0.03516170009970665,0.22522935271263123,0.03398728370666504,2.8202850818634033,2.9482126235961914,2.8991873264312744,2.9482126235961914
carrywith3.pt,20,0.3333333333333333,0.20868687331676483,0.0173209048807621,0.20695802569389343,0.016594626009464264,2.9721591472625732,3.087015151977539,3.0473825931549072,3.0870282649993896
carrywith3.pt,21,0.35,0.22157122194766998,0.018258001655340195,0.22168441116809845,0.016914889216423035,3.1019446849823,3.220367431640625,3.159971237182617,3.220362901687622
carrywith3.pt,22,0.36666666666666664,0.18826380372047424,0.006201213225722313,0.1918143630027771,0.003900386393070221,2.902012825012207,3.0588912963867188,3.024169445037842,3.0588841438293457
carrywith3.pt,23,0.38333333333333336,0.1753368228673935,0.005573876202106476,0.17809629440307617,0.0035170763731002808,2.755751609802246,2.887558937072754,2.845142126083374,2.8875648975372314
carrywith3.pt,24,0.4,0.19287334382534027,-0.012803720310330391,0.194074809551239,-0.01458161324262619,2.748490810394287,2.8334712982177734,2.8105149269104004,2.8334648609161377
carrywith3.pt,25,0.4166666666666667,0.21867622435092926,-0.003746860194951296,0.22240304946899414,-0.0066499412059783936,2.597261667251587,2.675929069519043,2.684497356414795,2.6759402751922607
carrywith3.pt,26,0.43333333333333335,0.19689269363880157,-0.007487311959266663,0.1990772783756256,-0.009653836488723755,2.3772027492523193,2.4479055404663086,2.4612183570861816,2.447902202606201
carrywith3.pt,27,0.45,0.17602476477622986,-0.00022886856459081173,0.17946192622184753,-0.002652078866958618,2.3924262523651123,2.479405403137207,2.4836978912353516,2.479407548904419
carrywith3.pt,28,0.4666666666666667,0.18919819593429565,-0.021589865908026695,0.19129931926727295,-0.0236397422850132,2.343073844909668,2.395033836364746,2.410191774368286,2.3950343132019043
carrywith3.pt,29,0.48333333333333334,0.1802760362625122,-0.01526918075978756,0.1845800131559372,-0.018015481531620026,2.3769543170928955,2.4300670623779297,2.4465701580047607,2.430067777633667
carrywith3.pt,30,0.5,0.1892136186361313,-0.014023806899785995,0.19190484285354614,-0.01617421954870224,2.29599928855896,2.3285436630249023,2.3343288898468018,2.32853364944458
carrywith3.pt,31,0.5166666666666667,0.20192062854766846,-0.024430351331830025,0.20464971661567688,-0.026675652712583542,2.0889453887939453,2.101449966430664,2.127751111984253,2.101447820663452
carrywith3.pt,32,0.5333333333333333,0.20025451481342316,-0.024952175095677376,0.20298431813716888,-0.027104653418064117,1.9035489559173584,1.9503593444824219,1.9525737762451172,1.9503610134124756
carrywith3.pt,33,0.55,0.2443035989999771,-0.0151902437210083,0.24867329001426697,-0.018138360232114792,1.6324139833450317,1.6414403915405273,1.6707632541656494,1.6414477825164795
carrywith3.pt,34,0.5666666666666667,0.2460794746875763,-0.020507054403424263,0.2514321506023407,-0.023676279932260513,1.7187851667404175,1.7414331436157227,1.7626206874847412,1.7414283752441406
carrywith3.pt,35,0.5833333333333334,0.2463091015815735,-0.016498789191246033,0.2523611783981323,-0.01979190483689308,1.9869167804718018,2.0232725143432617,2.0358288288116455,2.02327561378479
carrywith3.pt,36,0.6,0.24450844526290894,-0.016524817794561386,0.25066909193992615,-0.019787060096859932,2.009079933166504,2.006707191467285,2.054100513458252,2.0067129135131836
carrywith3.pt,37,0.6166666666666667,0.26323699951171875,0.00013645668514072895,0.2701300084590912,-0.003155020996928215,1.984096646308899,1.9931459426879883,2.0221405029296875,1.9931429624557495
carrywith3.pt,38,0.6333333333333333,0.2828690707683563,-0.011903176084160805,0.2909505367279053,-0.015466606244444847,1.860833764076233,1.8534278869628906,1.9017595052719116,-375.1376953125
carrywith3.pt,39,0.65,0.28665751218795776,-0.0014348957920446992,0.2935788631439209,-0.004365593660622835,2.002379894256592,1.9913578033447266,2.0387160778045654,1.991363286972046
carrywith3.pt,40,0.6666666666666666,0.3119952380657196,0.0020898112561553717,0.3216540217399597,-0.0012838058173656464,2.2921555042266846,2.2918224334716797,2.3294901847839355,2.291821241378784
carrywith3.pt,41,0.6833333333333333,0.33083128929138184,0.025386428460478783,0.3421052396297455,0.02192159742116928,2.3364057540893555,2.338113784790039,2.3746652603149414,2.3381154537200928
carrywith3.pt,42,0.7,0.335039883852005,0.015282206237316132,0.3446733057498932,0.012463279068470001,2.4348795413970947,2.437291145324707,2.4691593647003174,2.4372916221618652
carrywith3.pt,43,0.7166666666666667,0.33201244473457336,-0.00864873081445694,0.3401646018028259,-0.010919801890850067,2.4822683334350586,2.4957990646362305,2.514296054840088,2.4958012104034424
carrywith3.pt,44,0.7333333333333333,0.3865848183631897,-0.004549980629235506,0.3964417576789856,-0.007123872637748718,2.4057021141052246,2.415447235107422,2.429975986480713,2.415449380874634
carrywith3.pt,45,0.75,0.3859715759754181,-0.004623035900294781,0.3933824896812439,-0.0066416263580322266,2.4380807876586914,2.446160316467285,2.4575459957122803,2.4461586475372314
carrywith3.pt,46,0.7666666666666667,0.4090052843093872,-0.007119335234165192,0.41459134221076965,-0.008759424090385437,2.439182758331299,2.454557418823242,2.4554693698883057,2.454557418823242
carrywith3.pt,47,0.7833333333333333,0.40766623616218567,0.015247810631990433,0.4129455089569092,0.013661615550518036,2.2975285053253174,2.290520668029785,2.306180000305176,2.2905235290527344
carrywith3.pt,48,0.8,0.42656370997428894,-0.001399932079948485,0.4295831322669983,-0.002471134066581726,2.53161883354187,2.5499868392944336,2.542928695678711,2.549987316131592
carrywith3.pt,49,0.8166666666666667,0.4228450655937195,-0.0190066397190094,0.4231010973453522,-0.019568726420402527,2.3894217014312744,2.4234437942504883,2.4035675525665283,2.4234325885772705
carrywith3.pt,50,0.8333333333333334,0.4528386890888214,-0.013412070460617542,0.45093509554862976,-0.013582602143287659,2.263960838317871,2.31046199798584,2.282700538635254,2.310465097427368
carrywith3.pt,51,0.85,0.431461364030838,-0.012448994442820549,0.4278407692909241,-0.012200549244880676,2.382784366607666,2.4271345138549805,2.3998677730560303,2.4271316528320312
carrywith3.pt,52,0.8666666666666667,0.4253759980201721,-0.011219983920454979,0.42236608266830444,-0.011119037866592407,2.374687433242798,2.4301671981811523,2.391728162765503,2.4301717281341553
carrywith3.pt,53,0.8833333333333333,0.4000444710254669,-0.030640020966529846,0.3966752886772156,-0.030353903770446777,2.7232863903045654,2.7860355377197266,2.74588680267334,2.7860336303710938
carrywith3.pt,54,0.9,0.4011141061782837,-0.06566483527421951,0.39802905917167664,-0.06551937758922577,2.3936660289764404,2.4329137802124023,2.4113402366638184,2.432917833328247
carrywith3.pt,55,0.9166666666666666,0.3731943666934967,-0.052967920899391174,0.37074917554855347,-0.05298377573490143,2.3940601348876953,2.4422121047973633,2.4191105365753174,2.442204475402832
carrywith3.pt,56,0.9333333333333333,0.3391464948654175,-0.05965675413608551,0.33920222520828247,-0.060779035091400146,2.8513476848602295,2.9004478454589844,2.8737130165100098,2.9004576206207275
carrywith3.pt,57,0.95,0.35465189814567566,-0.05486274138092995,0.35430607199668884,-0.05590932071208954,3.1960580348968506,3.2606935501098633,3.222904920578003,3.260688066482544
carrywith3.pt,58,0.9666666666666667,0.3195735812187195,-0.04507390037178993,0.31948959827423096,-0.046222954988479614,3.0184860229492188,3.06976318359375,3.055781602859497,3.0697457790374756
carrywith3.pt,59,0.9833333333333333,0.28192606568336487,-0.043272536247968674,0.28349569439888,-0.04525953531265259,3.2013614177703857,3.2576465606689453,3.2409234046936035,3.257683277130127
carrywith3.pt,60,1.0,0.26737648248672485,-0.03421763703227043,0.2693326771259308,-0.0364203006029129,3.2574267387390137,3.2897186279296875,3.2993626594543457,3.289720058441162
carrywith3.pt,61,1.0166666666666666,0.23396484553813934,-0.033456675708293915,0.23682835698127747,-0.035947032272815704,3.1589927673339844,3.1891822814941406,3.1962406635284424,3.189175844192505
carrywith3.pt,62,1.0333333333333334,0.2591576874256134,-0.05818101763725281,0.26147109270095825,-0.06050267070531845,3.078897714614868,3.1412887573242188,3.130138397216797,3.141287326812744
carrywith3.pt,63,1.05,0.2216571718454361,-0.04076087474822998,0.22409570217132568,-0.04300098121166229,2.677699089050293,2.7176856994628906,2.721646308898926,2.7176740169525146
carrywith3.pt,64,1.0666666666666667,0.23441925644874573,-0.04709189012646675,0.2362692654132843,-0.049094416201114655,2.5073626041412354,2.568798065185547,2.5663793087005615,2.568805694580078
carrywith3.pt,65,1.0833333333333333,0.2513278126716614,-0.07405058294534683,0.2524494528770447,-0.07586587220430374,2.306741952896118,2.340402603149414,2.3584659099578857,2.3403990268707275
carrywith3.pt,66,1.1,0.22555938363075256,-0.06957098841667175,0.2269129604101181,-0.07131341099739075,2.1836211681365967,2.1776390075683594,2.205047369003296,2.1776363849639893
carrywith3.pt,67,1.1166666666666667,0.2097976803779602,-0.034810617566108704,0.20948170125484467,-0.035624004900455475,1.9550001621246338,1.9338798522949219,1.9769550561904907,1.9338690042495728
carrywith3.pt,68,1.1333333333333333,0.22654227912425995,-0.054977335035800934,0.2257881462574005,-0.05562731251120567,2.412388563156128,2.4126148223876953,2.443054437637329,2.412614345550537
carrywith3.pt,69,1.15,0.2050938755273819,-0.033224012702703476,0.20479066669940948,-0.033879175782203674,2.335014820098877,2.3179149627685547,2.360034227371216,2.3179221153259277
carrywith3.pt,70,1.1666666666666667,0.20864923298358917,-0.0063336496241390705,0.2092740684747696,-0.007198814302682877,2.211986541748047,2.1719741821289062,2.2359468936920166,2.1719672679901123
carrywith3.pt,71,1.1833333333333333,0.22686626017093658,-0.011293257586658001,0.22844429314136505,-0.012315072119235992,2.1847620010375977,2.135782241821289,2.192502975463867,2.1358015537261963
carrywith3.pt,72,1.2,0.20958465337753296,0.015285424888134003,0.21163778007030487,0.014399293810129166,2.0485074520111084,2.002229690551758,2.063415050506592,2.0022222995758057
carrywith3.pt,73,1.2166666666666666,0.19156944751739502,-0.017681170254945755,0.19311411678791046,-0.01822398416697979,1.9320193529129028,1.8979167938232422,1.9525938034057617,1.8979215621948242
carrywith3.pt,74,1.2333333333333334,0.22246675193309784,-0.00026727671502158046,0.22439152002334595,-0.0006944891065359116,2.016289710998535,2.005434036254883,2.048506021499634,2.0054128170013428
carrywith3.pt,75,1.25,0.24661356210708618,0.018508989363908768,0.25074338912963867,0.018092770129442215,1.8149998188018799,1.790313720703125,1.8490197658538818,1.790329933166504
carrywith3.pt,76,1.2666666666666666,0.25099465250968933,0.010668660514056683,0.25482672452926636,0.010681617073714733,1.748870611190796,1.7297744750976562,1.7765398025512695,1.72978937625885
carrywith3.pt,77,1.2833333333333334,0.26918163895606995,-0.005579075310379267,0.274291455745697,-0.00512159476056695,1.4635579586029053,1.451883316040039,1.493506669998169,1.4518791437149048
carrywith3.pt,78,1.3,0.25372323393821716,0.008234679698944092,0.2597770690917969,0.009230311028659344,1.2107014656066895,1.1983108520507812,1.2416307926177979,1.198317289352417
carrywith3.pt,79,1.3166666666666667,0.28820550441741943,0.005146738141775131,0.2941735088825226,0.006704622879624367,1.0423636436462402,1.0317134857177734,1.0609327554702759,1.0316908359527588
carrywith3.pt,80,1.3333333333333333,0.2975575923919678,-0.0020917351357638836,0.30432459712028503,0.00010763201862573624,0.790366530418396,0.7894706726074219,0.8143327236175537,0.7894867658615112
carrywith3.pt,81,1.35,0.31161531805992126,-0.022441735491156578,0.3184080123901367,-0.01981382817029953,0.5947083234786987,0.5934619903564453,0.6194506287574768,0.5934415459632874
carrywith3.pt,82,1.3666666666666667,0.343019038438797,-0.016615353524684906,0.3503607511520386,-0.013262911699712276,0.40489301085472107,0.41367530822753906,0.43419715762138367,0.4136784076690674
carrywith3.pt,83,1.3833333333333333,0.3706068992614746,-0.044451769441366196,0.3800567090511322,-0.039801426231861115,0.168899267911911,0.16931533813476562,0.17680415511131287,0.16932649910449982
carrywith3.pt,84,1.4,0.38225099444389343,-0.029370561242103577,0.39189520478248596,-0.024405594915151596,0.11383851617574692,0.11355400085449219,0.11812449991703033,0.11353931576013565
carrywith3.pt,85,1.4166666666666667,0.41406145691871643,-0.008371875621378422,0.42535871267318726,-0.0024435780942440033,-0.34234845638275146,-0.333251953125,-0.31819626688957214,-0.33326011896133423
carrywith3.pt,86,1.4333333333333333,0.4445485472679138,-0.02903563156723976,0.45635882019996643,-0.022440023720264435,-0.27857834100723267,-0.27740478515625,-0.2651240825653076,-0.27737241983413696
carrywith3.pt,87,1.45,0.4824007451534271,-0.020977312698960304,0.4955381155014038,-0.013220204040408134,-0.3322494626045227,-0.32489776611328125,-0.3131537139415741,-0.32491710782051086
carrywith3.pt,88,1.4666666666666666,0.5114081501960754,-0.005317453294992447,0.5248477458953857,0.0030248351395130157,-0.34163275361061096,-0.3382587432861328,-0.32444050908088684,-0.33826538920402527
carrywith3.pt,89,1.4833333333333334,0.5250176191329956,0.022197693586349487,0.5391556024551392,0.03149675205349922,-0.3713192641735077,-0.3669548034667969,-0.34900254011154175,-0.36692744493484497
carrywith3.pt,90,1.5,0.5546597838401794,0.015836991369724274,0.5695980787277222,0.02639324776828289,-0.5477911233901978,-0.5672550201416016,-0.5365100502967834,-0.5672717690467834
carrywith3.pt,91,1.5166666666666666,0.5527754426002502,0.043683528900146484,0.5646040439605713,0.05396246165037155,-0.518770158290863,-0.5244827270507812,-0.4919990003108978,-0.5244720578193665
carrywith3.pt,92,1.5333333333333334,0.61246657371521,0.05714017525315285,0.6230062246322632,0.06836079061031342,-0.3035469949245453,-0.29537200927734375,-0.2597106695175171,-0.2953839600086212
carrywith3.pt,93,1.55,0.6431628465652466,0.02670806273818016,0.6511818170547485,0.03732474148273468,-0.3183142840862274,-0.3065299987792969,-0.2827342748641968,-0.3065152168273926
carrywith3.pt,94,1.5666666666666667,0.6381037831306458,0.05416038632392883,0.6434997916221619,0.06283178180456161,-0.5053918957710266,-0.4859447479248047,-0.4627079963684082,-0.4859605133533478
carrywith3.pt,95,1.5833333333333333,0.695463240146637,0.08070205897092819,0.6985506415367126,0.08725512027740479,-0.5712479948997498,-0.5585575103759766,-0.5398633480072021,-0.5585325956344604
carrywith3.pt,96,1.6,0.7401259541511536,0.09284232556819916,0.7420011162757874,0.0982191264629364,-0.5415859222412109,-0.5192470550537109,-0.49945083260536194,-0.5192710757255554
carrywith3.pt,97,1.6166666666666667,0.7506311535835266,0.1045132502913475,0.7504469752311707,0.10685746371746063,-0.6084209084510803,-0.5914306640625,-0.5761268138885498,-0.5914217829704285
carrywith3.pt,98,1.6333333333333333,0.7686260342597961,0.11594158411026001,0.7675501704216003,0.11683275550603867,-0.7200496792793274,-0.7134532928466797,-0.7022354602813721,-0.7134618163108826
carrywith3.pt,99,1.65,0.7812753319740295,0.1224292665719986,0.7788405418395996,0.1205400675535202,-0.8784368634223938,-0.8391380310058594,-0.8172947764396667,-0.8391223549842834
carrywith3.pt,100,1.6666666666666667,0.7754201889038086,0.08137722313404083,0.7721640467643738,0.0775592178106308,-0.7120953798294067,-0.6675338745117188,-0.6505938768386841,-0.6675641536712646
carrywith3.pt,101,1.6833333333333333,0.7578845024108887,0.16219715774059296,0.7543691396713257,0.1590142548084259,-0.19400857388973236,-0.19446372985839844,-0.19102345407009125,-0.19444333016872406
carrywith3.pt,102,1.7,0.7346782088279724,0.12991303205490112,0.7305713295936584,0.1249571442604065,-0.26904284954071045,-0.2708244323730469,-0.2724769115447998,-0.270815908908844
carrywith3.pt,103,1.7166666666666666,0.7140617370605469,0.07246517390012741,0.7090688943862915,0.06545417010784149,-0.3904806971549988,-0.39908409118652344,-0.4103219211101532,-0.3990922272205353
carrywith3.pt,104,1.7333333333333334,0.6704010963439941,0.09266684949398041,0.6660664677619934,0.08780127763748169,-0.20942644774913788,-0.2306842803955078,-0.2485518455505371,-0.23068538308143616
carrywith3.pt,105,1.75,0.6880476474761963,0.13248002529144287,0.6836418509483337,0.12839198112487793,-0.01591334119439125,0.005550384521484375,-0.0061583747155964375,0.005557396914809942
carrywith3.pt,106,1.7666666666666666,0.7054235935211182,0.1010819748044014,0.6994346380233765,0.09586957097053528,-0.07343538105487823,-0.031213760375976562,-0.04896678775548935,-0.031216464936733246
carrywith3.pt,107,1.7833333333333334,0.6328306794166565,0.08811157196760178,0.6275490522384644,0.0852394551038742,-0.20815855264663696,-0.16016006469726562,-0.16897280514240265,-0.16017183661460876
carrywith3.pt,108,1.8,0.6401802897453308,0.04214979708194733,0.6347473859786987,0.03993741795420647,-0.32928502559661865,-0.2586936950683594,-0.274481862783432,-0.2587057650089264
carrywith3.pt,109,1.8166666666666667,0.6440644860267639,0.0209620613604784,0.6386091113090515,0.019826926290988922,-0.3336043357849121,-0.2382659912109375,-0.2566295266151428,-0.2382367104291916
carrywith3.pt,110,1.8333333333333333,0.6046025156974792,0.06302119791507721,0.598576009273529,0.06250713765621185,-0.11778536438941956,-0.054874420166015625,-0.09934970736503601,-0.054881975054740906
carrywith3.pt,111,1.85,0.6040736436843872,0.06978437304496765,0.5964454412460327,0.0689246654510498,-0.06585454940795898,-0.0121307373046875,-0.08251966536045074,-0.01214531809091568
carrywith3.pt,112,1.8666666666666667,0.6228119730949402,0.08380452543497086,0.6136059761047363,0.08287721872329712,0.3283821642398834,0.4316139221191406,0.3230864405632019,0.43162497878074646
carrywith3.pt,113,1.8833333333333333,0.6229543089866638,0.05257762223482132,0.6119256615638733,0.05163589492440224,0.396354615688324,0.4389381408691406,0.31052425503730774,0.43894603848457336
carrywith3.pt,114,1.9,0.5555055141448975,0.02018597349524498,0.5465599894523621,0.020030487328767776,0.6142336130142212,0.5984687805175781,0.4682534635066986,0.5984324216842651
carrywith3.pt,115,1.9166666666666667,0.541839063167572,0.04043090343475342,0.5343942642211914,0.04070298373699188,0.7537739872932434,0.6622982025146484,0.476811945438385,0.6623182892799377
carrywith3.pt,116,1.9333333333333333,0.6262136101722717,0.007167830131947994,0.6185219883918762,0.007388714700937271,0.6812744140625,0.7042121887207031,0.5116923451423645,0.7042314410209656
carrywith3.pt,117,1.95,0.5646191835403442,0.01016793493181467,0.5598964095115662,0.010392516851425171,0.7167978286743164,0.6941986083984375,0.5259602069854736,0.6941837668418884
carrywith3.pt,118,1.9666666666666666,0.5168532133102417,-0.04560837894678116,0.5147889256477356,-0.04580039530992508,1.0316082239151,0.9550094604492188,0.8122750520706177,0.9550286531448364
carrywith3.pt,119,1.9833333333333334,0.5593794584274292,-0.039881929755210876,0.5633336305618286,-0.04131637513637543,0.9815073609352112,0.9203052520751953,0.7854377031326294,0.9203104376792908
carrywith3.pt,120,2.0,0.5294630527496338,-0.0007099324138835073,0.5359533429145813,-0.0036189050879329443,1.0911043882369995,1.0439586639404297,0.9696347713470459,1.0439348220825195
carrywith3.pt,121,2.0166666666666666,0.5752629637718201,-0.03507579490542412,0.5851648449897766,-0.0399223193526268,0.8239350914955139,0.8284378051757812,0.7373514175415039,0.8284425139427185
carrywith3.pt,122,2.033333333333333,0.5789898037910461,-0.01732087880373001,0.5933400392532349,-0.02516104280948639,0.9257917404174805,0.9050559997558594,0.8471410870552063,0.9050542116165161
carrywith3.pt,123,2.05,0.5859013199806213,-0.03189035505056381,0.6041618585586548,-0.042819153517484665,0.9949963092803955,0.9449100494384766,0.9062060117721558,0.9448999166488647
carrywith3.pt,124,2.066666666666667,0.6136278510093689,-0.036350321024656296,0.6322062611579895,-0.04899239167571068,0.7357903718948364,0.7212066650390625,0.6852558851242065,0.7212153077125549
carrywith3.pt,125,2.0833333333333335,0.6297646760940552,-0.028483061119914055,0.6502529978752136,-0.04363490641117096,0.7125441431999207,0.6849861145019531,0.6695303320884705,0.6849939227104187
carrywith3.pt,126,2.1,0.6730919480323792,-0.04469069093465805,0.6958256363868713,-0.06253194063901901,0.510717511177063,0.48125267028808594,0.4714161157608032,0.4812582731246948
carrywith3.pt,127,2.1166666666666667,0.6815728545188904,-0.06080703064799309,0.7055547833442688,-0.0806175246834755,0.22947318851947784,0.20173072814941406,0.19038709998130798,0.2017165571451187
carrywith3.pt,128,2.1333333333333333,0.6923099160194397,-0.0565296970307827,0.716244101524353,-0.07757865637540817,0.11815015971660614,0.06803512573242188,0.0647236630320549,0.06804537773132324
carrywith3.pt,129,2.15,0.7249187231063843,-0.08377692103385925,0.747245728969574,-0.10520710051059723,-0.18422925472259521,-0.2309417724609375,-0.2401551902294159,-0.2309507429599762
carrywith3.pt,130,2.1666666666666665,0.7611085772514343,-0.031695522367954254,0.7806598544120789,-0.052628181874752045,0.0661722794175148,0.04975318908691406,0.04898788779973984,0.049755413085222244
carrywith3.pt,131,2.183333333333333,0.7883265614509583,-0.028308117762207985,0.8076274991035461,-0.04971944913268089,0.24684152007102966,0.2282238006591797,0.21867911517620087,0.22821487486362457
carrywith3.pt,132,2.2,0.8390911817550659,-0.03818024322390556,0.8571023344993591,-0.06011319160461426,0.02936457097530365,0.019884109497070312,0.01539946161210537,0.019892962649464607
carrywith3.pt,133,2.216666666666667,0.8540415167808533,-0.01792222075164318,0.8687694072723389,-0.03705513849854469,0.73143470287323,0.7240390777587891,0.7054303288459778,0.7240501642227173
carrywith3.pt,134,2.2333333333333334,0.8882510662078857,-0.04091782122850418,0.9002181887626648,-0.05909771844744682,0.5856311321258545,0.578155517578125,0.5542384386062622,0.5781292915344238
carrywith3.pt,135,2.25,0.9166483879089355,-0.06302861124277115,0.9232421517372131,-0.0762787014245987,0.2985328733921051,0.3029823303222656,0.28205162286758423,0.3029888868331909
carrywith3.pt,136,2.2666666666666666,0.9662027359008789,-0.04621637612581253,0.9691755771636963,-0.05465588718652725,0.2966139614582062,0.33313751220703125,0.3034384548664093,0.33314278721809387
carrywith3.pt,137,2.283333333333333,1.027238368988037,-0.07486667484045029,1.0286823511123657,-0.0813511535525322,-0.1288360208272934,-0.106201171875,-0.122376948595047,-0.10619992017745972
carrywith3.pt,138,2.3,1.038357138633728,-0.03594182804226875,1.0378230810165405,-0.03733602166175842,0.15996721386909485,0.1904010772705078,0.1816071718931198,0.19040338695049286
carrywith3.pt,139,2.316666666666667,1.024505376815796,-0.01785348542034626,1.0217291116714478,-0.013405367732048035,0.22941488027572632,0.2547740936279297,0.2558870017528534,0.2547631859779358
carrywith3.pt,140,2.3333333333333335,0.9948837161064148,-0.04291790351271629,0.9906781315803528,-0.03672344982624054,0.1021842211484909,0.12202262878417969,0.12617136538028717,0.12205138802528381
carrywith3.pt,141,2.35,0.9979408383369446,-0.06044146791100502,0.9931997656822205,-0.05480522662401199,-0.3047069311141968,-0.2747154235839844,-0.27056804299354553,-0.27473703026771545
carrywith3.pt,142,2.3666666666666667,0.9536676406860352,-0.034635599702596664,0.9479147791862488,-0.028676733374595642,-0.46163123846054077,-0.4292106628417969,-0.4108966886997223,-0.42919400334358215
carrywith3.pt,143,2.3833333333333333,0.8995857834815979,-0.04993056505918503,0.8908920288085938,-0.04206297546625137,-0.3030809760093689,-0.2517986297607422,-0.23420169949531555,-0.25181257724761963
carrywith3.pt,144,2.4,0.8786631226539612,-0.04444427788257599,0.8673639893531799,-0.035925038158893585,0.25810912251472473,0.32627105712890625,0.3322241008281708,0.3262691795825958
carrywith3.pt,145,2.4166666666666665,0.8713757991790771,-0.04845911264419556,0.8609691858291626,-0.04284530133008957,0.12314951419830322,0.21486282348632812,0.19590598344802856,0.2148597091436386
carrywith3.pt,146,2.433333333333333,0.8578951954841614,-0.025256406515836716,0.8453668355941772,-0.018723800778388977,-0.12158485502004623,-0.00331878662109375,-0.011558634229004383,-0.003314964473247528
carrywith3.pt,147,2.45,0.8237951993942261,-0.030531220138072968,0.8084996938705444,-0.02339160442352295,-0.14328831434249878,-0.055389404296875,-0.031399935483932495,-0.05539964139461517
carrywith3.pt,148,2.466666666666667,0.7994933724403381,-0.05527830868959427,0.7815966606140137,-0.04794406145811081,-0.29982316493988037,-0.2707099914550781,-0.20320886373519897,-0.2706918716430664
carrywith3.pt,149,2.4833333333333334,0.7835000157356262,-0.035874687135219574,0.7638801336288452,-0.028665661811828613,-0.2335330843925476,-0.16782760620117188,-0.09740782529115677,-0.16781364381313324
carrywith3.pt,150,2.5,0.7956335544586182,-0.025881608948111534,0.7743335366249084,-0.01949894428253174,-0.9728446006774902,-0.9764957427978516,-0.8540008068084717,-0.9765053391456604
carrywith3.pt,151,2.5166666666666666,0.7657088041305542,0.024303177371621132,0.7454462051391602,0.02907007932662964,-0.888350248336792,-0.8920669555664062,-0.7256513833999634,-0.8920778632164001
carrywith3.pt,152,2.533333333333333,0.7335114479064941,0.023746758699417114,0.7173051834106445,0.02572520822286606,-1.1654618978500366,-1.206064224243164,-1.0494390726089478,-1.2060600519180298
carrywith3.pt,153,2.55,0.7360091805458069,0.03092111647129059,0.7237221002578735,0.031230971217155457,-1.4232845306396484,-1.45294189453125,-1.2948428392410278,-1.4529510736465454
carrywith3.pt,154,2.566666666666667,0.7146392464637756,0.064112588763237,0.7083345055580139,0.06318484246730804,-1.1616697311401367,-1.1940765380859375,-1.048460841178894,-1.1940668821334839
carrywith3.pt,155,2.5833333333333335,0.684596836566925,0.09969771653413773,0.6820409297943115,0.09875307232141495,-1.1018531322479248,-1.152048110961914,-1.0653369426727295,-1.1520562171936035
carrywith3.pt,156,2.6,0.6786102056503296,0.12460646033287048,0.6828144192695618,0.12357558310031891,-1.179101586341858,-1.2450885772705078,-1.1234074831008911,-1.2450834512710571
carrywith3.pt,157,2.6166666666666667,0.7189772129058838,0.13432089984416962,0.7262200117111206,0.13424712419509888,-0.928748369216919,-0.9165859222412109,-0.804912269115448,-0.9165932536125183
carrywith3.pt,158,2.6333333333333333,0.7454941272735596,0.15084116160869598,0.7624878287315369,0.1524888575077057,-0.9865022897720337,-0.9241676330566406,-0.8387123346328735,-0.9241548776626587
carrywith3.pt,159,2.65,0.6987658739089966,0.14940272271633148,0.7206587791442871,0.15276750922203064,-1.083410620689392,-1.1343097686767578,-1.0998685359954834,-1.134306788444519
carrywith3.pt,160,2.6666666666666665,0.7283295392990112,0.14893260598182678,0.7575798034667969,0.1538558304309845,-0.7734822034835815,-0.7007789611816406,-0.675085186958313,-0.7007755041122437
carrywith3.pt,161,2.683333333333333,0.7749801874160767,0.1606508046388626,0.8119913339614868,0.16712810099124908,-0.4870913326740265,-0.37711143493652344,-0.3726612627506256,-0.37710511684417725
carrywith3.pt,162,2.7,0.7929342985153198,0.13155168294906616,0.8402035236358643,0.13927780091762543,-0.8371012210845947,-0.7831764221191406,-0.8047952055931091,-0.7831847071647644
carrywith3.pt,163,2.716666666666667,0.7877038717269897,0.16800963878631592,0.8425706624984741,0.17588162422180176,-0.38341593742370605,-0.3046417236328125,-0.3398299217224121,-0.30465036630630493
carrywith3.pt,164,2.7333333333333334,0.8103327751159668,0.20996025204658508,0.8753827214241028,0.21769177913665771,-0.19262036681175232,-0.12685775756835938,-0.11558190733194351,-0.12685441970825195
carrywith3.pt,165,2.75,0.8178409934043884,0.1780555695295334,0.8870316743850708,0.18643414974212646,-0.23186253011226654,-0.24312973022460938,-0.24776475131511688,-0.24314306676387787
carrywith3.pt,166,2.7666666666666666,0.841991662979126,0.1883666068315506,0.9122270941734314,0.1967560350894928,-0.3285326063632965,-0.33863067626953125,-0.2932230830192566,-0.3386206328868866
carrywith3.pt,167,2.783333333333333,0.8499453663825989,0.19810578227043152,0.9208335876464844,0.2081000655889511,-0.47793853282928467,-0.515899658203125,-0.44389644265174866,-0.5159099102020264
carrywith3.pt,168,2.8,0.8553633689880371,0.21478693187236786,0.9229689836502075,0.22685103118419647,-0.4752214848995209,-0.5597591400146484,-0.520512044429779,-0.5597670078277588
carrywith3.pt,169,2.816666666666667,0.8774255514144897,0.21466204524040222,0.9359988570213318,0.22689872980117798,-0.6874197125434875,-0.7838630676269531,-0.7178871631622314,-0.7838301658630371
carrywith3.pt,170,2.8333333333333335,0.8920386433601379,0.22245162725448608,0.9402716159820557,0.2351168394088745,-0.76926589012146,-0.9104633331298828,-0.7909676432609558,-0.9104756116867065
carrywith3.pt,171,2.85,0.9183960556983948,0.23337630927562714,0.9554387331008911,0.24725843966007233,-0.7262664437294006,-0.8967018127441406,-0.8115797638893127,-0.8967172503471375
carrywith3.pt,172,2.8666666666666667,0.976103663444519,0.26984286308288574,0.9975398778915405,0.2819023132324219,-0.37824252247810364,-0.5274581909179688,-0.4558882415294647,-0.5274625420570374
carrywith3.pt,173,2.8833333333333333,1.0004403591156006,0.2521009147167206,1.0135605335235596,0.2628283202648163,-0.37833860516548157,-0.4826545715332031,-0.4299580454826355,-0.4826342761516571
carrywith3.pt,174,2.9,1.0183987617492676,0.2676662802696228,1.02269446849823,0.27553656697273254,-0.3781460225582123,-0.46494483947753906,-0.4169541299343109,-0.46494948863983154
carrywith3.pt,175,2.9166666666666665,1.0236486196517944,0.25473782420158386,1.0203018188476562,0.259036660194397,-0.156805157661438,-0.18505096435546875,-0.11969849467277527,-0.18508248031139374
carrywith3.pt,176,2.933333333333333,1.019970417022705,0.2859024703502655,1.0146409273147583,0.2893279194831848,-0.002838343381881714,-0.02368927001953125,0.022237345576286316,-0.0236669834703207
carrywith3.pt,177,2.95,0.9965865612030029,0.2684621214866638,0.9888758659362793,0.27008524537086487,0.1665206104516983,0.177154541015625,0.18779048323631287,0.17713990807533264
carrywith3.pt,178,2.966666666666667,0.9377065896987915,0.2597060799598694,0.9275551438331604,0.2593652009963989,0.5379079580307007,0.5485439300537109,0.5365938544273376,0.5485685467720032
carrywith3.pt,179,2.9833333333333334,0.9587026834487915,0.24986055493354797,0.9457825422286987,0.24786129593849182,0.8290027976036072,0.8799648284912109,0.8699169754981995,0.8799697756767273
carrywith3.pt,180,3.0,0.9094783067703247,0.2171926498413086,0.8976382613182068,0.21599480509757996,0.3366430699825287,0.39173126220703125,0.3968036472797394,0.3917275071144104
carrywith3.pt,181,3.0166666666666666,0.8855167031288147,0.20406469702720642,0.8722988963127136,0.20231366157531738,0.3570116460323334,0.41069984436035156,0.3939928412437439,0.41069644689559937
carrywith3.pt,182,3.033333333333333,0.8448154330253601,0.16657090187072754,0.8315354585647583,0.1649521291255951,0.23970070481300354,0.31273841857910156,0.2794659733772278,0.3127097189426422
carrywith3.pt,183,3.05,0.8583105802536011,0.1502627730369568,0.8465571999549866,0.15020261704921722,0.5411100387573242,0.6102848052978516,0.5801261067390442,0.6103072166442871
carrywith3.pt,184,3.066666666666667,0.8524408936500549,0.13960129022598267,0.8311616778373718,0.13539797067642212,0.25316327810287476,0.3861808776855469,0.31249183416366577,0.38618624210357666
carrywith3.pt,185,3.0833333333333335,0.819197952747345,0.14104454219341278,0.8001745343208313,0.1390661746263504,0.43217232823371887,0.5048847198486328,0.4007396697998047,0.5048835873603821
carrywith3.pt,186,3.1,0.8275884985923767,0.1264886111021042,0.8083140850067139,0.12516221404075623,0.42618632316589355,0.5220508575439453,0.41415834426879883,0.522061824798584
carrywith3.pt,187,3.1166666666666667,0.7968473434448242,0.11806941777467728,0.7766841053962708,0.11696560680866241,0.8357667922973633,0.9135246276855469,0.7439319491386414,0.9135072827339172
carrywith3.pt,188,3.1333333333333333,0.7896961569786072,0.09088817238807678,0.7741022109985352,0.091102734208107,1.002159595489502,1.036233901977539,0.8495423197746277,1.0362266302108765
carrywith3.pt,189,3.15,0.7724453806877136,0.07642356306314468,0.761953592300415,0.07709608972072601,1.0023565292358398,1.0251045227050781,0.8383586406707764,1.0251212120056152
carrywith3.pt,190,3.1666666666666665,0.739645779132843,0.06307270377874374,0.7343533635139465,0.06345613300800323,0.9138308763504028,0.9170722961425781,0.7678225040435791,0.9170864820480347
carrywith3.pt,191,3.183333333333333,0.7580182552337646,0.048024408519268036,0.754890501499176,0.04773100093007088,1.0263363122940063,1.0544586181640625,0.892814576625824,1.0544359683990479
carrywith3.pt,192,3.2,0.708748996257782,0.008290921337902546,0.7144080996513367,0.006489947438240051,1.5485771894454956,1.5343952178955078,1.353477954864502,1.5344074964523315
carrywith3.pt,193,3.216666666666667,0.6942169070243835,0.02421054057776928,0.7063432335853577,0.01992321014404297,1.2820401191711426,1.2382793426513672,1.1212188005447388,1.2382564544677734
carrywith3.pt,194,3.2333333333333334,0.7058069705963135,-0.00977330282330513,0.7207033634185791,-0.016054129227995872,1.3653379678726196,1.3443946838378906,1.2491860389709473,1.3444039821624756
carrywith3.pt,195,3.25,0.7303948402404785,-0.03346909210085869,0.7516809701919556,-0.04292900487780571,1.2686342000961304,1.2652873992919922,1.216972827911377,1.2652909755706787
carrywith3.pt,196,3.2666666666666666,0.7499870657920837,-0.029580160975456238,0.7779819369316101,-0.042055096477270126,1.0954258441925049,1.070709228515625,1.0220897197723389,1.0707131624221802
carrywith3.pt,197,3.283333333333333,0.7386561632156372,-0.07163888216018677,0.7698027491569519,-0.08636806905269623,1.1714229583740234,1.1093616485595703,1.049559473991394,1.1093673706054688
carrywith3.pt,198,3.3,0.7334250211715698,-0.06530223041772842,0.7695777416229248,-0.08378084003925323,0.9718445539474487,0.886688232421875,0.8578569293022156,0.8866751790046692
carrywith3.pt,199,3.316666666666667,0.765592098236084,-0.05797123908996582,0.8031505346298218,-0.07876057922840118,0.7225952744483948,0.6853008270263672,0.6749768853187561,0.685308039188385
carrywith3.pt,200,3.3333333333333335,0.7955393195152283,-0.07812809944152832,0.8352702856063843,-0.10088378190994263,0.4711170494556427,0.44823646545410156,0.4333532154560089,0.4482290744781494
carrywith3.pt,201,3.35,0.8246432542800903,-0.07881054282188416,0.8684831857681274,-0.10458309948444366,0.34545767307281494,0.3291606903076172,0.31453776359558105,0.3291632831096649
carrywith3.pt,202,3.3666666666666667,0.8383066058158875,-0.09937380999326706,0.8818719983100891,-0.1260553002357483,0.5038229823112488,0.49424171447753906,0.479169100522995,0.494253933429718
carrywith3.pt,203,3.3833333333333333,0.84498131275177,-0.10447753220796585,0.8900639414787292,-0.13292457163333893,0.5311916470527649,0.5043411254882812,0.49013787508010864,0.5043395161628723
carrywith3.pt,204,3.4,0.8753728270530701,-0.1035427451133728,0.9182897806167603,-0.13218176364898682,0.5341665744781494,0.5066013336181641,0.4955381155014038,0.5066031813621521
carrywith3.pt,205,3.4166666666666665,0.9106159210205078,-0.1141294315457344,0.9515869617462158,-0.14297384023666382,0.7183799743652344,0.6871318817138672,0.6921215653419495,0.687125563621521
carrywith3.pt,206,3.433333333333333,0.9458758234977722,-0.1188032403588295,0.9814527630805969,-0.14502838253974915,0.9095412492752075,0.8979606628417969,0.8922364115715027,0.8979517817497253
carrywith3.pt,207,3.45,0.978107750415802,-0.1376689225435257,1.0063153505325317,-0.1602354496717453,0.7432641983032227,0.7083320617675781,0.6829134225845337,0.7083377242088318
carrywith3.pt,208,3.466666666666667,0.9660426378250122,-0.15294012427330017,0.9861912131309509,-0.17177405953407288,0.7531082630157471,0.7086467742919922,0.676648736000061,0.7086328864097595
carrywith3.pt,209,3.4833333333333334,1.0186818838119507,-0.1773928999900818,1.030919075012207,-0.19234377145767212,0.33757880330085754,0.2823829650878906,0.25226491689682007,0.2823795974254608
carrywith3.pt,210,3.5,1.05194091796875,-0.14119699597358704,1.0559182167053223,-0.15025725960731506,0.2727729082107544,0.2465343475341797,0.2360205054283142,0.24656729400157928
carrywith3.pt,211,3.5166666666666666,1.084744930267334,-0.1539451777935028,1.0827546119689941,-0.15778705477714539,0.1045658141374588,0.10897636413574219,0.10316850244998932,0.10896710306406021
carrywith3.pt,212,3.533333333333333,1.0706374645233154,-0.138936385512352,1.0662702322006226,-0.1404559165239334,-0.2710208594799042,-0.25574684143066406,-0.25319361686706543,-0.2557561993598938
carrywith3.pt,213,3.55,1.062339425086975,-0.11455909162759781,1.0549440383911133,-0.11341413110494614,-0.4866069257259369,-0.4520702362060547,-0.43176257610321045,-0.45205551385879517
carrywith3.pt,214,3.566666666666667,1.0492420196533203,-0.1037227064371109,1.0401654243469238,-0.10188315808773041,-0.9038026332855225,-0.8563327789306641,-0.8406210541725159,-0.8563480973243713
carrywith3.pt,215,3.5833333333333335,1.0336159467697144,-0.13698402047157288,1.0240353345870972,-0.1357768476009369,-1.017885684967041,-0.9635353088378906,-0.9465183615684509,-0.9635443687438965
carrywith3.pt,216,3.6,0.9661242961883545,-0.11368490010499954,0.957267165184021,-0.11343369632959366,-0.6093735694885254,-0.5694007873535156,-0.564929723739624,-0.5693770051002502
carrywith3.pt,217,3.6166666666666667,0.9213875532150269,-0.11726216971874237,0.9136841297149658,-0.11799697577953339,-0.9437084197998047,-0.9300613403320312,-0.9296882152557373,-0.930056095123291
carrywith3.pt,218,3.6333333333333333,0.8716344237327576,-0.10056228935718536,0.8626720309257507,-0.10038204491138458,-0.809738278388977,-0.7741928100585938,-0.7659735679626465,-0.774215042591095
carrywith3.pt,219,3.65,0.8427354693412781,-0.08789168298244476,0.832655131816864,-0.08725056052207947,-0.6083824634552002,-0.6315708160400391,-0.6120292544364929,-0.6315634846687317
carrywith3.pt,220,3.6666666666666665,0.8822536468505859,-0.059662360697984695,0.8677211403846741,-0.056540291756391525,-0.30942320823669434,-0.23014068603515625,-0.20509707927703857,-0.23014363646507263
carrywith3.pt,221,3.683333333333333,0.8422718644142151,-0.01814633049070835,0.8257989883422852,-0.014659896492958069,-0.11855442076921463,-0.05742073059082031,-0.007106095086783171,-0.057423751801252365
carrywith3.pt,222,3.7,0.8503071069717407,-0.028171850368380547,0.8353449702262878,-0.02636881172657013,-0.3362904191017151,-0.29205322265625,-0.22478799521923065,-0.2920629680156708
carrywith3.pt,223,3.716666666666667,0.829087495803833,-0.008550195954740047,0.8108875751495361,-0.005917564034461975,-0.36604636907577515,-0.2990913391113281,-0.20249043405056,-0.2990878224372864
carrywith3.pt,224,3.7333333333333334,0.8257374167442322,-0.004848958924412727,0.806947648525238,-0.002924904227256775,-0.8320496082305908,-0.7883834838867188,-0.6327393651008606,-0.7883601784706116
carrywith3.pt,225,3.75,0.7719497084617615,0.00847647525370121,0.7580268979072571,0.008673146367073059,-0.8757270574569702,-0.8835983276367188,-0.7330506443977356,-0.8836009502410889
carrywith3.pt,226,3.7666666666666666,0.7811039686203003,0.014076214283704758,0.773058295249939,0.01322590559720993,-1.1064376831054688,-1.1292171478271484,-1.0096429586410522,-1.1292181015014648
carrywith3.pt,227,3.783333333333333,0.7990521192550659,0.01871049962937832,0.7896876931190491,0.018269870430231094,-1.226449966430664,-1.2176799774169922,-1.0725834369659424,-1.2176916599273682
carrywith3.pt,228,3.8,0.7965807318687439,0.048172470182180405,0.7943813800811768,0.04784780740737915,-1.023848056793213,-1.0058212280273438,-0.8889605402946472,-1.0058292150497437
carrywith3.pt,229,3.816666666666667,0.7330422401428223,0.04266461730003357,0.7401795387268066,0.04322462156414986,-1.1700878143310547,-1.228179931640625,-1.103929042816162,-1.2281497716903687
carrywith3.pt,230,3.8333333333333335,0.7842112183570862,0.061366260051727295,0.7960070967674255,0.06357675045728683,-1.2137292623519897,-1.2007713317871094,-1.091245412826538,-1.2007758617401123
carrywith3.pt,231,3.85,0.8146177530288696,0.10088707506656647,0.8355317711830139,0.10575637221336365,-0.9558823108673096,-0.9282875061035156,-0.8401556611061096,-0.9282801747322083
carrywith3.pt,232,3.8666666666666667,0.8231379985809326,0.08037780225276947,0.8518492579460144,0.0880608782172203,-0.8559954762458801,-0.7899856567382812,-0.7568473815917969,-0.7900100350379944
carrywith3.pt,233,3.8833333333333333,0.7889318466186523,0.0515008270740509,0.8268260359764099,0.06128264218568802,-0.597191572189331,-0.5551528930664062,-0.5582881569862366,-0.5551343560218811
carrywith3.pt,234,3.9,0.7937847971916199,0.11376465857028961,0.8359653949737549,0.12420639395713806,-0.3231443166732788,-0.30089378356933594,-0.3060583174228668,-0.3009074032306671
carrywith3.pt,235,3.9166666666666665,0.8339574337005615,0.11761065572500229,0.8863421678543091,0.12978743016719818,-0.5377619862556458,-0.4804515838623047,-0.47633349895477295,-0.48043400049209595
carrywith3.pt,236,3.933333333333333,0.8267869353294373,0.09225492924451828,0.8942380547523499,0.10690584778785706,-0.10228869318962097,-0.12971878051757812,-0.21854691207408905,-0.1297570765018463
carrywith3.pt,237,3.95,0.8509288430213928,0.10492482781410217,0.9222471714019775,0.11733998358249664,0.23346710205078125,0.24988174438476562,0.18742232024669647,0.24991005659103394
carrywith3.pt,238,3.966666666666667,0.8735053539276123,0.09007897973060608,0.9467048645019531,0.10059435665607452,-0.21481989324092865,-0.19672393798828125,-0.178274005651474,-0.19673651456832886
carrywith3.pt,239,3.9833333333333334,0.8716533780097961,0.12051503360271454,0.9477436542510986,0.1319691240787506,-0.12639233469963074,-0.09764671325683594,-0.056126151233911514,-0.09764981269836426
carrywith3.pt,240,4.0,0.854462742805481,0.10793779790401459,0.927159309387207,0.12027466297149658,0.02065739966928959,0.021543502807617188,0.06399037688970566,0.021567197516560555
carrywith3.pt,241,4.016666666666667,0.9102078676223755,0.09827398508787155,0.9787923097610474,0.11162333190441132,-0.710645854473114,-0.7780265808105469,-0.6956453919410706,-0.7780563235282898
carrywith3.pt,242,4.033333333333333,0.9414202570915222,0.12266547977924347,1.0027024745941162,0.1377183496952057,-0.8078084588050842,-0.9246253967285156,-0.8701691031455994,-0.924606442451477
carrywith3.pt,243,4.05,0.9626126289367676,0.1284455507993698,1.0116528272628784,0.14307370781898499,-0.660746693611145,-0.8152198791503906,-0.7213208675384521,-0.8152217268943787
carrywith3.pt,244,4.066666666666666,0.9738136529922485,0.15092146396636963,1.0105293989181519,0.1655801236629486,-0.5642790198326111,-0.7128524780273438,-0.5998013019561768,-0.7128508687019348
carrywith3.pt,245,4.083333333333333,1.0223076343536377,0.17969141900539398,1.0477885007858276,0.1942959874868393,-0.7160670161247253,-0.9083747863769531,-0.8143100738525391,-0.9083812832832336
carrywith3.pt,246,4.1,1.0490514039993286,0.1650007963180542,1.0643222332000732,0.17801067233085632,-0.5768659114837646,-0.7274150848388672,-0.6541348695755005,-0.7274157404899597
carrywith3.pt,247,4.116666666666666,1.0836944580078125,0.19179624319076538,1.0900559425354004,0.20197826623916626,-0.7975198030471802,-0.8564472198486328,-0.7550219297409058,-0.8564502000808716
carrywith3.pt,248,4.133333333333334,1.0909416675567627,0.1711447536945343,1.0939860343933105,0.180571511387825,-0.5559038519859314,-0.5865383148193359,-0.5180280804634094,-0.5865333676338196
carrywith3.pt,249,4.15,1.0824562311172485,0.2010273039340973,1.0829538106918335,0.20933124423027039,0.09448133409023285,0.08408546447753906,0.12839585542678833,0.08408810198307037
carrywith3.pt,250,4.166666666666667,1.078525185585022,0.20607887208461761,1.078329086303711,0.2141168713569641,0.5221192240715027,0.5134677886962891,0.5398273468017578,0.513473391532898
carrywith3.pt,251,4.183333333333334,1.0715196132659912,0.18407797813415527,1.0665004253387451,0.18768638372421265,0.3488006889820099,0.3734779357910156,0.3913887143135071,0.37347325682640076
carrywith3.pt,252,4.2,1.0085434913635254,0.17924922704696655,0.9984303116798401,0.17794117331504822,0.3555941581726074,0.47607421875,0.5072280764579773,0.4760759472846985
carrywith3.pt,253,4.216666666666667,0.9167249202728271,0.15138669312000275,0.9061496257781982,0.15024612843990326,0.08024448156356812,0.18236160278320312,0.22281745076179504,0.18234561383724213
carrywith3.pt,254,4.233333333333333,0.8119277954101562,0.11440341174602509,0.8027540445327759,0.11429271101951599,-0.019472524523735046,0.07018089294433594,0.11968410760164261,0.07018694281578064
carrywith3.pt,255,4.25,0.8741426467895508,0.09444937109947205,0.8640018105506897,0.09458816051483154,-0.20907407999038696,-0.1396465301513672,-0.12062095105648041,-0.13963773846626282
carrywith3.pt,256,4.266666666666667,0.8257764577865601,0.06493458896875381,0.8135575652122498,0.06332051753997803,0.3906988799571991,0.42151451110839844,0.41376203298568726,0.4215140640735626
carrywith3.pt,257,4.283333333333333,0.8625337481498718,0.04553197696805,0.8463497161865234,0.041212476789951324,0.04299747943878174,0.12133598327636719,0.06436628103256226,0.12132374197244644
carrywith3.pt,258,4.3,0.8281785845756531,0.058228008449077606,0.8098312020301819,0.05368637293577194,0.19599711894989014,0.2781200408935547,0.20028749108314514,0.2781273126602173
carrywith3.pt,259,4.316666666666666,0.7949180603027344,0.056940529495477676,0.7767102718353271,0.05371914058923721,0.21095675230026245,0.26009559631347656,0.15141357481479645,0.2600858807563782
carrywith3.pt,260,4.333333333333333,0.7934116721153259,0.012293479405343533,0.7734931111335754,0.008963875472545624,0.5687907338142395,0.6689357757568359,0.5240261554718018,0.668956995010376
carrywith3.pt,261,4.35,0.7868186235427856,0.0075381845235824585,0.7680177688598633,0.006092004477977753,0.6414834260940552,0.7338237762451172,0.568930447101593,0.7338060736656189
carrywith3.pt,262,4.366666666666666,0.7630642652511597,0.0009048809297382832,0.7496869564056396,0.0021554753184318542,0.8556899428367615,0.8913230895996094,0.7007256746292114,0.8913134336471558
carrywith3.pt,263,4.383333333333334,0.7310235500335693,-0.004179149400442839,0.7203103303909302,-0.0024112872779369354,1.01145601272583,1.0448169708251953,0.8751223683357239,1.0448194742202759
carrywith3.pt,264,4.4,0.6854631304740906,-0.03072218783199787,0.6829483509063721,-0.027661163359880447,1.3619258403778076,1.3041400909423828,1.0852175951004028,1.3041430711746216
carrywith3.pt,265,4.416666666666667,0.7053629159927368,-0.0842253714799881,0.7056013941764832,-0.08182494342327118,0.9680817127227783,0.9493446350097656,0.7491461634635925,0.9493509531021118
carrywith3.pt,266,4.433333333333334,0.6984696984291077,-0.07429435849189758,0.7085440158843994,-0.07234826683998108,1.194307804107666,1.1583995819091797,0.9711155891418457,1.1583881378173828
carrywith3.pt,267,4.45,0.7301931977272034,-0.08598506450653076,0.7424700856208801,-0.08584151417016983,0.6964930891990662,0.6791210174560547,0.539093017578125,0.6791317462921143
carrywith3.pt,268,4.466666666666667,0.7125675082206726,-0.08574704825878143,0.7331811785697937,-0.08754700422286987,1.205755591392517,1.2024593353271484,1.091556429862976,1.2024716138839722
carrywith3.pt,269,4.483333333333333,0.7270342707633972,-0.11774995177984238,0.7526045441627502,-0.12166835367679596,0.7320831418037415,0.7043838500976562,0.6363850831985474,0.7043871283531189
carrywith3.pt,270,4.5,0.7308167219161987,-0.1313847303390503,0.7640505433082581,-0.13746829330921173,0.6064437627792358,0.5405616760253906,0.5042757987976074,0.5405483245849609
carrywith3.pt,271,4.516666666666667,0.7680701613426208,-0.11346906423568726,0.8071354031562805,-0.12135925889015198,0.430142343044281,0.3993415832519531,0.3495177924633026,0.3993372917175293
carrywith3.pt,272,4.533333333333333,0.7399790287017822,-0.13978759944438934,0.7804674506187439,-0.14917230606079102,0.4187413156032562,0.36910057067871094,0.3490564823150635,0.3691032826900482
carrywith3.pt,273,4.55,0.7713956832885742,-0.11656279861927032,0.8168942332267761,-0.12764307856559753,0.3791264295578003,0.3214073181152344,0.2911313474178314,0.3214179277420044
carrywith3.pt,274,4.566666666666666,0.7954270243644714,-0.13746243715286255,0.8414695858955383,-0.14989149570465088,0.20940297842025757,0.16061782836914062,0.13254781067371368,0.16061624884605408
carrywith3.pt,275,4.583333333333333,0.8195357322692871,-0.14145708084106445,0.8694593906402588,-0.15601082146167755,0.2802039682865143,0.22527694702148438,0.20044726133346558,0.2252836674451828
carrywith3.pt,276,4.6,0.8448796272277832,-0.15914815664291382,0.8935458064079285,-0.17472806572914124,0.3074619472026825,0.2424144744873047,0.21019645035266876,0.24242112040519714
carrywith3.pt,277,4.616666666666666,0.8408336043357849,-0.18265947699546814,0.8852195143699646,-0.19872605800628662,0.34039437770843506,0.27191162109375,0.24922817945480347,0.2718978524208069
carrywith3.pt,278,4.633333333333334,0.8699142932891846,-0.18445423245429993,0.9122201204299927,-0.20138412714004517,0.856367826461792,0.7984828948974609,0.7544740438461304,0.7984784245491028
carrywith3.pt,279,4.65,0.9539867043495178,-0.19489838182926178,0.9952989816665649,-0.2142794132232666,0.7266851663589478,0.7296466827392578,0.6701030731201172,0.7296478152275085
carrywith3.pt,280,4.666666666666667,0.899560809135437,-0.11450932919979095,0.9315897822380066,-0.13236702978610992,-0.43771570920944214,-0.4591941833496094,-0.5110135078430176,-0.4592016339302063
carrywith3.pt,281,4.683333333333334,0.9247274398803711,-0.17211920022964478,0.9520235061645508,-0.1901014894247055,-0.38801437616348267,-0.42972564697265625,-0.5083479881286621,-0.42969322204589844
carrywith3.pt,282,4.7,0.9653677940368652,-0.20465980470180511,0.9860734343528748,-0.22243431210517883,0.18407127261161804,0.1290607452392578,0.05541857331991196,0.12901605665683746
carrywith3.pt,283,4.716666666666667,1.0120692253112793,-0.20889081060886383,1.0241856575012207,-0.22386156022548676,0.2630935311317444,0.2481365203857422,0.18363606929779053,0.24815034866333008
carrywith3.pt,284,4.733333333333333,1.0464295148849487,-0.2075001746416092,1.0530474185943604,-0.21984681487083435,-0.27370819449424744,-0.266876220703125,-0.3030295670032501,-0.26685625314712524
carrywith3.pt,285,4.75,1.0761839151382446,-0.18726897239685059,1.0802043676376343,-0.197942316532135,-0.11330664157867432,-0.10099411010742188,-0.13130679726600647,-0.10101824998855591
carrywith3.pt,286,4.766666666666667,1.0778379440307617,-0.19978155195713043,1.0804953575134277,-0.20963889360427856,-0.06227654218673706,-0.043888092041015625,-0.06578925997018814,-0.043858349323272705
carrywith3.pt,287,4.783333333333333,1.0464255809783936,-0.17257845401763916,1.047409176826477,-0.18063993752002716,-0.45371562242507935,-0.41301727294921875,-0.43307802081108093,-0.41301655769348145
carrywith3.pt,288,4.8,0.9896407127380371,-0.18622072041034698,0.9914147257804871,-0.19533726572990417,-0.4750876724720001,-0.4454612731933594,-0.4514564871788025,-0.44545337557792664
carrywith3.pt,289,4.816666666666666,1.026145100593567,-0.14798326790332794,1.0266517400741577,-0.15601316094398499,-0.3382503092288971,-0.24169921875,-0.2590351998806,-0.24173013865947723
carrywith3.pt,290,4.833333333333333,0.8825070858001709,-0.1928793042898178,0.8797341585159302,-0.19789116084575653,-0.6958225965499878,-0.5466556549072266,-0.5711879730224609,-0.5466486215591431
carrywith3.pt,291,4.85,0.8510114550590515,-0.13235068321228027,0.8446741700172424,-0.13503414392471313,-0.32669883966445923,-0.2680492401123047,-0.26479923725128174,-0.26806387305259705
carrywith3.pt,292,4.866666666666666,0.7928148508071899,-0.08979236334562302,0.785697340965271,-0.09166475385427475,0.14180439710617065,0.23059844970703125,0.25090956687927246,0.23061981797218323
carrywith3.pt,293,4.883333333333334,0.8253936767578125,-0.1248510554432869,0.8189481496810913,-0.12862753868103027,0.44102197885513306,0.5314064025878906,0.47925934195518494,0.5314099192619324
carrywith3.pt,294,4.9,0.8099166750907898,-0.09426809102296829,0.7986723780632019,-0.09459909796714783,0.15978501737117767,0.2551460266113281,0.24805870652198792,0.255135715007782
carrywith3.pt,295,4.916666666666667,0.8537917137145996,-0.07580118626356125,0.8300702571868896,-0.06822081655263901,0.4740825891494751,0.7311344146728516,0.706822395324707,0.7311312556266785
carrywith3.pt,296,4.933333333333334,0.7562019228935242,-0.07457336038351059,0.7382701635360718,-0.07255628705024719,-0.4063296318054199,-0.42022705078125,-0.284359335899353,-0.42023393511772156
carrywith3.pt,297,4.95,0.7671797871589661,-0.07399414479732513,0.741621196269989,-0.0683969110250473,-0.37636154890060425,-0.3222370147705078,-0.19724422693252563,-0.32221999764442444
carrywith3.pt,298,4.966666666666667,0.7525222301483154,-0.05438903719186783,0.7273650765419006,-0.05024174973368645,-0.7363903522491455,-0.6963443756103516,-0.5380154848098755,-0.696363091468811
carrywith3.pt,299,4.983333333333333,0.735434889793396,-0.05969489738345146,0.7103256583213806,-0.05671679973602295,-0.8761166334152222,-0.9018802642822266,-0.7055465579032898,-0.9018811583518982
carrywith3.pt,300,5.0,0.7492009997367859,-0.02711671218276024,0.7319045066833496,-0.027667662128806114,-1.1485384702682495,-1.1655807495117188,-0.9579909443855286,-1.1655861139297485
carrywith3.pt,301,5.016666666666667,0.70585036277771,-0.01174764335155487,0.6902838349342346,-0.012553294189274311,-1.3485684394836426,-1.4383506774902344,-1.2292712926864624,-1.4383465051651
carrywith3.pt,302,5.033333333333333,0.7150155305862427,0.023858264088630676,0.7048932313919067,0.02214905247092247,-1.2587970495224,-1.3873100280761719,-1.1792583465576172,-1.387276291847229
carrywith3.pt,303,5.05,0.678598165512085,0.02850542776286602,0.6763496398925781,0.02648269757628441,-1.0395100116729736,-1.1097908020019531,-0.9505472779273987,-1.1098014116287231
carrywith3.pt,304,5.066666666666666,0.6844438910484314,0.03539739176630974,0.6878249645233154,0.03369107097387314,-0.7753273844718933,-0.8417415618896484,-0.6821434497833252,-0.8417450189590454
carrywith3.pt,305,5.083333333333333,0.6872375011444092,0.05673910677433014,0.7009630799293518,0.05583108216524124,-1.109374761581421,-1.1621761322021484,-1.040509819984436,-1.1621934175491333
carrywith3.pt,306,5.1,0.7547494173049927,0.07994077354669571,0.7762508392333984,0.08042599260807037,-0.6408645510673523,-0.6849288940429688,-0.6093870997428894,-0.6849341988563538
carrywith3.pt,307,5.116666666666666,0.7006126642227173,0.09707450866699219,0.7334848642349243,0.09899868071079254,-0.5838862657546997,-0.6777191162109375,-0.6780383586883545,-0.6776803731918335
carrywith3.pt,308,5.133333333333334,0.6223453879356384,0.05320322886109352,0.6579479575157166,0.05517417564988136,-0.44437581300735474,-0.6267070770263672,-0.6174623966217041,-0.6267337203025818
carrywith3.pt,309,5.15,0.6502768993377686,0.057082533836364746,0.6914804577827454,0.05957389622926712,-1.0311912298202515,-1.105642318725586,-1.153151035308838,-1.1056561470031738
carrywith3.pt,310,5.166666666666667,0.7054157853126526,0.08985365927219391,0.7510846853256226,0.09141221642494202,-0.973650336265564,-0.945281982421875,-0.9461112022399902,-0.9452848434448242
carrywith3.pt,311,5.183333333333334,0.6633476614952087,0.08721647411584854,0.7084907293319702,0.08870262652635574,-0.366571307182312,-0.4593086242675781,-0.42390167713165283,-0.45929574966430664
carrywith3.pt,312,5.2,0.7189317345619202,0.13777251541614532,0.7694975733757019,0.14046511054039001,-0.4871950149536133,-0.5074882507324219,-0.5442902445793152,-0.5074760913848877
carrywith3.pt,313,5.216666666666667,0.8384954929351807,0.15887576341629028,0.8932322859764099,0.16066792607307434,-0.7340254187583923,-0.6548881530761719,-0.6004298329353333,-0.654896080493927
carrywith3.pt,314,5.233333333333333,0.7027648091316223,0.08798104524612427,0.7647802233695984,0.09162182360887527,0.49345365166664124,0.486602783203125,0.40280860662460327,0.48659777641296387
carrywith3.pt,315,5.25,0.970089316368103,0.1255054771900177,1.0370018482208252,0.12658588588237762,-2.2197165489196777,-2.3321056365966797,-2.3360331058502197,-2.332113742828369
carrywith3.pt,316,5.266666666666667,0.8071306347846985,0.11815647780895233,0.8661599159240723,0.11898314952850342,-0.6244285702705383,-0.7089900970458984,-0.7280610799789429,-0.708992600440979
carrywith3.pt,317,5.283333333333333,0.7776536345481873,0.19687776267528534,0.8251354098320007,0.19702664017677307,-0.6276431083679199,-0.7287311553955078,-0.661338210105896,-0.7287182807922363
carrywith3.pt,318,5.3,0.7872626185417175,0.20400673151016235,0.8311256170272827,0.20611339807510376,-0.5098286867141724,-0.6665897369384766,-0.5586296916007996,-0.6665938496589661
carrywith3.pt,319,5.316666666666666,0.8064329028129578,0.16574564576148987,0.8458854556083679,0.17097097635269165,-0.16483387351036072,-0.2985191345214844,-0.22799688577651978,-0.29853126406669617
carrywith3.pt,320,5.333333333333333,0.8820451498031616,0.19486317038536072,0.9175333976745605,0.20219749212265015,-0.473563551902771,-0.5711746215820312,-0.5426793098449707,-0.5711374878883362
carrywith3.pt,321,5.35,0.88153076171875,0.16191217303276062,0.9078561067581177,0.16874480247497559,-0.27001795172691345,-0.40363311767578125,-0.3291899263858795,-0.4036601781845093
carrywith3.pt,322,5.366666666666666,0.8837538957595825,0.16621963679790497,0.9067002534866333,0.17484870553016663,-0.2862914800643921,-0.40363311767578125,-0.3291899263858795,-0.8486393094062805
